"VteID";"DtVte";"Canal";"StatutCde";"ProdID";"Qt";"TxRem";"MttBrutTTC";"MttTTcNet";"CstLigne";"MagID";"VndID";"CustNo"
"V000001";"01-01-2024";"Magasin";"livree";"P0009";"2";"0,00";"1010,00";"1010,00";"594,34";"M20";"V48";"C0192"
"V000002";"01-01-2024";"MAGASIN";"EnCours";"P0020";"4";"0,00";"1540,00";"1540,00";"871,88";"M03";"V06";"C0018"
"V000003";"01-01-2024";"Web";"Livree";"P0010";"2";"5,00";"1910,00";"1814,50";"1025,88";"M02";"V04";"C0139"
"V000004";"01-01-2024";"WEB";"EnCours";"P0008";"2";"0,00";"990,00";"990,00";"487,52";"M12";"V26";"C0118"
"V000005";"01-01-2024";"Magasin";"Livree";"P0003";"1";"0,00";"710,00";"710,00";"395,33";"M05";"V10";"C0060"
"V000006";"01-01-2024";"Magasin";"LIVREE";"P0002";"2";"0,00";"1400,00";"1400,00";"705,52";"M18";"V44";"C0217"
"V000007";"01-01-2024";"magasin";"Livree";"P0024";"1";"5,00";"770,00";"731,50";"465,89";"M05";"V10";"C0013"
"V000008";"01-01-2024";"Magasin";"LIVREE";"P0061";"2";"0,00";"280,00";"280,00";"150,94";"M12";"V27";"C0100"
"V000009";"01-01-2024";"Magasin";"LIVREE";"P0021";"1";"0,00";"410,00";"410,00";"189,41";"M13";"V30";"C0169"
"V000010";"01-01-2024";"Magasin";"LIVREE";"P0007";"2";"5,00";"1910,00";"1814,50";"886,30";"M04";"V08";"C0148"
"V000011";"01-01-2024";"web";"Livree";"P0015";"3";"5,00";"1650,00";"1567,50";"917,25";"M16";"V39";"C0099"
"V000012";"01-01-2024";"Web";"livree";"P0017";"2";"10,00";"900,00";"810,00";"513,66";"M20";"V50";"C0087"
"V000013";"01-01-2024";"Web";"Livree";"P0013";"2";"0,00";"1500,00";"1500,00";"676,36";"M17";"V40";"C0098"
"V000014";"01-01-2024";"magasin";"Livree";"P0007";"1";"0,00";"955,00";"955,00";"443,15";"M09";"V19";"C0214"
"V000015";"01-01-2024";"magasin";"Livree";"P0056";"1";"0,00";"25,00";"25,00";"12,15";"M09";"V18";"C0031"
"V000016";"01-01-2024";"Magasin";"Livree";"P0051";"1";"5,00";"155,00";"147,25";"77,85";"M11";"V23";"C0183"
"V000017";"01-01-2024";"magasin";"Annulee";"P0053";"2";"0,00";"310,00";"310,00";"166,02";"M20";"V48";"C0124"
"V000018";"01-01-2024";"Magasin";"LIVREE";"P0059";"1";"0,00";"40,00";"40,00";"19,23";"M16";"V37";"C0186"
"V000019";"01-01-2024";"Web";"Livree";"P0057";"1";"0,00";"20,00";"20,00";"10,89";"M02";"V04";"C0003"
"V000020";"01-01-2024";"magasin";"livree";"P0010";"1";"5,00";"955,00";"907,25";"512,94";"M07";"V15";"C0001"
"V000021";"02-01-2024";"magasin";"encours";"P0056";"1";"0,00";"25,00";"25,00";"12,15";"M06";"V13";"C0192"
"V000022";"02-01-2024";"Magasin";"Livree";"P0063";"2";"5,00";"210,00";"199,50";"116,42";"M22";"V53";"C0069"
"V000023";"02-01-2024";"Magasin";"livree";"P0001";"2";"0,00";"2110,00";"2110,00";"1255,28";"M03";"V07";"C0219"
"V000024";"02-01-2024";"Magasin";"LIVREE";"P0059";"1";"5,00";"40,00";"38,00";"19,23";"M03";"V06";"C0120"
"V000025";"02-01-2024";"Magasin";"Livree";"P0003";"2";"0,00";"1420,00";"1420,00";"790,66";"M02";"V05";"C0154"
"V000026";"02-01-2024";"Magasin";"encours";"P0002";"2";"0,00";"1400,00";"1400,00";"705,52";"M14";"V32";"C0049"
"V000027";"02-01-2024";"MAGASIN";"Livree";"P0001";"1";"0,00";"1055,00";"1055,00";"627,64";"M19";"V46";"C0195"
"V000028";"02-01-2024";"MAGASIN";"EnCours";"P0063";"3";"0,00";"315,00";"315,00";"174,63";"M24";"V57";"C0146"
"V000029";"02-01-2024";"Magasin";"LIVREE";"P0005";"3";"10,00";"975,00";"877,50";"446,13";"M20";"V50";"C0168"
"V000030";"02-01-2024";"web";"LIVREE";"P0027";"1";"0,00";"220,00";"220,00";"106,66";"M11";"V23";"C0108"
"V000031";"02-01-2024";"Magasin";"Livree";"P0054";"1";"0,00";"160,00";"160,00";"77,44";"M20";"V48";"C0053"
"V000032";"02-01-2024";"Magasin";"Livree";"P0063";"2";"0,00";"210,00";"210,00";"116,42";"M17";"V40";"C0149"
"V000033";"02-01-2024";"Magasin";"Livree";"P0031";"1";"0,00";"150,00";"150,00";"92,24";"M18";"V44";"C0196"
"V000034";"02-01-2024";"Magasin";"livree";"P0023";"3";"0,00";"2100,00";"2100,00";"1213,71";"M07";"V14";"C0207"
"V000035";"02-01-2024";"Magasin";"LIVREE";"P0063";"2";"10,00";"210,00";"189,00";"116,42";"M08";"V16";"C0091"
"V000036";"02-01-2024";"magasin";"LIVREE";"P0001";"1";"0,00";"1055,00";"1055,00";"627,64";"M09";"V18";"C0103"
"V000037";"03-01-2024";"web";"EnCours";"P0020";"3";"5,00";"1155,00";"1097,25";"653,91";"M09";"V19";"C0099"
"V000038";"03-01-2024";"Magasin";"Livree";"P0039";"3";"0,00";"4455,00";"4455,00";"2020,53";"M06";"V12";"C0157"
"V000039";"03-01-2024";"Magasin";"Annulee";"P0025";"2";"0,00";"110,00";"110,00";"64,74";"M04";"V08";"C0082"
"V000040";"03-01-2024";"Web";"EnCours";"P0003";"4";"0,00";"2840,00";"2840,00";"1581,32";"M15";"V35";"C0097"
"V000041";"03-01-2024";"MAGASIN";"EnCours";"P0023";"1";"0,00";"700,00";"700,00";"404,57";"M21";"V52";"C0157"
"V000042";"03-01-2024";"Web";"LIVREE";"P0023";"1";"0,00";"700,00";"700,00";"404,57";"M23";"V56";"C0197"
"V000043";"03-01-2024";"MAGASIN";"LIVREE";"P0011";"1";"0,00";"1150,00";"1150,00";"671,97";"M17";"V42";"C0147"
"V000044";"03-01-2024";"web";"Livree";"P0063";"2";"0,00";"210,00";"210,00";"116,42";"M16";"V38";"C0142"
"V000045";"03-01-2024";"Magasin";"EnCours";"P0057";"2";"0,00";"40,00";"40,00";"21,78";"M19";"V46";"C0053"
"V000046";"03-01-2024";"Magasin";"EnCours";"P0022";"1";"5,00";"430,00";"408,50";"205,70";"M09";"V18";"C0151"
"V000047";"03-01-2024";"Magasin";"livree";"P0024";"1";"0,00";"770,00";"770,00";"465,89";"M16";"V38";"C0053"
"V000048";"03-01-2024";"Magasin";"LIVREE";"P0003";"3";"0,00";"2130,00";"2130,00";"1185,99";"M12";"V27";"C0187"
"V000049";"03-01-2024";"Magasin";"Livree";"P0013";"2";"0,00";"1500,00";"1500,00";"676,36";"M04";"V09";"C0155"
"V000050";"03-01-2024";"magasin";"Livree";"P0029";"1";"0,00";"285,00";"285,00";"169,00";"M04";"V09";"C0150"
"V000051";"03-01-2024";"Magasin";"LIVREE";"P0030";"2";"5,00";"530,00";"503,50";"251,98";"M02";"V05";"C0161"
"V000052";"03-01-2024";"Magasin";"Livree";"P0022";"3";"10,00";"1290,00";"1161,00";"617,10";"M22";"V54";"C0108"
"V000053";"04-01-2024";"Magasin";"Livree";"P0037";"2";"0,00";"460,00";"460,00";"231,90";"M02";"V05";"C0027"
"V000054";"04-01-2024";"MAGASIN";"Livree";"P0017";"3";"10,00";"1350,00";"1215,00";"770,49";"M04";"V08";"C0136"
"V000055";"04-01-2024";"Magasin";"Livree";"P0003";"1";"0,00";"710,00";"710,00";"395,33";"M19";"V45";"C0068"
"V000056";"04-01-2024";"MAGASIN";"Annulee";"P0064";"1";"5,00";"70,00";"66,50";"35,86";"M15";"V36";"C0161"
"V000057";"04-01-2024";"magasin";"Livree";"P0051";"1";"5,00";"155,00";"147,25";"77,85";"M03";"V06";"C0119"
"V000058";"04-01-2024";"Web";"livree";"P0061";"3";"5,00";"420,00";"399,00";"226,41";"M08";"V17";"C0103"
"V000059";"04-01-2024";"MAGASIN";"Livree";"P0024";"1";"0,00";"770,00";"770,00";"465,89";"M24";"V57";"C0011"
"V000060";"04-01-2024";"magasin";"Livree";"P0047";"2";"0,00";"3330,00";"3330,00";"2008,14";"M14";"V32";"C0080"
"V000061";"04-01-2024";"Magasin";"livree";"P0015";"2";"0,00";"1100,00";"1100,00";"611,50";"M01";"V03";"C0131"
"V000062";"04-01-2024";"Magasin";"LIVREE";"P0024";"1";"0,00";"770,00";"770,00";"465,89";"M14";"V32";"C0114"
"V000063";"05-01-2024";"Web";"Livree";"P0050";"2";"0,00";"460,00";"460,00";"231,66";"M08";"V17";"C0212"
"V000064";"05-01-2024";"Web";"LIVREE";"P0064";"1";"0,00";"70,00";"70,00";"35,86";"M08";"V17";"C0017"
"V000065";"05-01-2024";"web";"livree";"P0022";"3";"0,00";"1290,00";"1290,00";"617,10";"M15";"V35";"C0082"
"V000066";"05-01-2024";"Magasin";"Livree";"P0014";"1";"0,00";"635,00";"635,00";"333,47";"M10";"V22";"C0038"
"V000067";"05-01-2024";"magasin";"encours";"P0023";"1";"5,00";"700,00";"665,00";"404,57";"M21";"V52";"C0132"
"V000068";"05-01-2024";"web";"LIVREE";"P0060";"1";"0,00";"40,00";"40,00";"20,46";"M14";"V32";"C0053"
"V000069";"05-01-2024";"Magasin";"Livree";"P0011";"2";"10,00";"2300,00";"2070,00";"1343,94";"M08";"V16";"C0157"
"V000070";"05-01-2024";"Magasin";"LIVREE";"P0001";"2";"0,00";"2110,00";"2110,00";"1255,28";"M09";"V19";"C0209"
"V000071";"05-01-2024";"web";"livree";"P0016";"1";"0,00";"385,00";"385,00";"178,74";"M22";"V53";"C0180"
"V000072";"05-01-2024";"Magasin";"LIVREE";"P0015";"2";"0,00";"1100,00";"1100,00";"611,50";"M01";"V03";"C0084"
"V000073";"06-01-2024";"magasin";"Livree";"P0011";"1";"0,00";"1150,00";"1150,00";"671,97";"M24";"V58";"C0063"
"V000074";"06-01-2024";"Magasin";"EnCours";"P0010";"1";"0,00";"955,00";"955,00";"512,94";"M12";"V27";"C0052"
"V000075";"06-01-2024";"MAGASIN";"LIVREE";"P0058";"3";"0,00";"195,00";"195,00";"93,93";"M24";"V57";"C0195"
"V000076";"06-01-2024";"Web";"Livree";"P0051";"2";"5,00";"310,00";"294,50";"155,70";"M21";"V51";"C0116"
"V000077";"06-01-2024";"Web";"LIVREE";"P0049";"1";"0,00";"1770,00";"1770,00";"798,07";"M16";"V38";"C0042"
"V000078";"06-01-2024";"magasin";"Livree";"P0002";"1";"0,00";"700,00";"700,00";"352,76";"M08";"V16";"C0048"
"V000079";"06-01-2024";"magasin";"livree";"P0019";"2";"0,00";"1070,00";"1070,00";"614,96";"M01";"V03";"C0181"
"V000080";"06-01-2024";"MAGASIN";"Annulee";"P0021";"1";"5,00";"410,00";"389,50";"189,41";"M23";"V56";"C0004"
"V000081";"06-01-2024";"WEB";"LIVREE";"P0010";"2";"0,00";"1910,00";"1910,00";"1025,88";"M22";"V54";"C0037"
"V000082";"06-01-2024";"WEB";"Livree";"P0019";"1";"0,00";"535,00";"535,00";"307,48";"M04";"V08";"C0116"
"V000083";"06-01-2024";"Magasin";"Livree";"P0013";"2";"0,00";"1500,00";"1500,00";"676,36";"M14";"V33";"C0063"
"V000084";"06-01-2024";"Magasin";"livree";"P0056";"1";"5,00";"25,00";"23,75";"12,15";"M23";"V55";"C0205"
"V000085";"06-01-2024";"Magasin";"Livree";"P0002";"1";"0,00";"700,00";"700,00";"352,76";"M14";"V32";"C0024"
"V000086";"07-01-2024";"MAGASIN";"LIVREE";"P0001";"2";"5,00";"2110,00";"2004,50";"1255,28";"M16";"V38";"C0024"
"V000087";"07-01-2024";"WEB";"livree";"P0002";"1";"0,00";"700,00";"700,00";"352,76";"M21";"V52";"C0102"
"V000088";"07-01-2024";"Magasin";"Livree";"P0052";"1";"0,00";"135,00";"135,00";"72,51";"M14";"V33";"C0014"
"V000089";"07-01-2024";"magasin";"livree";"P0056";"1";"0,00";"25,00";"25,00";"12,15";"M21";"V51";"C0005"
"V000090";"07-01-2024";"web";"LIVREE";"P0058";"1";"0,00";"65,00";"65,00";"31,31";"M15";"V35";"C0037"
"V000091";"07-01-2024";"Magasin";"Livree";"P0018";"2";"0,00";"1730,00";"1730,00";"882,22";"M17";"V42";"C0028"
"V000092";"07-01-2024";"Magasin";"Livree";"P0007";"1";"0,00";"955,00";"955,00";"443,15";"M07";"V14";"C0178"
"V000093";"07-01-2024";"Web";"Livree";"P0030";"2";"0,00";"530,00";"530,00";"251,98";"M25";"V60";"C0173"
"V000094";"07-01-2024";"magasin";"encours";"P0063";"3";"10,00";"315,00";"283,50";"174,63";"M09";"V19";"C0013"
"V000095";"07-01-2024";"Magasin";"Livree";"P0063";"1";"0,00";"105,00";"105,00";"58,21";"M16";"V37";"C0211"
"V000096";"08-01-2024";"MAGASIN";"livree";"P0010";"2";"0,00";"1910,00";"1910,00";"1025,88";"M13";"V29";"C0156"
"V000097";"08-01-2024";"Magasin";"LIVREE";"P0007";"1";"0,00";"955,00";"955,00";"443,15";"M09";"V18";"C0076"
"V000098";"08-01-2024";"Magasin";"Livree";"P0016";"3";"0,00";"1155,00";"1155,00";"536,22";"M01";"V02";"C0191"
"V000099";"08-01-2024";"web";"LIVREE";"P0024";"2";"0,00";"1540,00";"1540,00";"931,78";"M06";"V12";"C0103"
"V000100";"08-01-2024";"WEB";"Livree";"P0009";"3";"0,00";"1515,00";"1515,00";"891,51";"M15";"V34";"C0023"
"V000101";"08-01-2024";"web";"livree";"P0009";"1";"5,00";"505,00";"479,75";"297,17";"M15";"V34";"C0079"
"V000102";"08-01-2024";"web";"LIVREE";"P0024";"1";"0,00";"770,00";"770,00";"465,89";"M07";"V14";"C0055"
"V000103";"08-01-2024";"Magasin";"livree";"P0016";"1";"0,00";"385,00";"385,00";"178,74";"M14";"V32";"C0048"
"V000104";"08-01-2024";"MAGASIN";"LIVREE";"P0021";"3";"0,00";"1230,00";"1230,00";"568,23";"M13";"V31";"C0040"
"V000105";"08-01-2024";"Magasin";"EnCours";"P0013";"1";"5,00";"750,00";"712,50";"338,18";"M03";"V07";"C0122"
"V000106";"08-01-2024";"Magasin";"Annulee";"P0043";"4";"10,00";"8920,00";"8028,00";"4795,88";"M15";"V36";"C0188"
"V000107";"08-01-2024";"web";"LIVREE";"P0064";"1";"0,00";"70,00";"70,00";"35,86";"M17";"V42";"C0196"
"V000108";"08-01-2024";"magasin";"Livree";"P0042";"1";"0,00";"2045,00";"2045,00";"1236,64";"M12";"V28";"C0103"
"V000109";"08-01-2024";"Magasin";"LIVREE";"P0003";"2";"0,00";"1420,00";"1420,00";"790,66";"M23";"V56";"C0095"
"V000110";"09-01-2024";"Magasin";"livree";"P0019";"2";"0,00";"1070,00";"1070,00";"614,96";"M11";"V23";"C0162"
"V000111";"09-01-2024";"Web";"Livree";"P0054";"1";"0,00";"160,00";"160,00";"77,44";"M14";"V33";"C0089"
"V000112";"09-01-2024";"Magasin";"Livree";"P0003";"1";"0,00";"710,00";"710,00";"395,33";"M25";"V60";"C0213"
"V000113";"09-01-2024";"Magasin";"Livree";"P0004";"1";"5,00";"960,00";"912,00";"561,87";"M04";"V08";"C0194"
"V000114";"09-01-2024";"Magasin";"Livree";"P0023";"2";"0,00";"1400,00";"1400,00";"809,14";"M04";"V09";"C0212"
"V000115";"09-01-2024";"Magasin";"Livree";"P0008";"3";"0,00";"1485,00";"1485,00";"731,28";"M23";"V56";"C0117"
"V000116";"09-01-2024";"web";"LIVREE";"P0015";"3";"0,00";"1650,00";"1650,00";"917,25";"M13";"V29";"C0012"
"V000117";"09-01-2024";"Magasin";"LIVREE";"P0047";"1";"5,00";"1665,00";"1581,75";"1004,07";"M16";"V37";"C0078"
"V000118";"09-01-2024";"Magasin";"Livree";"P0054";"1";"0,00";"160,00";"160,00";"77,44";"M24";"V58";"C0194"
"V000119";"09-01-2024";"WEB";"encours";"P0033";"1";"0,00";"50,00";"50,00";"22,73";"M01";"V01";"C0038"
"V000120";"09-01-2024";"Magasin";"Livree";"P0064";"2";"10,00";"140,00";"126,00";"71,72";"M01";"V01";"C0103"
"V000121";"09-01-2024";"Magasin";"LIVREE";"P0020";"1";"5,00";"385,00";"365,75";"217,97";"M19";"V46";"C0059"
"V000122";"10-01-2024";"magasin";"livree";"P0023";"3";"5,00";"2100,00";"1995,00";"1213,71";"M18";"V43";"C0038"
"V000123";"10-01-2024";"magasin";"LIVREE";"P0011";"1";"0,00";"1150,00";"1150,00";"671,97";"M17";"V41";"C0163"
"V000124";"10-01-2024";"magasin";"LIVREE";"P0024";"2";"0,00";"1540,00";"1540,00";"931,78";"M17";"V40";"C0189"
"V000125";"10-01-2024";"Magasin";"LIVREE";"P0060";"1";"0,00";"40,00";"40,00";"20,46";"M08";"V16";"C0023"
"V000126";"10-01-2024";"Magasin";"Livree";"P0015";"1";"0,00";"550,00";"550,00";"305,75";"M02";"V04";"C0192"
"V000127";"10-01-2024";"MAGASIN";"LIVREE";"P0050";"3";"0,00";"690,00";"690,00";"347,49";"M06";"V12";"C0178"
"V000128";"10-01-2024";"Magasin";"Livree";"P0001";"1";"0,00";"1055,00";"1055,00";"627,64";"M20";"V49";"C0131"
"V000129";"10-01-2024";"Magasin";"Livree";"P0004";"2";"0,00";"1920,00";"1920,00";"1123,74";"M04";"V09";"C0210"
"V000130";"10-01-2024";"MAGASIN";"LIVREE";"P0052";"2";"10,00";"270,00";"243,00";"145,02";"M16";"V38";"C0149"
"V000131";"10-01-2024";"WEB";"Livree";"P0031";"1";"0,00";"150,00";"150,00";"92,24";"M06";"V13";"C0066"
"V000132";"10-01-2024";"MAGASIN";"encours";"P0018";"3";"5,00";"2595,00";"2465,25";"1323,33";"M01";"V01";"C0047"
"V000133";"10-01-2024";"Magasin";"LIVREE";"P0043";"1";"0,00";"2230,00";"2230,00";"1198,97";"M18";"V44";"C0143"
"V000134";"10-01-2024";"Magasin";"LIVREE";"P0005";"1";"0,00";"325,00";"325,00";"148,71";"M11";"V25";"C0100"
"V000135";"10-01-2024";"Web";"Livree";"P0061";"3";"0,00";"420,00";"420,00";"226,41";"M06";"V13";"C0103"
"V000136";"10-01-2024";"Magasin";"livree";"P0012";"1";"0,00";"1010,00";"1010,00";"588,54";"M14";"V32";"C0033"
"V000137";"10-01-2024";"Web";"Annulee";"P0017";"1";"0,00";"450,00";"450,00";"256,83";"M01";"V03";"C0195"
"V000138";"11-01-2024";"Magasin";"Annulee";"P0018";"1";"0,00";"865,00";"865,00";"441,11";"M16";"V39";"C0175"
"V000139";"11-01-2024";"Web";"livree";"P0064";"3";"0,00";"210,00";"210,00";"107,58";"M09";"V19";"C0067"
"V000140";"11-01-2024";"magasin";"Annulee";"P0020";"1";"0,00";"385,00";"385,00";"217,97";"M19";"V45";"C0095"
"V000141";"11-01-2024";"Magasin";"livree";"P0015";"1";"0,00";"550,00";"550,00";"305,75";"M01";"V02";"C0121"
"V000142";"11-01-2024";"Magasin";"Livree";"P0020";"2";"0,00";"770,00";"770,00";"435,94";"M05";"V11";"C0161"
"V000143";"11-01-2024";"magasin";"Livree";"P0021";"2";"0,00";"820,00";"820,00";"378,82";"M21";"V52";"C0064"
"V000144";"11-01-2024";"web";"LIVREE";"P0060";"2";"0,00";"80,00";"80,00";"40,92";"M25";"V60";"C0084"
"V000145";"11-01-2024";"Web";"Livree";"P0041";"1";"0,00";"2225,00";"2225,00";"1348,70";"M12";"V26";"C0196"
"V000146";"11-01-2024";"MAGASIN";"Livree";"P0056";"2";"0,00";"50,00";"50,00";"24,30";"M18";"V43";"C0191"
"V000147";"11-01-2024";"Magasin";"Livree";"P0023";"1";"5,00";"700,00";"665,00";"404,57";"M23";"V56";"C0115"
"V000148";"11-01-2024";"Magasin";"Livree";"P0043";"2";"0,00";"4460,00";"4460,00";"2397,94";"M07";"V14";"C0059"
"V000149";"11-01-2024";"Magasin";"Livree";"P0057";"1";"0,00";"20,00";"20,00";"10,89";"M10";"V22";"C0005"
"V000150";"11-01-2024";"magasin";"LIVREE";"P0052";"3";"5,00";"405,00";"384,75";"217,53";"M09";"V18";"C0193"
"V000151";"11-01-2024";"MAGASIN";"LIVREE";"P0045";"1";"0,00";"325,00";"325,00";"149,19";"M11";"V23";"C0196"
"V000152";"11-01-2024";"magasin";"livree";"P0008";"1";"0,00";"495,00";"495,00";"243,76";"M17";"V40";"C0030"
"V000153";"11-01-2024";"Web";"Annulee";"P0055";"2";"0,00";"80,00";"80,00";"38,42";"M12";"V26";"C0028"
"V000154";"11-01-2024";"magasin";"Livree";"P0008";"3";"0,00";"1485,00";"1485,00";"731,28";"M05";"V11";"C0083"
"V000155";"12-01-2024";"MAGASIN";"Annulee";"P0053";"1";"0,00";"155,00";"155,00";"83,01";"M05";"V10";"C0097"
"V000156";"12-01-2024";"Magasin";"Livree";"P0054";"2";"0,00";"320,00";"320,00";"154,88";"M24";"V57";"C0067"
"V000157";"12-01-2024";"magasin";"LIVREE";"P0012";"1";"5,00";"1010,00";"959,50";"588,54";"M22";"V54";"C0021"
"V000158";"12-01-2024";"magasin";"EnCours";"P0035";"2";"0,00";"340,00";"340,00";"183,96";"M11";"V24";"C0044"
"V000159";"12-01-2024";"WEB";"Livree";"P0061";"1";"5,00";"140,00";"133,00";"75,47";"M14";"V32";"C0199"
"V000160";"12-01-2024";"Magasin";"Livree";"P0041";"1";"0,00";"2225,00";"2225,00";"1348,70";"M12";"V27";"C0043"
"V000161";"12-01-2024";"Magasin";"LIVREE";"P0053";"4";"0,00";"620,00";"620,00";"332,04";"M24";"V58";"C0098"
"V000162";"12-01-2024";"magasin";"livree";"P0022";"1";"5,00";"430,00";"408,50";"205,70";"M23";"V56";"C0067"
"V000163";"12-01-2024";"magasin";"Livree";"P0051";"1";"0,00";"155,00";"155,00";"77,85";"M01";"V02";"C0131"
"V000164";"12-01-2024";"Web";"EnCours";"P0042";"4";"0,00";"8180,00";"8180,00";"4946,56";"M22";"V53";"C0203"
"V000165";"12-01-2024";"magasin";"Livree";"P0043";"1";"0,00";"2230,00";"2230,00";"1198,97";"M08";"V17";"C0173"
"V000166";"12-01-2024";"Magasin";"livree";"P0024";"2";"0,00";"1540,00";"1540,00";"931,78";"M25";"V59";"C0088"
"V000167";"12-01-2024";"WEB";"Livree";"P0003";"1";"0,00";"710,00";"710,00";"395,33";"M18";"V43";"C0039"
"V000168";"12-01-2024";"Magasin";"Livree";"P0059";"2";"0,00";"80,00";"80,00";"38,46";"M10";"V20";"C0024"
"V000169";"12-01-2024";"Magasin";"encours";"P0056";"1";"0,00";"25,00";"25,00";"12,15";"M24";"V58";"C0175"
"V000170";"12-01-2024";"Magasin";"livree";"P0012";"3";"5,00";"3030,00";"2878,50";"1765,62";"M11";"V23";"C0153"
"V000171";"12-01-2024";"MAGASIN";"LIVREE";"P0006";"1";"0,00";"1075,00";"1075,00";"657,19";"M18";"V43";"C0027"
"V000172";"12-01-2024";"Magasin";"Livree";"P0002";"1";"5,00";"700,00";"665,00";"352,76";"M24";"V58";"C0204"
"V000173";"12-01-2024";"MAGASIN";"LIVREE";"P0017";"3";"5,00";"1350,00";"1282,50";"770,49";"M15";"V36";"C0133"
"V000174";"12-01-2024";"Web";"LIVREE";"P0047";"3";"0,00";"4995,00";"4995,00";"3012,21";"M01";"V01";"C0019"
"V000175";"13-01-2024";"Magasin";"Livree";"P0002";"1";"0,00";"700,00";"700,00";"352,76";"M08";"V17";"C0215"
"V000176";"13-01-2024";"Magasin";"Livree";"P0060";"1";"5,00";"40,00";"38,00";"20,46";"M23";"V55";"C0062"
"V000177";"13-01-2024";"WEB";"LIVREE";"P0045";"1";"5,00";"325,00";"308,75";"149,19";"M22";"V54";"C0190"
"V000178";"13-01-2024";"Magasin";"Annulee";"P0054";"2";"0,00";"320,00";"320,00";"154,88";"M20";"V49";"C0115"
"V000179";"13-01-2024";"web";"Livree";"P0002";"1";"0,00";"700,00";"700,00";"352,76";"M20";"V48";"C0084"
"V000180";"13-01-2024";"magasin";"Livree";"P0003";"1";"0,00";"710,00";"710,00";"395,33";"M20";"V50";"C0077"
"V000181";"13-01-2024";"Magasin";"Livree";"P0058";"1";"0,00";"65,00";"65,00";"31,31";"M17";"V41";"C0061"
"V000182";"13-01-2024";"Web";"Livree";"P0019";"1";"10,00";"535,00";"481,50";"307,48";"M10";"V20";"C0163"
"V000183";"13-01-2024";"Magasin";"livree";"P0063";"2";"5,00";"210,00";"199,50";"116,42";"M01";"V03";"C0166"
"V000184";"13-01-2024";"Magasin";"LIVREE";"P0059";"2";"0,00";"80,00";"80,00";"38,46";"M25";"V59";"C0023"
"V000185";"13-01-2024";"Magasin";"livree";"P0008";"3";"0,00";"1485,00";"1485,00";"731,28";"M22";"V53";"C0187"
"V000186";"14-01-2024";"MAGASIN";"LIVREE";"P0060";"1";"0,00";"40,00";"40,00";"20,46";"M10";"V21";"C0161"
"V000187";"14-01-2024";"WEB";"Livree";"P0053";"2";"0,00";"310,00";"310,00";"166,02";"M01";"V03";"C0039"
"V000188";"14-01-2024";"web";"LIVREE";"P0014";"2";"0,00";"1270,00";"1270,00";"666,94";"M02";"V04";"C0202"
"V000189";"14-01-2024";"WEB";"livree";"P0007";"1";"5,00";"955,00";"907,25";"443,15";"M24";"V58";"C0153"
"V000190";"14-01-2024";"Magasin";"livree";"P0002";"1";"0,00";"700,00";"700,00";"352,76";"M05";"V11";"C0187"
"V000191";"14-01-2024";"magasin";"LIVREE";"P0050";"2";"0,00";"460,00";"460,00";"231,66";"M09";"V19";"C0033"
"V000192";"14-01-2024";"MAGASIN";"Livree";"P0013";"2";"10,00";"1500,00";"1350,00";"676,36";"M05";"V11";"C0036"
"V000193";"14-01-2024";"magasin";"livree";"P0016";"2";"5,00";"770,00";"731,50";"357,48";"M23";"V56";"C0045"
"V000194";"14-01-2024";"MAGASIN";"Livree";"P0058";"2";"5,00";"130,00";"123,50";"62,62";"M18";"V43";"C0085"
"V000195";"14-01-2024";"magasin";"livree";"P0007";"1";"0,00";"955,00";"955,00";"443,15";"M14";"V32";"C0078"
"V000196";"14-01-2024";"Magasin";"Annulee";"P0013";"1";"0,00";"750,00";"750,00";"338,18";"M02";"V05";"C0120"
"V000197";"14-01-2024";"Magasin";"LIVREE";"P0008";"1";"0,00";"495,00";"495,00";"243,76";"M06";"V12";"C0079"
"V000198";"15-01-2024";"magasin";"Livree";"P0056";"2";"0,00";"50,00";"50,00";"24,30";"M02";"V05";"C0098"
"V000199";"15-01-2024";"WEB";"LIVREE";"P0061";"1";"0,00";"140,00";"140,00";"75,47";"M20";"V48";"C0099"
"V000200";"15-01-2024";"WEB";"Livree";"P0060";"3";"0,00";"120,00";"120,00";"61,38";"M11";"V24";"C0097"
"V000201";"15-01-2024";"Magasin";"Livree";"P0016";"1";"5,00";"385,00";"365,75";"178,74";"M09";"V18";"C0177"
"V000202";"15-01-2024";"Magasin";"Livree";"P0055";"2";"0,00";"80,00";"80,00";"38,42";"M07";"V15";"C0166"
"V000203";"15-01-2024";"MAGASIN";"LIVREE";"P0060";"3";"0,00";"120,00";"120,00";"61,38";"M04";"V08";"C0203"
"V000204";"15-01-2024";"Magasin";"livree";"P0018";"1";"0,00";"865,00";"865,00";"441,11";"M04";"V08";"C0063"
"V000205";"15-01-2024";"Magasin";"Livree";"P0064";"1";"10,00";"70,00";"63,00";"35,86";"M03";"V06";"C0110"
"V000206";"16-01-2024";"WEB";"Livree";"P0024";"2";"0,00";"1540,00";"1540,00";"931,78";"M08";"V16";"C0043"
"V000207";"16-01-2024";"Web";"Livree";"P0010";"3";"0,00";"2865,00";"2865,00";"1538,82";"M02";"V04";"C0121"
"V000208";"16-01-2024";"web";"Livree";"P0012";"2";"0,00";"2020,00";"2020,00";"1177,08";"M23";"V55";"C0153"
"V000209";"16-01-2024";"Magasin";"LIVREE";"P0010";"3";"0,00";"2865,00";"2865,00";"1538,82";"M06";"V13";"C0202"
"V000210";"16-01-2024";"Magasin";"Livree";"P0021";"1";"0,00";"410,00";"410,00";"189,41";"M14";"V33";"C0199"
"V000211";"16-01-2024";"MAGASIN";"Annulee";"P0038";"1";"0,00";"230,00";"230,00";"119,32";"M17";"V42";"C0033"
"V000212";"16-01-2024";"magasin";"Livree";"P0011";"2";"0,00";"2300,00";"2300,00";"1343,94";"M21";"V51";"C0006"
"V000213";"16-01-2024";"Magasin";"livree";"P0056";"1";"0,00";"25,00";"25,00";"12,15";"M22";"V53";"C0045"
"V000214";"16-01-2024";"MAGASIN";"LIVREE";"P0003";"1";"0,00";"710,00";"710,00";"395,33";"M04";"V09";"C0086"
"V000215";"16-01-2024";"MAGASIN";"livree";"P0002";"2";"0,00";"1400,00";"1400,00";"705,52";"M10";"V22";"C0215"
"V000216";"16-01-2024";"Web";"Livree";"P0023";"2";"10,00";"1400,00";"1260,00";"809,14";"M08";"V16";"C0002"
"V000217";"16-01-2024";"Magasin";"Livree";"P0020";"1";"0,00";"385,00";"385,00";"217,97";"M05";"V11";"C0036"
"V000218";"17-01-2024";"magasin";"livree";"P0057";"1";"10,00";"20,00";"18,00";"10,89";"M01";"V03";"C0177"
"V000219";"17-01-2024";"Magasin";"Livree";"P0062";"3";"0,00";"390,00";"390,00";"198,39";"M01";"V02";"C0093"
"V000220";"17-01-2024";"MAGASIN";"LIVREE";"P0060";"1";"0,00";"40,00";"40,00";"20,46";"M09";"V18";"C0008"
"V000221";"17-01-2024";"WEB";"EnCours";"P0060";"1";"10,00";"40,00";"36,00";"20,46";"M07";"V15";"C0091"
"V000222";"17-01-2024";"Magasin";"Livree";"P0005";"2";"0,00";"650,00";"650,00";"297,42";"M22";"V53";"C0106"
"V000223";"17-01-2024";"Magasin";"livree";"P0052";"2";"0,00";"270,00";"270,00";"145,02";"M14";"V32";"C0017"
"V000224";"17-01-2024";"Magasin";"LIVREE";"P0017";"4";"5,00";"1800,00";"1710,00";"1027,32";"M20";"V50";"C0204"
"V000225";"17-01-2024";"Web";"livree";"P0055";"2";"5,00";"80,00";"76,00";"38,42";"M01";"V01";"C0097"
"V000226";"17-01-2024";"Magasin";"Livree";"P0053";"1";"10,00";"155,00";"139,50";"83,01";"M09";"V19";"C0019"
"V000227";"17-01-2024";"MAGASIN";"Livree";"P0020";"1";"0,00";"385,00";"385,00";"217,97";"M07";"V15";"C0195"
"V000228";"17-01-2024";"MAGASIN";"LIVREE";"P0051";"2";"5,00";"310,00";"294,50";"155,70";"M20";"V49";"C0088"
"V000229";"17-01-2024";"magasin";"Livree";"P0064";"1";"0,00";"70,00";"70,00";"35,86";"M14";"V32";"C0030"
"V000230";"17-01-2024";"MAGASIN";"Livree";"P0022";"2";"5,00";"860,00";"817,00";"411,40";"M21";"V52";"C0063"
"V000231";"18-01-2024";"magasin";"Livree";"P0061";"2";"0,00";"280,00";"280,00";"150,94";"M13";"V30";"C0159"
"V000232";"18-01-2024";"MAGASIN";"Annulee";"P0061";"3";"0,00";"420,00";"420,00";"226,41";"M11";"V24";"C0116"
"V000233";"18-01-2024";"Web";"Livree";"P0056";"2";"0,00";"50,00";"50,00";"24,30";"M25";"V59";"C0079"
"V000234";"18-01-2024";"Web";"Livree";"P0013";"2";"0,00";"1500,00";"1500,00";"676,36";"M17";"V42";"C0088"
"V000235";"18-01-2024";"MAGASIN";"Livree";"P0058";"1";"5,00";"65,00";"61,75";"31,31";"M04";"V09";"C0099"
"V000236";"18-01-2024";"Web";"LIVREE";"P0016";"2";"0,00";"770,00";"770,00";"357,48";"M15";"V36";"C0112"
"V000237";"18-01-2024";"MAGASIN";"Livree";"P0016";"1";"10,00";"385,00";"346,50";"178,74";"M08";"V16";"C0025"
"V000238";"18-01-2024";"Magasin";"Livree";"P0024";"1";"5,00";"770,00";"731,50";"465,89";"M10";"V22";"C0028"
"V000239";"18-01-2024";"MAGASIN";"Livree";"P0018";"1";"0,00";"865,00";"865,00";"441,11";"M22";"V54";"C0133"
"V000240";"18-01-2024";"MAGASIN";"LIVREE";"P0047";"1";"0,00";"1665,00";"1665,00";"1004,07";"M25";"V59";"C0185"
"V000241";"18-01-2024";"Magasin";"Livree";"P0063";"3";"0,00";"315,00";"315,00";"174,63";"M09";"V18";"C0214"
"V000242";"18-01-2024";"magasin";"Livree";"P0063";"1";"0,00";"105,00";"105,00";"58,21";"M25";"V60";"C0171"
"V000243";"18-01-2024";"Magasin";"LIVREE";"P0060";"1";"0,00";"40,00";"40,00";"20,46";"M23";"V55";"C0133"
"V000244";"18-01-2024";"Magasin";"livree";"P0016";"3";"0,00";"1155,00";"1155,00";"536,22";"M16";"V39";"C0103"
"V000245";"19-01-2024";"WEB";"Livree";"P0009";"1";"0,00";"505,00";"505,00";"297,17";"M11";"V24";"C0085"
"V000246";"19-01-2024";"Magasin";"Livree";"P0060";"2";"0,00";"80,00";"80,00";"40,92";"M11";"V25";"C0177"
"V000247";"19-01-2024";"Web";"Livree";"P0062";"1";"0,00";"130,00";"130,00";"66,13";"M08";"V16";"C0120"
"V000248";"19-01-2024";"Web";"LIVREE";"P0052";"2";"5,00";"270,00";"256,50";"145,02";"M05";"V10";"C0095"
"V000249";"19-01-2024";"Web";"EnCours";"P0019";"2";"10,00";"1070,00";"963,00";"614,96";"M19";"V46";"C0078"
"V000250";"19-01-2024";"Magasin";"LIVREE";"P0061";"1";"5,00";"140,00";"133,00";"75,47";"M06";"V12";"C0041"
"V000251";"19-01-2024";"Web";"Livree";"P0055";"2";"5,00";"80,00";"76,00";"38,42";"M16";"V38";"C0118"
"V000252";"19-01-2024";"web";"LIVREE";"P0062";"3";"10,00";"390,00";"351,00";"198,39";"M14";"V32";"C0033"
"V000253";"19-01-2024";"WEB";"livree";"P0022";"2";"0,00";"860,00";"860,00";"411,40";"M12";"V26";"C0218"
"V000254";"19-01-2024";"Magasin";"Livree";"P0010";"1";"0,00";"955,00";"955,00";"512,94";"M08";"V16";"C0005"
"V000255";"19-01-2024";"magasin";"Annulee";"P0011";"4";"5,00";"4600,00";"4370,00";"2687,88";"M02";"V05";"C0152"
"V000256";"19-01-2024";"Web";"livree";"P0029";"1";"0,00";"285,00";"285,00";"169,00";"M03";"V07";"C0054"
"V000257";"19-01-2024";"magasin";"Livree";"P0051";"3";"0,00";"465,00";"465,00";"233,55";"M09";"V19";"C0059"
"V000258";"19-01-2024";"WEB";"Livree";"P0055";"2";"0,00";"80,00";"80,00";"38,42";"M19";"V45";"C0049"
"V000259";"19-01-2024";"Magasin";"livree";"P0052";"1";"0,00";"135,00";"135,00";"72,51";"M25";"V60";"C0171"
"V000260";"19-01-2024";"Magasin";"LIVREE";"P0055";"1";"0,00";"40,00";"40,00";"19,21";"M07";"V15";"C0204"
"V000261";"19-01-2024";"Web";"LIVREE";"P0023";"2";"0,00";"1400,00";"1400,00";"809,14";"M09";"V18";"C0038"
"V000262";"19-01-2024";"Magasin";"Livree";"P0014";"1";"5,00";"635,00";"603,25";"333,47";"M02";"V05";"C0085"
"V000263";"19-01-2024";"Magasin";"LIVREE";"P0059";"4";"0,00";"160,00";"160,00";"76,92";"M18";"V43";"C0076"
"V000264";"19-01-2024";"Magasin";"Livree";"P0042";"2";"0,00";"4090,00";"4090,00";"2473,28";"M14";"V32";"C0210"
"V000265";"19-01-2024";"web";"LIVREE";"P0063";"2";"0,00";"210,00";"210,00";"116,42";"M23";"V56";"C0019"
"V000266";"19-01-2024";"WEB";"Livree";"P0023";"1";"5,00";"700,00";"665,00";"404,57";"M11";"V25";"C0078"
"V000267";"20-01-2024";"Magasin";"EnCours";"P0015";"1";"5,00";"550,00";"522,50";"305,75";"M10";"V22";"C0128"
"V000268";"20-01-2024";"Magasin";"LIVREE";"P0041";"2";"0,00";"4450,00";"4450,00";"2697,40";"M18";"V44";"C0072"
"V000269";"20-01-2024";"MAGASIN";"Annulee";"P0013";"1";"0,00";"750,00";"750,00";"338,18";"M23";"V55";"C0188"
"V000270";"20-01-2024";"Web";"Livree";"P0054";"1";"0,00";"160,00";"160,00";"77,44";"M24";"V57";"C0041"
"V000271";"20-01-2024";"Magasin";"livree";"P0023";"2";"5,00";"1400,00";"1330,00";"809,14";"M12";"V28";"C0135"
"V000272";"20-01-2024";"MAGASIN";"livree";"P0048";"1";"0,00";"1760,00";"1760,00";"945,76";"M03";"V07";"C0183"
"V000273";"20-01-2024";"magasin";"Livree";"P0057";"2";"0,00";"40,00";"40,00";"21,78";"M06";"V12";"C0059"
"V000274";"20-01-2024";"Magasin";"Livree";"P0012";"1";"5,00";"1010,00";"959,50";"588,54";"M04";"V09";"C0017"
"V000275";"20-01-2024";"MAGASIN";"Annulee";"P0027";"3";"10,00";"660,00";"594,00";"319,98";"M15";"V34";"C0194"
"V000276";"20-01-2024";"WEB";"Livree";"P0057";"1";"5,00";"20,00";"19,00";"10,89";"M20";"V49";"C0091"
"V000277";"20-01-2024";"Magasin";"LIVREE";"P0056";"1";"0,00";"25,00";"25,00";"12,15";"M10";"V20";"C0211"
"V000278";"20-01-2024";"Web";"Livree";"P0008";"1";"10,00";"495,00";"445,50";"243,76";"M05";"V10";"C0120"
"V000279";"20-01-2024";"Web";"Livree";"P0012";"1";"0,00";"1010,00";"1010,00";"588,54";"M07";"V14";"C0165"
"V000280";"20-01-2024";"magasin";"LIVREE";"P0058";"1";"0,00";"65,00";"65,00";"31,31";"M06";"V12";"C0028"
"V000281";"20-01-2024";"magasin";"LIVREE";"P0038";"2";"0,00";"460,00";"460,00";"238,64";"M08";"V17";"C0131"
"V000282";"21-01-2024";"Web";"Livree";"P0057";"2";"0,00";"40,00";"40,00";"21,78";"M03";"V07";"C0190"
"V000283";"21-01-2024";"Magasin";"Livree";"P0014";"3";"0,00";"1905,00";"1905,00";"1000,41";"M24";"V57";"C0091"
"V000284";"21-01-2024";"Magasin";"Livree";"P0058";"1";"5,00";"65,00";"61,75";"31,31";"M22";"V53";"C0031"
"V000285";"21-01-2024";"Magasin";"Livree";"P0002";"2";"0,00";"1400,00";"1400,00";"705,52";"M04";"V08";"C0212"
"V000286";"21-01-2024";"MAGASIN";"livree";"P0001";"1";"0,00";"1055,00";"1055,00";"627,64";"M24";"V57";"C0010"
"V000287";"21-01-2024";"WEB";"Livree";"P0020";"3";"0,00";"1155,00";"1155,00";"653,91";"M23";"V56";"C0077"
"V000288";"21-01-2024";"Web";"LIVREE";"P0052";"2";"10,00";"270,00";"243,00";"145,02";"M14";"V32";"C0014"
"V000289";"21-01-2024";"MAGASIN";"Livree";"P0003";"2";"0,00";"1420,00";"1420,00";"790,66";"M07";"V14";"C0197"
"V000290";"21-01-2024";"Web";"LIVREE";"P0031";"1";"5,00";"150,00";"142,50";"92,24";"M17";"V41";"C0030"
"V000291";"21-01-2024";"WEB";"Livree";"P0012";"1";"5,00";"1010,00";"959,50";"588,54";"M15";"V35";"C0207"
"V000292";"21-01-2024";"magasin";"Livree";"P0012";"1";"10,00";"1010,00";"909,00";"588,54";"M12";"V26";"C0133"
"V000293";"22-01-2024";"web";"LIVREE";"P0001";"1";"0,00";"1055,00";"1055,00";"627,64";"M23";"V55";"C0188"
"V000294";"22-01-2024";"Magasin";"Livree";"P0009";"2";"0,00";"1010,00";"1010,00";"594,34";"M19";"V47";"C0140"
"V000295";"22-01-2024";"Magasin";"livree";"P0060";"1";"0,00";"40,00";"40,00";"20,46";"M18";"V43";"C0215"
"V000296";"22-01-2024";"Web";"EnCours";"P0018";"2";"5,00";"1730,00";"1643,50";"882,22";"M16";"V39";"C0079"
"V000297";"22-01-2024";"Magasin";"Livree";"P0062";"2";"0,00";"260,00";"260,00";"132,26";"M22";"V53";"C0058"
"V000298";"22-01-2024";"WEB";"LIVREE";"P0008";"3";"0,00";"1485,00";"1485,00";"731,28";"M11";"V23";"C0091"
"V000299";"22-01-2024";"Magasin";"Livree";"P0064";"1";"0,00";"70,00";"70,00";"35,86";"M12";"V27";"C0028"
"V000300";"22-01-2024";"web";"LIVREE";"P0013";"2";"0,00";"1500,00";"1500,00";"676,36";"M02";"V05";"C0061"
"V000301";"22-01-2024";"Magasin";"livree";"P0017";"1";"10,00";"450,00";"405,00";"256,83";"M25";"V60";"C0173"
"V000302";"22-01-2024";"magasin";"EnCours";"P0010";"2";"0,00";"1910,00";"1910,00";"1025,88";"M18";"V43";"C0096"
"V000303";"22-01-2024";"magasin";"livree";"P0060";"1";"0,00";"40,00";"40,00";"20,46";"M07";"V15";"C0023"
"V000304";"22-01-2024";"Magasin";"Livree";"P0014";"1";"0,00";"635,00";"635,00";"333,47";"M16";"V38";"C0097"
"V000305";"22-01-2024";"magasin";"LIVREE";"P0021";"1";"5,00";"410,00";"389,50";"189,41";"M24";"V57";"C0105"
"V000306";"22-01-2024";"Magasin";"Livree";"P0005";"1";"0,00";"325,00";"325,00";"148,71";"M20";"V50";"C0078"
"V000307";"23-01-2024";"MAGASIN";"Livree";"P0063";"4";"5,00";"420,00";"399,00";"232,84";"M24";"V58";"C0192"
"V000308";"23-01-2024";"Magasin";"LIVREE";"P0045";"2";"0,00";"650,00";"650,00";"298,38";"M06";"V13";"C0148"
"V000309";"23-01-2024";"magasin";"livree";"P0020";"2";"0,00";"770,00";"770,00";"435,94";"M08";"V17";"C0173"
"V000310";"23-01-2024";"Magasin";"Annulee";"P0042";"1";"10,00";"2045,00";"1840,50";"1236,64";"M13";"V29";"C0186"
"V000311";"23-01-2024";"Magasin";"Annulee";"P0055";"3";"0,00";"120,00";"120,00";"57,63";"M08";"V16";"C0023"
"V000312";"23-01-2024";"MAGASIN";"Livree";"P0059";"1";"0,00";"40,00";"40,00";"19,23";"M18";"V44";"C0036"
"V000313";"23-01-2024";"MAGASIN";"Livree";"P0007";"1";"0,00";"955,00";"955,00";"443,15";"M22";"V54";"C0116"
"V000314";"23-01-2024";"Web";"Livree";"P0005";"3";"0,00";"975,00";"975,00";"446,13";"M12";"V26";"C0183"
"V000315";"24-01-2024";"Magasin";"livree";"P0047";"4";"0,00";"6660,00";"6660,00";"4016,28";"M22";"V54";"C0069"
"V000316";"24-01-2024";"Magasin";"LIVREE";"P0021";"3";"0,00";"1230,00";"1230,00";"568,23";"M13";"V30";"C0211"
"V000317";"24-01-2024";"WEB";"LIVREE";"P0009";"1";"0,00";"505,00";"505,00";"297,17";"M25";"V59";"C0194"
"V000318";"24-01-2024";"magasin";"Livree";"P0053";"2";"5,00";"310,00";"294,50";"166,02";"M25";"V59";"C0016"
"V000319";"24-01-2024";"Web";"LIVREE";"P0003";"1";"0,00";"710,00";"710,00";"395,33";"M05";"V11";"C0050"
"V000320";"24-01-2024";"WEB";"Livree";"P0011";"1";"5,00";"1150,00";"1092,50";"671,97";"M05";"V10";"C0111"
"V000321";"24-01-2024";"WEB";"encours";"P0052";"2";"0,00";"270,00";"270,00";"145,02";"M14";"V32";"C0177"
"V000322";"24-01-2024";"web";"Livree";"P0034";"1";"5,00";"200,00";"190,00";"118,44";"M04";"V08";"C0018"
"V000323";"24-01-2024";"WEB";"LIVREE";"P0024";"1";"0,00";"770,00";"770,00";"465,89";"M22";"V54";"C0052"
"V000324";"24-01-2024";"Magasin";"Livree";"P0060";"2";"0,00";"80,00";"80,00";"40,92";"M11";"V25";"C0093"
"V000325";"24-01-2024";"web";"Livree";"P0002";"1";"5,00";"700,00";"665,00";"352,76";"M04";"V09";"C0106"
"V000326";"24-01-2024";"Magasin";"LIVREE";"P0011";"1";"0,00";"1150,00";"1150,00";"671,97";"M20";"V48";"C0026"
"V000327";"24-01-2024";"Magasin";"LIVREE";"P0013";"2";"0,00";"1500,00";"1500,00";"676,36";"M23";"V56";"C0044"
"V000328";"24-01-2024";"Magasin";"Livree";"P0005";"1";"0,00";"325,00";"325,00";"148,71";"M08";"V17";"C0216"
"V000329";"24-01-2024";"Magasin";"Livree";"P0011";"2";"10,00";"2300,00";"2070,00";"1343,94";"M20";"V48";"C0205"
"V000330";"25-01-2024";"MAGASIN";"Livree";"P0051";"1";"5,00";"155,00";"147,25";"77,85";"M18";"V43";"C0203"
"V000331";"25-01-2024";"MAGASIN";"Livree";"P0063";"1";"0,00";"105,00";"105,00";"58,21";"M14";"V32";"C0031"
"V000332";"25-01-2024";"MAGASIN";"livree";"P0021";"1";"0,00";"410,00";"410,00";"189,41";"M23";"V55";"C0151"
"V000333";"25-01-2024";"MAGASIN";"Livree";"P0002";"1";"0,00";"700,00";"700,00";"352,76";"M13";"V31";"C0031"
"V000334";"25-01-2024";"Magasin";"livree";"P0046";"1";"10,00";"1035,00";"931,50";"615,36";"M23";"V56";"C0111"
"V000335";"25-01-2024";"Magasin";"Livree";"P0016";"2";"0,00";"770,00";"770,00";"357,48";"M09";"V19";"C0127"
"V000336";"25-01-2024";"Web";"livree";"P0021";"1";"10,00";"410,00";"369,00";"189,41";"M19";"V47";"C0175"
"V000337";"25-01-2024";"Web";"Livree";"P0018";"2";"0,00";"1730,00";"1730,00";"882,22";"M23";"V56";"C0131"
"V000338";"25-01-2024";"Web";"EnCours";"P0013";"1";"5,00";"750,00";"712,50";"338,18";"M09";"V18";"C0012"
"V000339";"25-01-2024";"magasin";"LIVREE";"P0063";"3";"5,00";"315,00";"299,25";"174,63";"M22";"V54";"C0153"
"V000340";"25-01-2024";"Magasin";"Livree";"P0019";"1";"0,00";"535,00";"535,00";"307,48";"M10";"V21";"C0053"
"V000341";"25-01-2024";"Magasin";"LIVREE";"P0033";"2";"0,00";"100,00";"100,00";"45,46";"M14";"V33";"C0079"
"V000342";"25-01-2024";"Magasin";"EnCours";"P0014";"2";"0,00";"1270,00";"1270,00";"666,94";"M14";"V32";"C0048"
"V000343";"25-01-2024";"Web";"livree";"P0063";"1";"0,00";"105,00";"105,00";"58,21";"M20";"V50";"C0065"
"V000344";"25-01-2024";"magasin";"LIVREE";"P0011";"2";"0,00";"2300,00";"2300,00";"1343,94";"M16";"V37";"C0096"
"V000345";"25-01-2024";"MAGASIN";"LIVREE";"P0056";"1";"0,00";"25,00";"25,00";"12,15";"M25";"V59";"C0076"
"V000346";"25-01-2024";"Magasin";"Livree";"P0018";"3";"5,00";"2595,00";"2465,25";"1323,33";"M05";"V10";"C0030"
"V000347";"25-01-2024";"magasin";"Livree";"P0011";"1";"0,00";"1150,00";"1150,00";"671,97";"M04";"V09";"C0136"
"V000348";"25-01-2024";"MAGASIN";"Annulee";"P0016";"2";"0,00";"770,00";"770,00";"357,48";"M23";"V56";"C0049"
"V000349";"26-01-2024";"WEB";"LIVREE";"P0062";"4";"10,00";"520,00";"468,00";"264,52";"M12";"V27";"C0039"
"V000350";"26-01-2024";"MAGASIN";"LIVREE";"P0007";"3";"5,00";"2865,00";"2721,75";"1329,45";"M20";"V49";"C0027"
"V000351";"26-01-2024";"MAGASIN";"Annulee";"P0012";"3";"0,00";"3030,00";"3030,00";"1765,62";"M12";"V27";"C0003"
"V000352";"26-01-2024";"WEB";"encours";"P0016";"1";"0,00";"385,00";"385,00";"178,74";"M24";"V58";"C0021"
"V000353";"26-01-2024";"magasin";"Annulee";"P0064";"1";"0,00";"70,00";"70,00";"35,86";"M07";"V14";"C0162"
"V000354";"26-01-2024";"Magasin";"Livree";"P0010";"1";"0,00";"955,00";"955,00";"512,94";"M14";"V33";"C0001"
"V000355";"26-01-2024";"magasin";"livree";"P0058";"1";"0,00";"65,00";"65,00";"31,31";"M11";"V23";"C0132"
"V000356";"26-01-2024";"Magasin";"Livree";"P0062";"1";"0,00";"130,00";"130,00";"66,13";"M02";"V05";"C0056"
"V000357";"26-01-2024";"magasin";"Livree";"P0060";"1";"0,00";"40,00";"40,00";"20,46";"M04";"V08";"C0129"
"V000358";"26-01-2024";"MAGASIN";"Livree";"P0016";"1";"0,00";"385,00";"385,00";"178,74";"M21";"V52";"C0090"
"V000359";"26-01-2024";"Magasin";"Livree";"P0037";"1";"0,00";"230,00";"230,00";"115,95";"M06";"V12";"C0022"
"V000360";"27-01-2024";"Magasin";"LIVREE";"P0014";"2";"10,00";"1270,00";"1143,00";"666,94";"M12";"V28";"C0010"
"V000361";"27-01-2024";"MAGASIN";"Livree";"P0007";"1";"0,00";"955,00";"955,00";"443,15";"M05";"V11";"C0026"
"V000362";"27-01-2024";"Magasin";"Livree";"P0049";"3";"0,00";"5310,00";"5310,00";"2394,21";"M12";"V27";"C0169"
"V000363";"27-01-2024";"MAGASIN";"LIVREE";"P0010";"2";"0,00";"1910,00";"1910,00";"1025,88";"M06";"V13";"C0198"
"V000364";"27-01-2024";"Magasin";"LIVREE";"P0033";"4";"5,00";"200,00";"190,00";"90,92";"M07";"V15";"C0010"
"V000365";"27-01-2024";"Magasin";"Livree";"P0045";"1";"0,00";"325,00";"325,00";"149,19";"M18";"V43";"C0035"
"V000366";"27-01-2024";"Magasin";"LIVREE";"P0051";"1";"0,00";"155,00";"155,00";"77,85";"M05";"V11";"C0002"
"V000367";"27-01-2024";"Magasin";"Livree";"P0004";"3";"5,00";"2880,00";"2736,00";"1685,61";"M09";"V18";"C0100"
"V000368";"27-01-2024";"magasin";"Livree";"P0040";"1";"0,00";"1910,00";"1910,00";"1038,92";"M06";"V12";"C0145"
"V000369";"27-01-2024";"Web";"Livree";"P0056";"1";"0,00";"25,00";"25,00";"12,15";"M03";"V07";"C0150"
"V000370";"28-01-2024";"magasin";"Livree";"P0023";"1";"5,00";"700,00";"665,00";"404,57";"M17";"V40";"C0213"
"V000371";"28-01-2024";"MAGASIN";"EnCours";"P0005";"1";"0,00";"325,00";"325,00";"148,71";"M09";"V19";"C0147"
"V000372";"28-01-2024";"MAGASIN";"livree";"P0008";"2";"0,00";"990,00";"990,00";"487,52";"M12";"V26";"C0074"
"V000373";"28-01-2024";"Web";"Livree";"P0003";"2";"0,00";"1420,00";"1420,00";"790,66";"M07";"V14";"C0126"
"V000374";"28-01-2024";"Magasin";"Livree";"P0005";"1";"0,00";"325,00";"325,00";"148,71";"M05";"V11";"C0067"
"V000375";"28-01-2024";"web";"Livree";"P0013";"1";"5,00";"750,00";"712,50";"338,18";"M22";"V53";"C0180"
"V000376";"28-01-2024";"magasin";"LIVREE";"P0010";"1";"0,00";"955,00";"955,00";"512,94";"M03";"V07";"C0156"
"V000377";"28-01-2024";"Magasin";"EnCours";"P0045";"1";"0,00";"325,00";"325,00";"149,19";"M07";"V14";"C0012"
"V000378";"28-01-2024";"MAGASIN";"Annulee";"P0063";"1";"5,00";"105,00";"99,75";"58,21";"M03";"V07";"C0068"
"V000379";"28-01-2024";"Magasin";"Livree";"P0010";"4";"0,00";"3820,00";"3820,00";"2051,76";"M14";"V33";"C0094"
"V000380";"28-01-2024";"magasin";"livree";"P0007";"1";"0,00";"955,00";"955,00";"443,15";"M07";"V14";"C0118"
"V000381";"28-01-2024";"WEB";"LIVREE";"P0012";"1";"0,00";"1010,00";"1010,00";"588,54";"M18";"V43";"C0060"
"V000382";"28-01-2024";"Magasin";"Livree";"P0064";"4";"0,00";"280,00";"280,00";"143,44";"M17";"V40";"C0004"
"V000383";"28-01-2024";"Magasin";"LIVREE";"P0012";"3";"0,00";"3030,00";"3030,00";"1765,62";"M17";"V41";"C0125"
"V000384";"28-01-2024";"Magasin";"Livree";"P0006";"2";"5,00";"2150,00";"2042,50";"1314,38";"M06";"V13";"C0191"
"V000385";"28-01-2024";"Magasin";"Livree";"P0010";"3";"0,00";"2865,00";"2865,00";"1538,82";"M05";"V10";"C0150"
"V000386";"28-01-2024";"Magasin";"Livree";"P0026";"1";"0,00";"275,00";"275,00";"137,45";"M11";"V25";"C0170"
"V000387";"28-01-2024";"Web";"Livree";"P0016";"2";"0,00";"770,00";"770,00";"357,48";"M19";"V46";"C0004"
"V000388";"28-01-2024";"WEB";"LIVREE";"P0012";"1";"0,00";"1010,00";"1010,00";"588,54";"M07";"V15";"C0118"
"V000389";"28-01-2024";"MAGASIN";"LIVREE";"P0006";"1";"0,00";"1075,00";"1075,00";"657,19";"M13";"V30";"C0109"
"V000390";"29-01-2024";"magasin";"Livree";"P0015";"2";"0,00";"1100,00";"1100,00";"611,50";"M17";"V41";"C0154"
"V000391";"29-01-2024";"Web";"livree";"P0017";"3";"0,00";"1350,00";"1350,00";"770,49";"M22";"V53";"C0175"
"V000392";"29-01-2024";"MAGASIN";"livree";"P0026";"1";"0,00";"275,00";"275,00";"137,45";"M13";"V30";"C0009"
"V000393";"29-01-2024";"magasin";"livree";"P0046";"2";"0,00";"2070,00";"2070,00";"1230,72";"M05";"V10";"C0173"
"V000394";"29-01-2024";"MAGASIN";"Livree";"P0064";"3";"0,00";"210,00";"210,00";"107,58";"M08";"V16";"C0006"
"V000395";"29-01-2024";"Magasin";"Livree";"P0017";"1";"0,00";"450,00";"450,00";"256,83";"M23";"V55";"C0035"
"V000396";"29-01-2024";"web";"LIVREE";"P0064";"2";"10,00";"140,00";"126,00";"71,72";"M21";"V52";"C0078"
"V000397";"29-01-2024";"Web";"Livree";"P0022";"3";"5,00";"1290,00";"1225,50";"617,10";"M06";"V13";"C0143"
"V000398";"29-01-2024";"Magasin";"LIVREE";"P0009";"2";"0,00";"1010,00";"1010,00";"594,34";"M25";"V60";"C0198"
"V000399";"29-01-2024";"Magasin";"Livree";"P0049";"1";"10,00";"1770,00";"1593,00";"798,07";"M21";"V52";"C0024"
"V000400";"29-01-2024";"Magasin";"Livree";"P0062";"3";"0,00";"390,00";"390,00";"198,39";"M17";"V42";"C0187"
"V000401";"29-01-2024";"MAGASIN";"Livree";"P0004";"1";"0,00";"960,00";"960,00";"561,87";"M15";"V35";"C0100"
"V000402";"30-01-2024";"Magasin";"encours";"P0017";"1";"0,00";"450,00";"450,00";"256,83";"M10";"V22";"C0187"
"V000403";"30-01-2024";"Web";"Livree";"P0017";"1";"5,00";"450,00";"427,50";"256,83";"M09";"V18";"C0073"
"V000404";"30-01-2024";"magasin";"LIVREE";"P0001";"2";"0,00";"2110,00";"2110,00";"1255,28";"M14";"V32";"C0031"
"V000405";"30-01-2024";"Magasin";"Livree";"P0007";"1";"0,00";"955,00";"955,00";"443,15";"M10";"V21";"C0202"
"V000406";"30-01-2024";"WEB";"LIVREE";"P0014";"1";"5,00";"635,00";"603,25";"333,47";"M03";"V06";"C0153"
"V000407";"30-01-2024";"MAGASIN";"Livree";"P0024";"2";"0,00";"1540,00";"1540,00";"931,78";"M24";"V58";"C0128"
"V000408";"30-01-2024";"magasin";"LIVREE";"P0058";"1";"5,00";"65,00";"61,75";"31,31";"M02";"V04";"C0125"
"V000409";"30-01-2024";"magasin";"Livree";"P0012";"2";"0,00";"2020,00";"2020,00";"1177,08";"M07";"V14";"C0005"
"V000410";"30-01-2024";"magasin";"livree";"P0049";"2";"0,00";"3540,00";"3540,00";"1596,14";"M17";"V42";"C0161"
"V000411";"30-01-2024";"Magasin";"Livree";"P0001";"3";"5,00";"3165,00";"3006,75";"1882,92";"M05";"V10";"C0061"
"V000412";"30-01-2024";"Web";"Annulee";"P0061";"1";"0,00";"140,00";"140,00";"75,47";"M19";"V47";"C0037"
"V000413";"30-01-2024";"MAGASIN";"LIVREE";"P0019";"1";"0,00";"535,00";"535,00";"307,48";"M15";"V35";"C0089"
"V000414";"30-01-2024";"magasin";"Livree";"P0001";"1";"0,00";"1055,00";"1055,00";"627,64";"M10";"V20";"C0188"
"V000415";"30-01-2024";"Web";"livree";"P0023";"1";"0,00";"700,00";"700,00";"404,57";"M16";"V39";"C0045"
"V000416";"31-01-2024";"Magasin";"LIVREE";"P0020";"3";"0,00";"1155,00";"1155,00";"653,91";"M11";"V25";"C0061"
"V000417";"31-01-2024";"Magasin";"LIVREE";"P0008";"1";"10,00";"495,00";"445,50";"243,76";"M07";"V15";"C0066"
"V000418";"31-01-2024";"Magasin";"EnCours";"P0017";"3";"0,00";"1350,00";"1350,00";"770,49";"M06";"V13";"C0208"
"V000419";"31-01-2024";"MAGASIN";"Livree";"P0062";"3";"0,00";"390,00";"390,00";"198,39";"M18";"V43";"C0194"
"V000420";"31-01-2024";"MAGASIN";"Livree";"P0048";"1";"0,00";"1760,00";"1760,00";"945,76";"M08";"V16";"C0031"
"V000421";"31-01-2024";"Magasin";"encours";"P0010";"2";"0,00";"1910,00";"1910,00";"1025,88";"M13";"V29";"C0122"
"V000422";"31-01-2024";"MAGASIN";"Livree";"P0020";"1";"0,00";"385,00";"385,00";"217,97";"M23";"V55";"C0065"
"V000423";"31-01-2024";"MAGASIN";"Livree";"P0060";"1";"0,00";"40,00";"40,00";"20,46";"M18";"V44";"C0189"
"V000424";"31-01-2024";"MAGASIN";"LIVREE";"P0010";"3";"5,00";"2865,00";"2721,75";"1538,82";"M25";"V60";"C0040"
"V000425";"31-01-2024";"Web";"Livree";"P0058";"1";"0,00";"65,00";"65,00";"31,31";"M23";"V55";"C0187"
"V000426";"31-01-2024";"Magasin";"livree";"P0052";"3";"5,00";"405,00";"384,75";"217,53";"M08";"V17";"C0133"
"V000427";"31-01-2024";"magasin";"livree";"P0059";"4";"0,00";"160,00";"160,00";"76,92";"M13";"V31";"C0061"
"V000428";"31-01-2024";"Magasin";"LIVREE";"P0027";"1";"0,00";"220,00";"220,00";"106,66";"M09";"V19";"C0033"
"V000429";"31-01-2024";"Web";"Livree";"P0013";"1";"0,00";"750,00";"750,00";"338,18";"M23";"V56";"C0093"
"V000430";"31-01-2024";"magasin";"LIVREE";"P0059";"4";"0,00";"160,00";"160,00";"76,92";"M11";"V25";"C0081"
"V000431";"31-01-2024";"Magasin";"Livree";"P0056";"3";"0,00";"75,00";"75,00";"36,45";"M16";"V38";"C0068"
"V000432";"31-01-2024";"WEB";"Livree";"P0063";"1";"10,00";"105,00";"94,50";"58,21";"M07";"V15";"C0028"
"V000433";"31-01-2024";"Magasin";"EnCours";"P0048";"2";"0,00";"3520,00";"3520,00";"1891,52";"M11";"V24";"C0172"
"V000434";"31-01-2024";"Magasin";"Livree";"P0057";"1";"0,00";"20,00";"20,00";"10,89";"M18";"V43";"C0055"
"V000435";"01-02-2024";"Magasin";"Livree";"P0001";"3";"0,00";"3165,00";"3165,00";"1882,92";"M25";"V59";"C0130"
"V000436";"01-02-2024";"Magasin";"Livree";"P0061";"3";"5,00";"420,00";"399,00";"226,41";"M17";"V40";"C0146"
"V000437";"01-02-2024";"MAGASIN";"LIVREE";"P0020";"3";"10,00";"1155,00";"1039,50";"653,91";"M17";"V40";"C0058"
"V000438";"01-02-2024";"WEB";"Livree";"P0011";"1";"5,00";"1150,00";"1092,50";"671,97";"M21";"V51";"C0002"
"V000439";"01-02-2024";"web";"livree";"P0022";"2";"5,00";"860,00";"817,00";"411,40";"M17";"V41";"C0109"
"V000440";"01-02-2024";"Web";"Annulee";"P0011";"1";"0,00";"1150,00";"1150,00";"671,97";"M12";"V28";"C0136"
"V000441";"01-02-2024";"Web";"EnCours";"P0063";"2";"5,00";"210,00";"199,50";"116,42";"M10";"V22";"C0014"
"V000442";"01-02-2024";"Magasin";"Livree";"P0054";"1";"0,00";"160,00";"160,00";"77,44";"M19";"V47";"C0064"
"V000443";"01-02-2024";"magasin";"encours";"P0003";"2";"0,00";"1420,00";"1420,00";"790,66";"M04";"V08";"C0176"
"V000444";"01-02-2024";"Magasin";"livree";"P0051";"3";"0,00";"465,00";"465,00";"233,55";"M21";"V51";"C0048"
"V000445";"01-02-2024";"MAGASIN";"Annulee";"P0015";"1";"0,00";"550,00";"550,00";"305,75";"M16";"V39";"C0014"
"V000446";"01-02-2024";"MAGASIN";"encours";"P0022";"2";"0,00";"860,00";"860,00";"411,40";"M25";"V59";"C0004"
"V000447";"01-02-2024";"Magasin";"Livree";"P0026";"1";"0,00";"275,00";"275,00";"137,45";"M09";"V18";"C0162"
"V000448";"01-02-2024";"Magasin";"Livree";"P0057";"1";"0,00";"20,00";"20,00";"10,89";"M06";"V12";"C0200"
"V000449";"01-02-2024";"web";"Livree";"P0015";"2";"10,00";"1100,00";"990,00";"611,50";"M21";"V52";"C0103"
"V000450";"02-02-2024";"web";"LIVREE";"P0022";"3";"0,00";"1290,00";"1290,00";"617,10";"M05";"V10";"C0201"
"V000451";"02-02-2024";"magasin";"Livree";"P0009";"1";"0,00";"505,00";"505,00";"297,17";"M10";"V20";"C0012"
"V000452";"02-02-2024";"web";"Livree";"P0057";"1";"0,00";"20,00";"20,00";"10,89";"M02";"V04";"C0120"
"V000453";"02-02-2024";"web";"livree";"P0008";"1";"5,00";"495,00";"470,25";"243,76";"M04";"V08";"C0166"
"V000454";"03-02-2024";"Web";"Livree";"P0063";"3";"0,00";"315,00";"315,00";"174,63";"M22";"V54";"C0099"
"V000455";"03-02-2024";"Web";"LIVREE";"P0058";"1";"0,00";"65,00";"65,00";"31,31";"M15";"V35";"C0037"
"V000456";"03-02-2024";"WEB";"livree";"P0055";"1";"0,00";"40,00";"40,00";"19,21";"M13";"V30";"C0203"
"V000457";"03-02-2024";"magasin";"Livree";"P0051";"3";"0,00";"465,00";"465,00";"233,55";"M04";"V08";"C0062"
"V000458";"03-02-2024";"Magasin";"livree";"P0012";"1";"0,00";"1010,00";"1010,00";"588,54";"M08";"V16";"C0072"
"V000459";"03-02-2024";"MAGASIN";"livree";"P0001";"1";"0,00";"1055,00";"1055,00";"627,64";"M13";"V29";"C0111"
"V000460";"04-02-2024";"web";"EnCours";"P0006";"2";"0,00";"2150,00";"2150,00";"1314,38";"M18";"V43";"C0165"
"V000461";"04-02-2024";"Magasin";"encours";"P0006";"2";"0,00";"2150,00";"2150,00";"1314,38";"M23";"V55";"C0060"
"V000462";"04-02-2024";"Magasin";"Livree";"P0055";"2";"0,00";"80,00";"80,00";"38,42";"M05";"V11";"C0009"
"V000463";"04-02-2024";"magasin";"LIVREE";"P0034";"2";"0,00";"400,00";"400,00";"236,88";"M16";"V39";"C0076"
"V000464";"04-02-2024";"Magasin";"Livree";"P0006";"2";"5,00";"2150,00";"2042,50";"1314,38";"M03";"V07";"C0095"
"V000465";"04-02-2024";"magasin";"livree";"P0052";"3";"0,00";"405,00";"405,00";"217,53";"M22";"V54";"C0126"
"V000466";"04-02-2024";"web";"livree";"P0056";"2";"10,00";"50,00";"45,00";"24,30";"M12";"V27";"C0080"
"V000467";"04-02-2024";"Magasin";"EnCours";"P0053";"1";"0,00";"155,00";"155,00";"83,01";"M20";"V50";"C0064"
"V000468";"04-02-2024";"Magasin";"livree";"P0042";"3";"0,00";"6135,00";"6135,00";"3709,92";"M11";"V25";"C0096"
"V000469";"04-02-2024";"MAGASIN";"Livree";"P0004";"2";"0,00";"1920,00";"1920,00";"1123,74";"M17";"V40";"C0033"
"V000470";"05-02-2024";"Magasin";"livree";"P0055";"1";"0,00";"40,00";"40,00";"19,21";"M01";"V03";"C0044"
"V000471";"05-02-2024";"Magasin";"Livree";"P0013";"3";"0,00";"2250,00";"2250,00";"1014,54";"M25";"V60";"C0065"
"V000472";"05-02-2024";"WEB";"LIVREE";"P0004";"1";"0,00";"960,00";"960,00";"561,87";"M14";"V32";"C0203"
"V000473";"05-02-2024";"MAGASIN";"livree";"P0057";"1";"0,00";"20,00";"20,00";"10,89";"M11";"V23";"C0120"
"V000474";"05-02-2024";"WEB";"Livree";"P0063";"2";"0,00";"210,00";"210,00";"116,42";"M18";"V43";"C0182"
"V000475";"05-02-2024";"web";"Livree";"P0060";"3";"0,00";"120,00";"120,00";"61,38";"M22";"V54";"C0162"
"V000476";"05-02-2024";"magasin";"Livree";"P0038";"3";"5,00";"690,00";"655,50";"357,96";"M12";"V26";"C0063"
"V000477";"05-02-2024";"Magasin";"livree";"P0007";"1";"0,00";"955,00";"955,00";"443,15";"M11";"V23";"C0027"
"V000478";"05-02-2024";"Magasin";"EnCours";"P0016";"1";"10,00";"385,00";"346,50";"178,74";"M01";"V03";"C0146"
"V000479";"05-02-2024";"WEB";"LIVREE";"P0024";"1";"5,00";"770,00";"731,50";"465,89";"M10";"V22";"C0067"
"V000480";"05-02-2024";"web";"Annulee";"P0057";"1";"0,00";"20,00";"20,00";"10,89";"M02";"V05";"C0169"
"V000481";"06-02-2024";"WEB";"LIVREE";"P0003";"2";"0,00";"1420,00";"1420,00";"790,66";"M24";"V58";"C0118"
"V000482";"06-02-2024";"MAGASIN";"LIVREE";"P0059";"1";"0,00";"40,00";"40,00";"19,23";"M21";"V52";"C0163"
"V000483";"06-02-2024";"Magasin";"Livree";"P0020";"2";"0,00";"770,00";"770,00";"435,94";"M01";"V03";"C0196"
"V000484";"06-02-2024";"Magasin";"encours";"P0031";"3";"0,00";"450,00";"450,00";"276,72";"M02";"V04";"C0056"
"V000485";"06-02-2024";"magasin";"LIVREE";"P0041";"1";"0,00";"2225,00";"2225,00";"1348,70";"M04";"V08";"C0206"
"V000486";"06-02-2024";"magasin";"LIVREE";"P0059";"2";"0,00";"80,00";"80,00";"38,46";"M10";"V22";"C0178"
"V000487";"06-02-2024";"MAGASIN";"Livree";"P0020";"2";"0,00";"770,00";"770,00";"435,94";"M15";"V35";"C0045"
"V000488";"06-02-2024";"Magasin";"LIVREE";"P0016";"1";"5,00";"385,00";"365,75";"178,74";"M19";"V45";"C0172"
"V000489";"06-02-2024";"Magasin";"Livree";"P0049";"2";"0,00";"3540,00";"3540,00";"1596,14";"M07";"V15";"C0185"
"V000490";"06-02-2024";"web";"Livree";"P0017";"1";"0,00";"450,00";"450,00";"256,83";"M18";"V44";"C0213"
"V000491";"07-02-2024";"web";"Livree";"P0051";"3";"0,00";"465,00";"465,00";"233,55";"M08";"V17";"C0097"
"V000492";"07-02-2024";"Magasin";"EnCours";"P0056";"2";"0,00";"50,00";"50,00";"24,30";"M11";"V25";"C0125"
"V000493";"07-02-2024";"WEB";"LIVREE";"P0002";"3";"0,00";"2100,00";"2100,00";"1058,28";"M16";"V37";"C0023"
"V000494";"07-02-2024";"MAGASIN";"Livree";"P0052";"3";"5,00";"405,00";"384,75";"217,53";"M07";"V14";"C0208"
"V000495";"07-02-2024";"Web";"Livree";"P0016";"1";"0,00";"385,00";"385,00";"178,74";"M21";"V51";"C0026"
"V000496";"07-02-2024";"Magasin";"Livree";"P0053";"2";"0,00";"310,00";"310,00";"166,02";"M11";"V25";"C0080"
"V000497";"07-02-2024";"MAGASIN";"LIVREE";"P0007";"1";"0,00";"955,00";"955,00";"443,15";"M25";"V59";"C0047"
"V000498";"07-02-2024";"Magasin";"Livree";"P0056";"2";"5,00";"50,00";"47,50";"24,30";"M08";"V17";"C0121"
"V000499";"07-02-2024";"MAGASIN";"EnCours";"P0063";"2";"0,00";"210,00";"210,00";"116,42";"M08";"V16";"C0017"
"V000500";"08-02-2024";"WEB";"LIVREE";"P0008";"1";"10,00";"495,00";"445,50";"243,76";"M04";"V08";"C0025"
"V000501";"08-02-2024";"Magasin";"livree";"P0016";"1";"0,00";"385,00";"385,00";"178,74";"M25";"V60";"C0005"
"V000502";"08-02-2024";"WEB";"LIVREE";"P0024";"1";"0,00";"770,00";"770,00";"465,89";"M23";"V56";"C0136"
"V000503";"08-02-2024";"Magasin";"Annulee";"P0042";"3";"0,00";"6135,00";"6135,00";"3709,92";"M16";"V37";"C0016"
"V000504";"08-02-2024";"MAGASIN";"LIVREE";"P0019";"1";"0,00";"535,00";"535,00";"307,48";"M22";"V54";"C0166"
"V000505";"09-02-2024";"MAGASIN";"Livree";"P0010";"2";"10,00";"1910,00";"1719,00";"1025,88";"M11";"V24";"C0128"
"V000506";"09-02-2024";"Web";"Livree";"P0036";"1";"10,00";"105,00";"94,50";"57,91";"M20";"V48";"C0087"
"V000507";"09-02-2024";"MAGASIN";"LIVREE";"P0002";"1";"0,00";"700,00";"700,00";"352,76";"M19";"V46";"C0195"
"V000508";"09-02-2024";"Magasin";"Livree";"P0015";"2";"0,00";"1100,00";"1100,00";"611,50";"M08";"V17";"C0104"
"V000509";"09-02-2024";"Web";"Livree";"P0022";"1";"0,00";"430,00";"430,00";"205,70";"M24";"V58";"C0107"
"V000510";"09-02-2024";"MAGASIN";"Livree";"P0006";"2";"5,00";"2150,00";"2042,50";"1314,38";"M18";"V43";"C0179"
"V000511";"09-02-2024";"web";"Livree";"P0059";"2";"5,00";"80,00";"76,00";"38,46";"M01";"V02";"C0043"
"V000512";"09-02-2024";"Magasin";"Livree";"P0011";"3";"0,00";"3450,00";"3450,00";"2015,91";"M14";"V33";"C0185"
"V000513";"09-02-2024";"MAGASIN";"Livree";"P0020";"1";"5,00";"385,00";"365,75";"217,97";"M18";"V44";"C0135"
"V000514";"10-02-2024";"magasin";"Livree";"P0051";"2";"0,00";"310,00";"310,00";"155,70";"M04";"V08";"C0103"
"V000515";"10-02-2024";"Magasin";"livree";"P0005";"1";"5,00";"325,00";"308,75";"148,71";"M14";"V32";"C0127"
"V000516";"10-02-2024";"Magasin";"LIVREE";"P0054";"2";"0,00";"320,00";"320,00";"154,88";"M04";"V09";"C0110"
"V000517";"10-02-2024";"Magasin";"Livree";"P0024";"3";"0,00";"2310,00";"2310,00";"1397,67";"M05";"V10";"C0141"
"V000518";"10-02-2024";"web";"Annulee";"P0056";"1";"5,00";"25,00";"23,75";"12,15";"M01";"V01";"C0193"
"V000519";"10-02-2024";"Web";"LIVREE";"P0052";"1";"0,00";"135,00";"135,00";"72,51";"M03";"V07";"C0165"
"V000520";"10-02-2024";"Web";"LIVREE";"P0017";"1";"0,00";"450,00";"450,00";"256,83";"M18";"V43";"C0047"
"V000521";"10-02-2024";"MAGASIN";"EnCours";"P0061";"1";"0,00";"140,00";"140,00";"75,47";"M04";"V09";"C0063"
"V000522";"10-02-2024";"magasin";"livree";"P0022";"1";"0,00";"430,00";"430,00";"205,70";"M01";"V02";"C0155"
"V000523";"10-02-2024";"Magasin";"Livree";"P0061";"1";"0,00";"140,00";"140,00";"75,47";"M23";"V55";"C0087"
"V000524";"10-02-2024";"Magasin";"Annulee";"P0041";"1";"0,00";"2225,00";"2225,00";"1348,70";"M15";"V34";"C0063"
"V000525";"10-02-2024";"MAGASIN";"Livree";"P0017";"3";"5,00";"1350,00";"1282,50";"770,49";"M17";"V40";"C0204"
"V000526";"10-02-2024";"Web";"LIVREE";"P0060";"1";"0,00";"40,00";"40,00";"20,46";"M06";"V13";"C0154"
"V000527";"10-02-2024";"MAGASIN";"Livree";"P0002";"2";"5,00";"1400,00";"1330,00";"705,52";"M11";"V24";"C0105"
"V000528";"10-02-2024";"Web";"LIVREE";"P0013";"3";"5,00";"2250,00";"2137,50";"1014,54";"M06";"V13";"C0170"
"V000529";"10-02-2024";"MAGASIN";"LIVREE";"P0050";"1";"0,00";"230,00";"230,00";"115,83";"M02";"V05";"C0118"
"V000530";"11-02-2024";"Magasin";"Livree";"P0061";"1";"0,00";"140,00";"140,00";"75,47";"M10";"V22";"C0210"
"V000531";"11-02-2024";"WEB";"Livree";"P0002";"1";"0,00";"700,00";"700,00";"352,76";"M14";"V32";"C0090"
"V000532";"11-02-2024";"web";"livree";"P0052";"1";"0,00";"135,00";"135,00";"72,51";"M25";"V60";"C0081"
"V000533";"11-02-2024";"magasin";"Annulee";"P0012";"1";"0,00";"1010,00";"1010,00";"588,54";"M16";"V37";"C0120"
"V000534";"11-02-2024";"Web";"Livree";"P0002";"2";"5,00";"1400,00";"1330,00";"705,52";"M05";"V10";"C0136"
"V000535";"11-02-2024";"Magasin";"Livree";"P0005";"3";"0,00";"975,00";"975,00";"446,13";"M09";"V18";"C0005"
"V000536";"11-02-2024";"MAGASIN";"LIVREE";"P0060";"4";"10,00";"160,00";"144,00";"81,84";"M02";"V05";"C0194"
"V000537";"11-02-2024";"magasin";"LIVREE";"P0051";"1";"0,00";"155,00";"155,00";"77,85";"M11";"V25";"C0178"
"V000538";"11-02-2024";"magasin";"EnCours";"P0005";"1";"5,00";"325,00";"308,75";"148,71";"M04";"V08";"C0055"
"V000539";"12-02-2024";"WEB";"Livree";"P0060";"2";"0,00";"80,00";"80,00";"40,92";"M24";"V57";"C0084"
"V000540";"12-02-2024";"MAGASIN";"LIVREE";"P0022";"1";"0,00";"430,00";"430,00";"205,70";"M08";"V16";"C0132"
"V000541";"12-02-2024";"Web";"Livree";"P0002";"3";"5,00";"2100,00";"1995,00";"1058,28";"M17";"V40";"C0097"
"V000542";"12-02-2024";"MAGASIN";"livree";"P0012";"2";"0,00";"2020,00";"2020,00";"1177,08";"M24";"V57";"C0162"
"V000543";"12-02-2024";"Magasin";"Livree";"P0012";"1";"0,00";"1010,00";"1010,00";"588,54";"M19";"V45";"C0050"
"V000544";"12-02-2024";"Magasin";"Livree";"P0024";"2";"0,00";"1540,00";"1540,00";"931,78";"M21";"V52";"C0096"
"V000545";"13-02-2024";"MAGASIN";"Livree";"P0064";"4";"0,00";"280,00";"280,00";"143,44";"M14";"V33";"C0164"
"V000546";"13-02-2024";"web";"Livree";"P0015";"2";"0,00";"1100,00";"1100,00";"611,50";"M08";"V17";"C0141"
"V000547";"13-02-2024";"Web";"LIVREE";"P0015";"2";"0,00";"1100,00";"1100,00";"611,50";"M17";"V41";"C0054"
"V000548";"13-02-2024";"MAGASIN";"Livree";"P0015";"3";"5,00";"1650,00";"1567,50";"917,25";"M10";"V22";"C0097"
"V000549";"13-02-2024";"Web";"LIVREE";"P0023";"4";"0,00";"2800,00";"2800,00";"1618,28";"M09";"V18";"C0016"
"V000550";"13-02-2024";"Magasin";"Livree";"P0054";"2";"0,00";"320,00";"320,00";"154,88";"M10";"V21";"C0148"
"V000551";"13-02-2024";"Web";"Livree";"P0002";"1";"0,00";"700,00";"700,00";"352,76";"M01";"V03";"C0189"
"V000552";"13-02-2024";"Magasin";"Livree";"P0018";"2";"0,00";"1730,00";"1730,00";"882,22";"M21";"V52";"C0142"
"V000553";"13-02-2024";"Web";"LIVREE";"P0008";"3";"0,00";"1485,00";"1485,00";"731,28";"M23";"V56";"C0040"
"V000554";"13-02-2024";"magasin";"LIVREE";"P0056";"1";"0,00";"25,00";"25,00";"12,15";"M09";"V19";"C0063"
"V000555";"13-02-2024";"magasin";"livree";"P0021";"1";"0,00";"410,00";"410,00";"189,41";"M23";"V55";"C0205"
"V000556";"13-02-2024";"Magasin";"Livree";"P0003";"1";"0,00";"710,00";"710,00";"395,33";"M25";"V59";"C0034"
"V000557";"13-02-2024";"Magasin";"livree";"P0027";"3";"0,00";"660,00";"660,00";"319,98";"M03";"V07";"C0198"
"V000558";"13-02-2024";"Magasin";"livree";"P0064";"1";"10,00";"70,00";"63,00";"35,86";"M17";"V41";"C0073"
"V000559";"13-02-2024";"magasin";"LIVREE";"P0057";"2";"0,00";"40,00";"40,00";"21,78";"M09";"V18";"C0178"
"V000560";"14-02-2024";"magasin";"Livree";"P0015";"4";"5,00";"2200,00";"2090,00";"1223,00";"M21";"V51";"C0127"
"V000561";"14-02-2024";"Magasin";"Livree";"P0014";"2";"5,00";"1270,00";"1206,50";"666,94";"M18";"V43";"C0141"
"V000562";"14-02-2024";"Magasin";"EnCours";"P0020";"1";"0,00";"385,00";"385,00";"217,97";"M14";"V33";"C0057"
"V000563";"14-02-2024";"web";"LIVREE";"P0053";"1";"10,00";"155,00";"139,50";"83,01";"M16";"V37";"C0159"
"V000564";"14-02-2024";"Magasin";"Livree";"P0011";"2";"0,00";"2300,00";"2300,00";"1343,94";"M02";"V05";"C0157"
"V000565";"14-02-2024";"Magasin";"LIVREE";"P0058";"1";"5,00";"65,00";"61,75";"31,31";"M20";"V48";"C0009"
"V000566";"14-02-2024";"web";"LIVREE";"P0010";"1";"0,00";"955,00";"955,00";"512,94";"M13";"V31";"C0006"
"V000567";"14-02-2024";"Web";"LIVREE";"P0028";"2";"0,00";"260,00";"260,00";"134,52";"M10";"V21";"C0212"
"V000568";"14-02-2024";"Magasin";"EnCours";"P0057";"4";"0,00";"80,00";"80,00";"43,56";"M18";"V44";"C0078"
"V000569";"14-02-2024";"web";"Annulee";"P0001";"3";"0,00";"3165,00";"3165,00";"1882,92";"M16";"V37";"C0175"
"V000570";"14-02-2024";"Magasin";"Livree";"P0062";"1";"0,00";"130,00";"130,00";"66,13";"M20";"V49";"C0087"
"V000571";"14-02-2024";"Magasin";"Livree";"P0040";"1";"0,00";"1910,00";"1910,00";"1038,92";"M01";"V02";"C0027"
"V000572";"14-02-2024";"WEB";"Livree";"P0052";"1";"10,00";"135,00";"121,50";"72,51";"M12";"V28";"C0156"
"V000573";"15-02-2024";"MAGASIN";"EnCours";"P0003";"4";"5,00";"2840,00";"2698,00";"1581,32";"M24";"V58";"C0163"
"V000574";"15-02-2024";"WEB";"Livree";"P0008";"3";"0,00";"1485,00";"1485,00";"731,28";"M16";"V38";"C0178"
"V000575";"15-02-2024";"Magasin";"LIVREE";"P0022";"3";"0,00";"1290,00";"1290,00";"617,10";"M15";"V34";"C0086"
"V000576";"15-02-2024";"Web";"Livree";"P0009";"2";"0,00";"1010,00";"1010,00";"594,34";"M01";"V01";"C0115"
"V000577";"15-02-2024";"WEB";"livree";"P0047";"1";"0,00";"1665,00";"1665,00";"1004,07";"M15";"V35";"C0188"
"V000578";"15-02-2024";"Magasin";"Livree";"P0007";"3";"0,00";"2865,00";"2865,00";"1329,45";"M05";"V10";"C0117"
"V000579";"15-02-2024";"Magasin";"livree";"P0010";"1";"10,00";"955,00";"859,50";"512,94";"M16";"V38";"C0046"
"V000580";"16-02-2024";"Magasin";"LIVREE";"P0029";"1";"0,00";"285,00";"285,00";"169,00";"M25";"V60";"C0215"
"V000581";"16-02-2024";"Magasin";"Livree";"P0057";"1";"0,00";"20,00";"20,00";"10,89";"M16";"V39";"C0113"
"V000582";"16-02-2024";"web";"Livree";"P0056";"2";"0,00";"50,00";"50,00";"24,30";"M17";"V40";"C0118"
"V000583";"16-02-2024";"magasin";"Livree";"P0003";"1";"0,00";"710,00";"710,00";"395,33";"M22";"V54";"C0039"
"V000584";"16-02-2024";"Web";"LIVREE";"P0003";"2";"0,00";"1420,00";"1420,00";"790,66";"M18";"V44";"C0166"
"V000585";"16-02-2024";"Magasin";"Livree";"P0004";"1";"0,00";"960,00";"960,00";"561,87";"M21";"V52";"C0142"
"V000586";"16-02-2024";"MAGASIN";"Livree";"P0054";"2";"0,00";"320,00";"320,00";"154,88";"M23";"V55";"C0162"
"V000587";"16-02-2024";"Magasin";"encours";"P0023";"4";"0,00";"2800,00";"2800,00";"1618,28";"M02";"V04";"C0035"
"V000588";"17-02-2024";"Magasin";"LIVREE";"P0052";"1";"5,00";"135,00";"128,25";"72,51";"M24";"V58";"C0174"
"V000589";"17-02-2024";"MAGASIN";"Annulee";"P0003";"3";"5,00";"2130,00";"2023,50";"1185,99";"M20";"V48";"C0124"
"V000590";"17-02-2024";"MAGASIN";"LIVREE";"P0064";"1";"5,00";"70,00";"66,50";"35,86";"M24";"V58";"C0099"
"V000591";"17-02-2024";"web";"Livree";"P0058";"4";"10,00";"260,00";"234,00";"125,24";"M04";"V08";"C0096"
"V000592";"17-02-2024";"Magasin";"Annulee";"P0059";"2";"0,00";"80,00";"80,00";"38,46";"M02";"V04";"C0071"
"V000593";"17-02-2024";"Magasin";"LIVREE";"P0019";"3";"0,00";"1605,00";"1605,00";"922,44";"M21";"V52";"C0153"
"V000594";"17-02-2024";"magasin";"EnCours";"P0001";"1";"5,00";"1055,00";"1002,25";"627,64";"M19";"V46";"C0064"
"V000595";"17-02-2024";"MAGASIN";"Livree";"P0019";"2";"0,00";"1070,00";"1070,00";"614,96";"M22";"V54";"C0009"
"V000596";"17-02-2024";"WEB";"Livree";"P0005";"2";"0,00";"650,00";"650,00";"297,42";"M01";"V03";"C0107"
"V000597";"17-02-2024";"Magasin";"livree";"P0032";"1";"0,00";"190,00";"190,00";"108,18";"M11";"V24";"C0049"
"V000598";"17-02-2024";"MAGASIN";"Livree";"P0052";"1";"0,00";"135,00";"135,00";"72,51";"M21";"V51";"C0027"
"V000599";"18-02-2024";"Magasin";"livree";"P0005";"2";"0,00";"650,00";"650,00";"297,42";"M14";"V33";"C0215"
"V000600";"18-02-2024";"Web";"Livree";"P0015";"1";"0,00";"550,00";"550,00";"305,75";"M19";"V46";"C0204"
"V000601";"18-02-2024";"Web";"Livree";"P0051";"1";"5,00";"155,00";"147,25";"77,85";"M10";"V22";"C0208"
"V000602";"18-02-2024";"Magasin";"Livree";"P0058";"4";"5,00";"260,00";"247,00";"125,24";"M16";"V38";"C0040"
"V000603";"18-02-2024";"MAGASIN";"Livree";"P0005";"2";"5,00";"650,00";"617,50";"297,42";"M02";"V05";"C0072"
"V000604";"18-02-2024";"magasin";"livree";"P0028";"3";"0,00";"390,00";"390,00";"201,78";"M22";"V53";"C0036"
"V000605";"18-02-2024";"Web";"LIVREE";"P0060";"2";"0,00";"80,00";"80,00";"40,92";"M01";"V01";"C0167"
"V000606";"18-02-2024";"Magasin";"Livree";"P0017";"1";"10,00";"450,00";"405,00";"256,83";"M23";"V56";"C0042"
"V000607";"18-02-2024";"Magasin";"livree";"P0017";"1";"0,00";"450,00";"450,00";"256,83";"M11";"V23";"C0188"
"V000608";"18-02-2024";"Magasin";"livree";"P0051";"1";"0,00";"155,00";"155,00";"77,85";"M23";"V55";"C0070"
"V000609";"18-02-2024";"Magasin";"livree";"P0024";"2";"0,00";"1540,00";"1540,00";"931,78";"M21";"V52";"C0176"
"V000610";"18-02-2024";"Magasin";"LIVREE";"P0025";"1";"0,00";"55,00";"55,00";"32,37";"M03";"V07";"C0026"
"V000611";"19-02-2024";"Magasin";"Livree";"P0042";"2";"0,00";"4090,00";"4090,00";"2473,28";"M12";"V28";"C0134"
"V000612";"19-02-2024";"web";"Livree";"P0014";"1";"0,00";"635,00";"635,00";"333,47";"M07";"V14";"C0007"
"V000613";"19-02-2024";"MAGASIN";"Livree";"P0016";"2";"0,00";"770,00";"770,00";"357,48";"M15";"V34";"C0189"
"V000614";"19-02-2024";"MAGASIN";"LIVREE";"P0004";"1";"5,00";"960,00";"912,00";"561,87";"M07";"V15";"C0055"
"V000615";"19-02-2024";"Magasin";"livree";"P0053";"1";"0,00";"155,00";"155,00";"83,01";"M15";"V34";"C0191"
"V000616";"20-02-2024";"Web";"EnCours";"P0052";"1";"0,00";"135,00";"135,00";"72,51";"M14";"V33";"C0214"
"V000617";"20-02-2024";"Web";"LIVREE";"P0001";"2";"0,00";"2110,00";"2110,00";"1255,28";"M25";"V59";"C0086"
"V000618";"20-02-2024";"Magasin";"LIVREE";"P0014";"3";"0,00";"1905,00";"1905,00";"1000,41";"M20";"V49";"C0095"
"V000619";"20-02-2024";"web";"LIVREE";"P0016";"1";"0,00";"385,00";"385,00";"178,74";"M05";"V11";"C0173"
"V000620";"20-02-2024";"magasin";"EnCours";"P0009";"1";"0,00";"505,00";"505,00";"297,17";"M09";"V19";"C0138"
"V000621";"20-02-2024";"MAGASIN";"Livree";"P0051";"3";"0,00";"465,00";"465,00";"233,55";"M06";"V13";"C0150"
"V000622";"20-02-2024";"Magasin";"livree";"P0023";"1";"0,00";"700,00";"700,00";"404,57";"M18";"V43";"C0178"
"V000623";"20-02-2024";"magasin";"Livree";"P0006";"2";"0,00";"2150,00";"2150,00";"1314,38";"M16";"V39";"C0020"
"V000624";"20-02-2024";"Magasin";"Livree";"P0016";"2";"5,00";"770,00";"731,50";"357,48";"M13";"V31";"C0173"
"V000625";"20-02-2024";"Magasin";"Livree";"P0050";"2";"0,00";"460,00";"460,00";"231,66";"M15";"V34";"C0098"
"V000626";"21-02-2024";"Web";"Annulee";"P0043";"1";"10,00";"2230,00";"2007,00";"1198,97";"M24";"V58";"C0042"
"V000627";"21-02-2024";"magasin";"Livree";"P0042";"2";"5,00";"4090,00";"3885,50";"2473,28";"M17";"V42";"C0044"
"V000628";"21-02-2024";"Web";"LIVREE";"P0052";"3";"0,00";"405,00";"405,00";"217,53";"M09";"V19";"C0142"
"V000629";"21-02-2024";"MAGASIN";"livree";"P0005";"1";"0,00";"325,00";"325,00";"148,71";"M22";"V54";"C0138"
"V000630";"21-02-2024";"MAGASIN";"Livree";"P0061";"1";"0,00";"140,00";"140,00";"75,47";"M12";"V26";"C0034"
"V000631";"22-02-2024";"magasin";"livree";"P0001";"4";"10,00";"4220,00";"3798,00";"2510,56";"M03";"V06";"C0125"
"V000632";"22-02-2024";"Magasin";"Livree";"P0024";"3";"0,00";"2310,00";"2310,00";"1397,67";"M23";"V56";"C0133"
"V000633";"22-02-2024";"WEB";"Annulee";"P0057";"2";"5,00";"40,00";"38,00";"21,78";"M23";"V56";"C0011"
"V000634";"22-02-2024";"Magasin";"Livree";"P0016";"2";"10,00";"770,00";"693,00";"357,48";"M18";"V44";"C0173"
"V000635";"22-02-2024";"Magasin";"livree";"P0062";"1";"10,00";"130,00";"117,00";"66,13";"M24";"V57";"C0035"
"V000636";"22-02-2024";"Magasin";"LIVREE";"P0042";"1";"5,00";"2045,00";"1942,75";"1236,64";"M21";"V51";"C0195"
"V000637";"22-02-2024";"magasin";"LIVREE";"P0055";"1";"0,00";"40,00";"40,00";"19,21";"M13";"V30";"C0088"
"V000638";"22-02-2024";"Magasin";"Livree";"P0018";"1";"0,00";"865,00";"865,00";"441,11";"M09";"V19";"C0031"
"V000639";"23-02-2024";"Magasin";"Livree";"P0033";"1";"0,00";"50,00";"50,00";"22,73";"M24";"V58";"C0024"
"V000640";"23-02-2024";"Web";"Livree";"P0018";"4";"0,00";"3460,00";"3460,00";"1764,44";"M02";"V04";"C0218"
"V000641";"23-02-2024";"MAGASIN";"LIVREE";"P0008";"3";"0,00";"1485,00";"1485,00";"731,28";"M10";"V21";"C0189"
"V000642";"23-02-2024";"Magasin";"Livree";"P0062";"3";"0,00";"390,00";"390,00";"198,39";"M16";"V37";"C0116"
"V000643";"23-02-2024";"magasin";"Livree";"P0019";"1";"0,00";"535,00";"535,00";"307,48";"M15";"V35";"C0106"
"V000644";"23-02-2024";"Magasin";"LIVREE";"P0014";"2";"0,00";"1270,00";"1270,00";"666,94";"M05";"V10";"C0189"
"V000645";"23-02-2024";"MAGASIN";"LIVREE";"P0009";"1";"0,00";"505,00";"505,00";"297,17";"M14";"V33";"C0220"
"V000646";"23-02-2024";"WEB";"LIVREE";"P0053";"1";"0,00";"155,00";"155,00";"83,01";"M03";"V07";"C0057"
"V000647";"23-02-2024";"Magasin";"LIVREE";"P0019";"1";"0,00";"535,00";"535,00";"307,48";"M22";"V53";"C0125"
"V000648";"23-02-2024";"Magasin";"livree";"P0061";"2";"5,00";"280,00";"266,00";"150,94";"M20";"V50";"C0014"
"V000649";"23-02-2024";"web";"Livree";"P0060";"3";"0,00";"120,00";"120,00";"61,38";"M07";"V15";"C0206"
"V000650";"23-02-2024";"Magasin";"Livree";"P0053";"1";"0,00";"155,00";"155,00";"83,01";"M18";"V43";"C0160"
"V000651";"24-02-2024";"Web";"livree";"P0063";"1";"5,00";"105,00";"99,75";"58,21";"M20";"V50";"C0207"
"V000652";"24-02-2024";"magasin";"Livree";"P0063";"4";"0,00";"420,00";"420,00";"232,84";"M14";"V33";"C0058"
"V000653";"24-02-2024";"Magasin";"EnCours";"P0032";"3";"5,00";"570,00";"541,50";"324,54";"M23";"V55";"C0053"
"V000654";"24-02-2024";"Web";"Livree";"P0006";"4";"5,00";"4300,00";"4085,00";"2628,76";"M09";"V18";"C0190"
"V000655";"24-02-2024";"Magasin";"encours";"P0056";"2";"0,00";"50,00";"50,00";"24,30";"M01";"V01";"C0208"
"V000656";"24-02-2024";"magasin";"Livree";"P0003";"2";"0,00";"1420,00";"1420,00";"790,66";"M23";"V55";"C0195"
"V000657";"24-02-2024";"web";"Livree";"P0024";"1";"5,00";"770,00";"731,50";"465,89";"M14";"V32";"C0068"
"V000658";"24-02-2024";"Magasin";"Livree";"P0062";"1";"10,00";"130,00";"117,00";"66,13";"M18";"V43";"C0216"
"V000659";"24-02-2024";"WEB";"Livree";"P0015";"2";"0,00";"1100,00";"1100,00";"611,50";"M09";"V19";"C0090"
"V000660";"25-02-2024";"WEB";"Livree";"P0005";"1";"5,00";"325,00";"308,75";"148,71";"M05";"V11";"C0022"
"V000661";"25-02-2024";"MAGASIN";"Livree";"P0006";"1";"0,00";"1075,00";"1075,00";"657,19";"M10";"V21";"C0036"
"V000662";"25-02-2024";"Magasin";"Livree";"P0019";"3";"0,00";"1605,00";"1605,00";"922,44";"M10";"V22";"C0137"
"V000663";"25-02-2024";"Magasin";"Livree";"P0028";"1";"0,00";"130,00";"130,00";"67,26";"M16";"V39";"C0057"
"V000664";"25-02-2024";"MAGASIN";"Livree";"P0019";"1";"10,00";"535,00";"481,50";"307,48";"M14";"V32";"C0194"
"V000665";"25-02-2024";"MAGASIN";"Livree";"P0056";"1";"5,00";"25,00";"23,75";"12,15";"M21";"V52";"C0047"
"V000666";"25-02-2024";"Magasin";"Livree";"P0007";"1";"0,00";"955,00";"955,00";"443,15";"M05";"V10";"C0123"
"V000667";"25-02-2024";"Magasin";"encours";"P0001";"2";"0,00";"2110,00";"2110,00";"1255,28";"M17";"V40";"C0075"
"V000668";"26-02-2024";"magasin";"EnCours";"P0035";"3";"0,00";"510,00";"510,00";"275,94";"M18";"V43";"C0119"
"V000669";"26-02-2024";"web";"livree";"P0060";"1";"0,00";"40,00";"40,00";"20,46";"M21";"V51";"C0176"
"V000670";"26-02-2024";"magasin";"Livree";"P0052";"2";"0,00";"270,00";"270,00";"145,02";"M18";"V43";"C0208"
"V000671";"26-02-2024";"MAGASIN";"Livree";"P0007";"2";"0,00";"1910,00";"1910,00";"886,30";"M15";"V34";"C0001"
"V000672";"26-02-2024";"Magasin";"livree";"P0016";"1";"0,00";"385,00";"385,00";"178,74";"M22";"V54";"C0170"
"V000673";"27-02-2024";"WEB";"livree";"P0004";"1";"0,00";"960,00";"960,00";"561,87";"M10";"V22";"C0060"
"V000674";"27-02-2024";"Magasin";"LIVREE";"P0056";"3";"0,00";"75,00";"75,00";"36,45";"M23";"V55";"C0081"
"V000675";"27-02-2024";"Magasin";"livree";"P0004";"1";"5,00";"960,00";"912,00";"561,87";"M19";"V45";"C0069"
"V000676";"27-02-2024";"Magasin";"EnCours";"P0055";"1";"0,00";"40,00";"40,00";"19,21";"M03";"V06";"C0167"
"V000677";"27-02-2024";"Web";"Livree";"P0013";"3";"0,00";"2250,00";"2250,00";"1014,54";"M05";"V10";"C0001"
"V000678";"27-02-2024";"web";"LIVREE";"P0012";"2";"0,00";"2020,00";"2020,00";"1177,08";"M23";"V56";"C0008"
"V000679";"27-02-2024";"Magasin";"Livree";"P0013";"1";"0,00";"750,00";"750,00";"338,18";"M15";"V36";"C0106"
"V000680";"27-02-2024";"Magasin";"livree";"P0033";"2";"0,00";"100,00";"100,00";"45,46";"M18";"V44";"C0052"
"V000681";"27-02-2024";"WEB";"LIVREE";"P0016";"2";"10,00";"770,00";"693,00";"357,48";"M05";"V10";"C0007"
"V000682";"27-02-2024";"magasin";"Livree";"P0058";"1";"0,00";"65,00";"65,00";"31,31";"M02";"V04";"C0109"
"V000683";"27-02-2024";"Web";"encours";"P0001";"2";"0,00";"2110,00";"2110,00";"1255,28";"M12";"V26";"C0103"
"V000684";"28-02-2024";"Web";"Livree";"P0051";"3";"5,00";"465,00";"441,75";"233,55";"M18";"V43";"C0210"
"V000685";"28-02-2024";"WEB";"livree";"P0002";"2";"10,00";"1400,00";"1260,00";"705,52";"M10";"V20";"C0185"
"V000686";"28-02-2024";"MAGASIN";"Livree";"P0018";"1";"0,00";"865,00";"865,00";"441,11";"M14";"V33";"C0067"
"V000687";"28-02-2024";"Web";"encours";"P0056";"1";"5,00";"25,00";"23,75";"12,15";"M18";"V43";"C0081"
"V000688";"28-02-2024";"Magasin";"Livree";"P0019";"2";"0,00";"1070,00";"1070,00";"614,96";"M23";"V55";"C0102"
"V000689";"28-02-2024";"MAGASIN";"Livree";"P0024";"4";"0,00";"3080,00";"3080,00";"1863,56";"M04";"V09";"C0125"
"V000690";"28-02-2024";"WEB";"Livree";"P0058";"3";"0,00";"195,00";"195,00";"93,93";"M15";"V34";"C0095"
"V000691";"28-02-2024";"Magasin";"livree";"P0018";"2";"10,00";"1730,00";"1557,00";"882,22";"M16";"V37";"C0052"
"V000692";"28-02-2024";"MAGASIN";"livree";"P0051";"2";"0,00";"310,00";"310,00";"155,70";"M20";"V48";"C0141"
"V000693";"28-02-2024";"WEB";"LIVREE";"P0063";"1";"5,00";"105,00";"99,75";"58,21";"M08";"V16";"C0007"
"V000694";"28-02-2024";"MAGASIN";"LIVREE";"P0005";"2";"0,00";"650,00";"650,00";"297,42";"M11";"V23";"C0194"
"V000695";"28-02-2024";"WEB";"Livree";"P0007";"1";"5,00";"955,00";"907,25";"443,15";"M09";"V19";"C0181"
"V000696";"28-02-2024";"Magasin";"LIVREE";"P0019";"1";"0,00";"535,00";"535,00";"307,48";"M11";"V24";"C0186"
"V000697";"29-02-2024";"Magasin";"Livree";"P0007";"1";"0,00";"955,00";"955,00";"443,15";"M25";"V59";"C0029"
"V000698";"29-02-2024";"Magasin";"livree";"P0056";"1";"5,00";"25,00";"23,75";"12,15";"M20";"V48";"C0037"
"V000699";"29-02-2024";"MAGASIN";"Livree";"P0006";"1";"0,00";"1075,00";"1075,00";"657,19";"M06";"V12";"C0050"
"V000700";"29-02-2024";"MAGASIN";"EnCours";"P0002";"1";"0,00";"700,00";"700,00";"352,76";"M16";"V38";"C0183"
"V000701";"29-02-2024";"Magasin";"LIVREE";"P0057";"1";"5,00";"20,00";"19,00";"10,89";"M10";"V20";"C0194"
"V000702";"29-02-2024";"MAGASIN";"LIVREE";"P0009";"1";"0,00";"505,00";"505,00";"297,17";"M03";"V07";"C0031"
"V000703";"29-02-2024";"WEB";"Livree";"P0053";"1";"5,00";"155,00";"147,25";"83,01";"M04";"V08";"C0216"
"V000704";"29-02-2024";"Magasin";"Livree";"P0013";"2";"0,00";"1500,00";"1500,00";"676,36";"M16";"V37";"C0195"
"V000705";"29-02-2024";"Magasin";"LIVREE";"P0060";"3";"10,00";"120,00";"108,00";"61,38";"M17";"V42";"C0072"
"V000706";"29-02-2024";"magasin";"Livree";"P0031";"2";"0,00";"300,00";"300,00";"184,48";"M20";"V50";"C0038"
"V000707";"29-02-2024";"Magasin";"Livree";"P0046";"1";"0,00";"1035,00";"1035,00";"615,36";"M17";"V42";"C0175"
"V000708";"29-02-2024";"Magasin";"Livree";"P0006";"3";"0,00";"3225,00";"3225,00";"1971,57";"M03";"V07";"C0023"
"V000709";"29-02-2024";"WEB";"Livree";"P0054";"1";"5,00";"160,00";"152,00";"77,44";"M10";"V20";"C0180"
"V000710";"01-03-2024";"Web";"Livree";"P0010";"2";"0,00";"1910,00";"1910,00";"1025,88";"M14";"V32";"C0005"
"V000711";"01-03-2024";"WEB";"LIVREE";"P0048";"2";"5,00";"3520,00";"3344,00";"1891,52";"M23";"V55";"C0032"
"V000712";"01-03-2024";"Magasin";"Livree";"P0014";"4";"0,00";"2540,00";"2540,00";"1333,88";"M20";"V50";"C0062"
"V000713";"01-03-2024";"Magasin";"Annulee";"P0022";"2";"0,00";"860,00";"860,00";"411,40";"M04";"V08";"C0013"
"V000714";"01-03-2024";"Magasin";"Livree";"P0041";"1";"0,00";"2225,00";"2225,00";"1348,70";"M16";"V39";"C0210"
"V000715";"01-03-2024";"Web";"livree";"P0059";"1";"0,00";"40,00";"40,00";"19,23";"M04";"V08";"C0156"
"V000716";"02-03-2024";"magasin";"Livree";"P0054";"2";"5,00";"320,00";"304,00";"154,88";"M08";"V16";"C0002"
"V000717";"02-03-2024";"web";"Livree";"P0059";"3";"0,00";"120,00";"120,00";"57,69";"M22";"V53";"C0074"
"V000718";"02-03-2024";"Magasin";"LIVREE";"P0061";"2";"0,00";"280,00";"280,00";"150,94";"M03";"V06";"C0080"
"V000719";"02-03-2024";"web";"Livree";"P0048";"1";"0,00";"1760,00";"1760,00";"945,76";"M23";"V56";"C0218"
"V000720";"03-03-2024";"Magasin";"Livree";"P0035";"1";"0,00";"170,00";"170,00";"91,98";"M03";"V07";"C0009"
"V000721";"03-03-2024";"Magasin";"Annulee";"P0046";"1";"0,00";"1035,00";"1035,00";"615,36";"M20";"V48";"C0086"
"V000722";"03-03-2024";"Magasin";"EnCours";"P0036";"2";"0,00";"210,00";"210,00";"115,82";"M20";"V48";"C0082"
"V000723";"03-03-2024";"WEB";"LIVREE";"P0036";"1";"5,00";"105,00";"99,75";"57,91";"M06";"V13";"C0167"
"V000724";"03-03-2024";"magasin";"livree";"P0021";"3";"0,00";"1230,00";"1230,00";"568,23";"M05";"V11";"C0022"
"V000725";"03-03-2024";"Web";"Livree";"P0058";"2";"10,00";"130,00";"117,00";"62,62";"M25";"V59";"C0063"
"V000726";"04-03-2024";"web";"LIVREE";"P0007";"1";"0,00";"955,00";"955,00";"443,15";"M22";"V54";"C0106"
"V000727";"04-03-2024";"Magasin";"LIVREE";"P0017";"1";"0,00";"450,00";"450,00";"256,83";"M16";"V37";"C0158"
"V000728";"04-03-2024";"Web";"LIVREE";"P0041";"2";"0,00";"4450,00";"4450,00";"2697,40";"M16";"V37";"C0088"
"V000729";"04-03-2024";"Magasin";"EnCours";"P0058";"2";"10,00";"130,00";"117,00";"62,62";"M07";"V14";"C0131"
"V000730";"04-03-2024";"Magasin";"Livree";"P0060";"3";"0,00";"120,00";"120,00";"61,38";"M08";"V16";"C0106"
"V000731";"04-03-2024";"Magasin";"LIVREE";"P0058";"1";"5,00";"65,00";"61,75";"31,31";"M14";"V33";"C0190"
"V000732";"05-03-2024";"Magasin";"Livree";"P0031";"2";"0,00";"300,00";"300,00";"184,48";"M18";"V43";"C0037"
"V000733";"05-03-2024";"magasin";"Livree";"P0004";"1";"5,00";"960,00";"912,00";"561,87";"M16";"V37";"C0031"
"V000734";"05-03-2024";"Magasin";"Livree";"P0032";"1";"0,00";"190,00";"190,00";"108,18";"M16";"V38";"C0127"
"V000735";"05-03-2024";"web";"Livree";"P0058";"2";"0,00";"130,00";"130,00";"62,62";"M09";"V18";"C0006"
"V000736";"05-03-2024";"Web";"livree";"P0056";"2";"0,00";"50,00";"50,00";"24,30";"M10";"V20";"C0098"
"V000737";"05-03-2024";"WEB";"LIVREE";"P0047";"2";"0,00";"3330,00";"3330,00";"2008,14";"M02";"V04";"C0176"
"V000738";"05-03-2024";"Magasin";"LIVREE";"P0006";"2";"0,00";"2150,00";"2150,00";"1314,38";"M04";"V09";"C0176"
"V000739";"05-03-2024";"WEB";"LIVREE";"P0055";"2";"0,00";"80,00";"80,00";"38,42";"M22";"V53";"C0185"
"V000740";"05-03-2024";"MAGASIN";"encours";"P0024";"1";"0,00";"770,00";"770,00";"465,89";"M04";"V08";"C0122"
"V000741";"06-03-2024";"Web";"Livree";"P0064";"3";"0,00";"210,00";"210,00";"107,58";"M23";"V55";"C0176"
"V000742";"06-03-2024";"Magasin";"LIVREE";"P0002";"3";"5,00";"2100,00";"1995,00";"1058,28";"M14";"V33";"C0159"
"V000743";"06-03-2024";"magasin";"Livree";"P0051";"2";"5,00";"310,00";"294,50";"155,70";"M17";"V41";"C0055"
"V000744";"06-03-2024";"Magasin";"livree";"P0044";"2";"0,00";"3600,00";"3600,00";"2106,42";"M22";"V54";"C0195"
"V000745";"06-03-2024";"WEB";"EnCours";"P0051";"2";"5,00";"310,00";"294,50";"155,70";"M02";"V04";"C0173"
"V000746";"07-03-2024";"Magasin";"Livree";"P0042";"2";"0,00";"4090,00";"4090,00";"2473,28";"M01";"V01";"C0058"
"V000747";"07-03-2024";"Magasin";"Livree";"P0036";"2";"0,00";"210,00";"210,00";"115,82";"M12";"V28";"C0009"
"V000748";"07-03-2024";"WEB";"LIVREE";"P0060";"2";"0,00";"80,00";"80,00";"40,92";"M20";"V49";"C0004"
"V000749";"07-03-2024";"magasin";"Livree";"P0033";"3";"0,00";"150,00";"150,00";"68,19";"M25";"V60";"C0003"
"V000750";"07-03-2024";"Magasin";"LIVREE";"P0030";"3";"5,00";"795,00";"755,25";"377,97";"M05";"V11";"C0096"
"V000751";"07-03-2024";"MAGASIN";"LIVREE";"P0029";"1";"5,00";"285,00";"270,75";"169,00";"M19";"V47";"C0059"
"V000752";"07-03-2024";"MAGASIN";"LIVREE";"P0053";"2";"0,00";"310,00";"310,00";"166,02";"M24";"V57";"C0190"
"V000753";"07-03-2024";"Magasin";"Livree";"P0030";"2";"0,00";"530,00";"530,00";"251,98";"M20";"V48";"C0133"
"V000754";"08-03-2024";"MAGASIN";"Livree";"P0055";"1";"0,00";"40,00";"40,00";"19,21";"M01";"V01";"C0208"
"V000755";"08-03-2024";"WEB";"Livree";"P0056";"2";"0,00";"50,00";"50,00";"24,30";"M03";"V06";"C0077"
"V000756";"09-03-2024";"Web";"LIVREE";"P0052";"4";"0,00";"540,00";"540,00";"290,04";"M02";"V05";"C0139"
"V000757";"09-03-2024";"Magasin";"Livree";"P0056";"2";"10,00";"50,00";"45,00";"24,30";"M02";"V04";"C0021"
"V000758";"09-03-2024";"Magasin";"Livree";"P0023";"2";"0,00";"1400,00";"1400,00";"809,14";"M20";"V50";"C0103"
"V000759";"10-03-2024";"Magasin";"LIVREE";"P0040";"1";"0,00";"1910,00";"1910,00";"1038,92";"M23";"V56";"C0220"
"V000760";"10-03-2024";"MAGASIN";"livree";"P0047";"1";"0,00";"1665,00";"1665,00";"1004,07";"M13";"V29";"C0035"
"V000761";"10-03-2024";"Web";"Livree";"P0055";"1";"0,00";"40,00";"40,00";"19,21";"M13";"V30";"C0092"
"V000762";"10-03-2024";"web";"Livree";"P0049";"2";"10,00";"3540,00";"3186,00";"1596,14";"M14";"V33";"C0045"
"V000763";"10-03-2024";"magasin";"LIVREE";"P0060";"1";"0,00";"40,00";"40,00";"20,46";"M22";"V54";"C0217"
"V000764";"10-03-2024";"magasin";"Annulee";"P0054";"1";"0,00";"160,00";"160,00";"77,44";"M03";"V06";"C0042"
"V000765";"11-03-2024";"Web";"Livree";"P0054";"2";"5,00";"320,00";"304,00";"154,88";"M23";"V55";"C0030"
"V000766";"11-03-2024";"Magasin";"Annulee";"P0053";"2";"0,00";"310,00";"310,00";"166,02";"M20";"V49";"C0216"
"V000767";"11-03-2024";"WEB";"EnCours";"P0043";"1";"0,00";"2230,00";"2230,00";"1198,97";"M11";"V25";"C0166"
"V000768";"11-03-2024";"magasin";"livree";"P0038";"1";"5,00";"230,00";"218,50";"119,32";"M18";"V43";"C0151"
"V000769";"11-03-2024";"Magasin";"Livree";"P0057";"1";"0,00";"20,00";"20,00";"10,89";"M09";"V19";"C0179"
"V000770";"11-03-2024";"MAGASIN";"Livree";"P0038";"2";"10,00";"460,00";"414,00";"238,64";"M10";"V22";"C0197"
"V000771";"11-03-2024";"Magasin";"LIVREE";"P0046";"3";"0,00";"3105,00";"3105,00";"1846,08";"M07";"V14";"C0143"
"V000772";"11-03-2024";"web";"encours";"P0059";"3";"0,00";"120,00";"120,00";"57,69";"M04";"V09";"C0180"
"V000773";"11-03-2024";"MAGASIN";"livree";"P0021";"4";"0,00";"1640,00";"1640,00";"757,64";"M05";"V11";"C0167"
"V000774";"12-03-2024";"Web";"livree";"P0002";"1";"0,00";"700,00";"700,00";"352,76";"M14";"V32";"C0084"
"V000775";"12-03-2024";"Magasin";"livree";"P0013";"1";"0,00";"750,00";"750,00";"338,18";"M16";"V37";"C0118"
"V000776";"12-03-2024";"Magasin";"Livree";"P0054";"1";"0,00";"160,00";"160,00";"77,44";"M05";"V11";"C0088"
"V000777";"12-03-2024";"web";"Livree";"P0051";"1";"5,00";"155,00";"147,25";"77,85";"M24";"V58";"C0099"
"V000778";"12-03-2024";"Web";"Livree";"P0041";"2";"5,00";"4450,00";"4227,50";"2697,40";"M12";"V28";"C0030"
"V000779";"13-03-2024";"MAGASIN";"LIVREE";"P0058";"2";"0,00";"130,00";"130,00";"62,62";"M16";"V38";"C0148"
"V000780";"13-03-2024";"web";"Livree";"P0015";"1";"0,00";"550,00";"550,00";"305,75";"M25";"V59";"C0047"
"V000781";"14-03-2024";"Magasin";"Livree";"P0061";"2";"0,00";"280,00";"280,00";"150,94";"M21";"V52";"C0139"
"V000782";"14-03-2024";"MAGASIN";"LIVREE";"P0064";"1";"0,00";"70,00";"70,00";"35,86";"M12";"V27";"C0150"
"V000783";"14-03-2024";"magasin";"LIVREE";"P0062";"4";"0,00";"520,00";"520,00";"264,52";"M15";"V34";"C0198"
"V000784";"14-03-2024";"Magasin";"LIVREE";"P0061";"1";"0,00";"140,00";"140,00";"75,47";"M07";"V15";"C0178"
"V000785";"14-03-2024";"Magasin";"livree";"P0052";"1";"10,00";"135,00";"121,50";"72,51";"M25";"V59";"C0064"
"V000786";"15-03-2024";"Magasin";"Livree";"P0059";"1";"0,00";"40,00";"40,00";"19,23";"M07";"V14";"C0005"
"V000787";"15-03-2024";"magasin";"Livree";"P0033";"1";"0,00";"50,00";"50,00";"22,73";"M05";"V10";"C0148"
"V000788";"15-03-2024";"MAGASIN";"Livree";"P0057";"1";"0,00";"20,00";"20,00";"10,89";"M02";"V05";"C0028"
"V000789";"15-03-2024";"Web";"livree";"P0052";"3";"0,00";"405,00";"405,00";"217,53";"M03";"V06";"C0216"
"V000790";"15-03-2024";"Magasin";"Livree";"P0058";"1";"5,00";"65,00";"61,75";"31,31";"M08";"V16";"C0125"
"V000791";"16-03-2024";"web";"Livree";"P0061";"2";"0,00";"280,00";"280,00";"150,94";"M24";"V58";"C0027"
"V000792";"16-03-2024";"Magasin";"LIVREE";"P0040";"1";"0,00";"1910,00";"1910,00";"1038,92";"M06";"V13";"C0202"
"V000793";"16-03-2024";"web";"LIVREE";"P0048";"1";"0,00";"1760,00";"1760,00";"945,76";"M14";"V32";"C0108"
"V000794";"16-03-2024";"web";"LIVREE";"P0030";"1";"10,00";"265,00";"238,50";"125,99";"M13";"V29";"C0090"
"V000795";"16-03-2024";"Magasin";"LIVREE";"P0063";"1";"10,00";"105,00";"94,50";"58,21";"M12";"V28";"C0145"
"V000796";"16-03-2024";"Web";"Livree";"P0030";"1";"0,00";"265,00";"265,00";"125,99";"M22";"V53";"C0044"
"V000797";"16-03-2024";"MAGASIN";"encours";"P0054";"1";"5,00";"160,00";"152,00";"77,44";"M10";"V22";"C0057"
"V000798";"16-03-2024";"web";"LIVREE";"P0030";"1";"0,00";"265,00";"265,00";"125,99";"M06";"V12";"C0026"
"V000799";"16-03-2024";"web";"Livree";"P0024";"3";"0,00";"2310,00";"2310,00";"1397,67";"M10";"V21";"C0115"
"V000800";"16-03-2024";"MAGASIN";"Livree";"P0052";"2";"10,00";"270,00";"243,00";"145,02";"M25";"V60";"C0150"
"V000801";"16-03-2024";"WEB";"Annulee";"P0015";"1";"0,00";"550,00";"550,00";"305,75";"M09";"V19";"C0102"
"V000802";"17-03-2024";"Web";"Livree";"P0020";"2";"5,00";"770,00";"731,50";"435,94";"M08";"V17";"C0081"
"V000803";"17-03-2024";"Magasin";"LIVREE";"P0054";"1";"5,00";"160,00";"152,00";"77,44";"M16";"V37";"C0217"
"V000804";"17-03-2024";"Web";"livree";"P0025";"1";"0,00";"55,00";"55,00";"32,37";"M11";"V24";"C0085"
"V000805";"17-03-2024";"WEB";"Livree";"P0062";"1";"0,00";"130,00";"130,00";"66,13";"M23";"V56";"C0186"
"V000806";"17-03-2024";"Magasin";"Livree";"P0034";"2";"5,00";"400,00";"380,00";"236,88";"M07";"V15";"C0208"
"V000807";"17-03-2024";"Magasin";"encours";"P0049";"2";"5,00";"3540,00";"3363,00";"1596,14";"M06";"V13";"C0141"
"V000808";"18-03-2024";"magasin";"LIVREE";"P0046";"2";"5,00";"2070,00";"1966,50";"1230,72";"M01";"V01";"C0105"
"V000809";"18-03-2024";"Magasin";"Livree";"P0029";"2";"0,00";"570,00";"570,00";"338,00";"M13";"V30";"C0173"
"V000810";"18-03-2024";"Magasin";"Livree";"P0005";"2";"0,00";"650,00";"650,00";"297,42";"M13";"V29";"C0115"
"V000811";"19-03-2024";"MAGASIN";"LIVREE";"P0042";"1";"5,00";"2045,00";"1942,75";"1236,64";"M02";"V04";"C0004"
"V000812";"19-03-2024";"Magasin";"EnCours";"P0056";"1";"0,00";"25,00";"25,00";"12,15";"M08";"V16";"C0024"
"V000813";"20-03-2024";"WEB";"LIVREE";"P0037";"2";"10,00";"460,00";"414,00";"231,90";"M21";"V51";"C0100"
"V000814";"20-03-2024";"Magasin";"encours";"P0063";"2";"0,00";"210,00";"210,00";"116,42";"M02";"V05";"C0010"
"V000815";"20-03-2024";"magasin";"Annulee";"P0049";"1";"10,00";"1770,00";"1593,00";"798,07";"M22";"V53";"C0149"
"V000816";"20-03-2024";"Web";"EnCours";"P0055";"4";"5,00";"160,00";"152,00";"76,84";"M07";"V14";"C0080"
"V000817";"21-03-2024";"magasin";"Annulee";"P0048";"1";"0,00";"1760,00";"1760,00";"945,76";"M14";"V32";"C0162"
"V000818";"21-03-2024";"Web";"Livree";"P0018";"2";"5,00";"1730,00";"1643,50";"882,22";"M04";"V08";"C0133"
"V000819";"21-03-2024";"Magasin";"livree";"P0056";"2";"0,00";"50,00";"50,00";"24,30";"M08";"V16";"C0089"
"V000820";"21-03-2024";"Magasin";"EnCours";"P0049";"2";"0,00";"3540,00";"3540,00";"1596,14";"M22";"V53";"C0144"
"V000821";"21-03-2024";"MAGASIN";"Livree";"P0049";"3";"0,00";"5310,00";"5310,00";"2394,21";"M07";"V15";"C0029"
"V000822";"21-03-2024";"Magasin";"Livree";"P0042";"1";"5,00";"2045,00";"1942,75";"1236,64";"M12";"V27";"C0015"
"V000823";"21-03-2024";"MAGASIN";"Livree";"P0064";"2";"5,00";"140,00";"133,00";"71,72";"M22";"V53";"C0059"
"V000824";"21-03-2024";"Magasin";"Livree";"P0052";"1";"0,00";"135,00";"135,00";"72,51";"M13";"V29";"C0212"
"V000825";"21-03-2024";"Magasin";"EnCours";"P0015";"2";"5,00";"1100,00";"1045,00";"611,50";"M24";"V57";"C0184"
"V000826";"22-03-2024";"Magasin";"Livree";"P0018";"2";"0,00";"1730,00";"1730,00";"882,22";"M18";"V43";"C0016"
"V000827";"22-03-2024";"magasin";"Livree";"P0051";"1";"0,00";"155,00";"155,00";"77,85";"M22";"V54";"C0102"
"V000828";"22-03-2024";"Magasin";"Livree";"P0052";"2";"0,00";"270,00";"270,00";"145,02";"M14";"V32";"C0159"
"V000829";"22-03-2024";"Magasin";"Livree";"P0060";"2";"5,00";"80,00";"76,00";"40,92";"M02";"V04";"C0093"
"V000830";"23-03-2024";"WEB";"LIVREE";"P0049";"2";"0,00";"3540,00";"3540,00";"1596,14";"M16";"V37";"C0137"
"V000831";"23-03-2024";"Magasin";"Livree";"P0041";"2";"5,00";"4450,00";"4227,50";"2697,40";"M25";"V60";"C0093"
"V000832";"23-03-2024";"MAGASIN";"Livree";"P0029";"1";"0,00";"285,00";"285,00";"169,00";"M08";"V17";"C0129"
"V000833";"23-03-2024";"WEB";"Livree";"P0044";"2";"0,00";"3600,00";"3600,00";"2106,42";"M11";"V24";"C0103"
"V000834";"23-03-2024";"Magasin";"LIVREE";"P0055";"2";"0,00";"80,00";"80,00";"38,42";"M18";"V44";"C0076"
"V000835";"24-03-2024";"Magasin";"Livree";"P0053";"1";"0,00";"155,00";"155,00";"83,01";"M06";"V13";"C0014"
"V000836";"24-03-2024";"Magasin";"Livree";"P0022";"1";"0,00";"430,00";"430,00";"205,70";"M10";"V22";"C0047"
"V000837";"24-03-2024";"Web";"LIVREE";"P0051";"1";"0,00";"155,00";"155,00";"77,85";"M22";"V53";"C0096"
"V000838";"24-03-2024";"magasin";"Livree";"P0033";"1";"0,00";"50,00";"50,00";"22,73";"M11";"V23";"C0018"
"V000839";"24-03-2024";"MAGASIN";"LIVREE";"P0021";"3";"0,00";"1230,00";"1230,00";"568,23";"M03";"V06";"C0193"
"V000840";"25-03-2024";"MAGASIN";"livree";"P0060";"1";"5,00";"40,00";"38,00";"20,46";"M14";"V33";"C0124"
"V000841";"25-03-2024";"magasin";"Livree";"P0017";"1";"0,00";"450,00";"450,00";"256,83";"M17";"V41";"C0084"
"V000842";"26-03-2024";"Magasin";"livree";"P0046";"2";"0,00";"2070,00";"2070,00";"1230,72";"M06";"V13";"C0051"
"V000843";"26-03-2024";"web";"Livree";"P0016";"3";"0,00";"1155,00";"1155,00";"536,22";"M05";"V10";"C0032"
"V000844";"26-03-2024";"magasin";"Livree";"P0064";"3";"0,00";"210,00";"210,00";"107,58";"M20";"V49";"C0117"
"V000845";"26-03-2024";"Magasin";"LIVREE";"P0031";"1";"0,00";"150,00";"150,00";"92,24";"M06";"V13";"C0214"
"V000846";"26-03-2024";"Magasin";"Livree";"P0039";"1";"0,00";"1485,00";"1485,00";"673,51";"M12";"V27";"C0172"
"V000847";"26-03-2024";"Magasin";"LIVREE";"P0031";"4";"0,00";"600,00";"600,00";"368,96";"M02";"V05";"C0138"
"V000848";"26-03-2024";"web";"LIVREE";"P0049";"1";"10,00";"1770,00";"1593,00";"798,07";"M20";"V48";"C0129"
"V000849";"26-03-2024";"web";"Livree";"P0017";"1";"0,00";"450,00";"450,00";"256,83";"M10";"V22";"C0220"
"V000850";"26-03-2024";"Magasin";"LIVREE";"P0046";"1";"5,00";"1035,00";"983,25";"615,36";"M12";"V26";"C0127"
"V000851";"27-03-2024";"MAGASIN";"Livree";"P0010";"2";"0,00";"1910,00";"1910,00";"1025,88";"M12";"V27";"C0166"
"V000852";"27-03-2024";"Magasin";"Livree";"P0013";"1";"0,00";"750,00";"750,00";"338,18";"M20";"V50";"C0170"
"V000853";"27-03-2024";"MAGASIN";"Livree";"P0058";"2";"5,00";"130,00";"123,50";"62,62";"M19";"V46";"C0019"
"V000854";"27-03-2024";"web";"Livree";"P0013";"1";"0,00";"750,00";"750,00";"338,18";"M18";"V44";"C0047"
"V000855";"27-03-2024";"magasin";"Livree";"P0059";"2";"0,00";"80,00";"80,00";"38,46";"M01";"V01";"C0083"
"V000856";"28-03-2024";"Magasin";"Livree";"P0032";"2";"10,00";"380,00";"342,00";"216,36";"M15";"V34";"C0184"
"V000857";"28-03-2024";"magasin";"Livree";"P0034";"3";"0,00";"600,00";"600,00";"355,32";"M05";"V10";"C0172"
"V000858";"28-03-2024";"Magasin";"livree";"P0045";"1";"5,00";"325,00";"308,75";"149,19";"M06";"V12";"C0105"
"V000859";"28-03-2024";"Magasin";"EnCours";"P0030";"1";"0,00";"265,00";"265,00";"125,99";"M19";"V45";"C0204"
"V000860";"28-03-2024";"Magasin";"Annulee";"P0047";"1";"5,00";"1665,00";"1581,75";"1004,07";"M18";"V43";"C0123"
"V000861";"29-03-2024";"Magasin";"Livree";"P0051";"2";"0,00";"310,00";"310,00";"155,70";"M19";"V47";"C0049"
"V000862";"29-03-2024";"web";"LIVREE";"P0059";"2";"0,00";"80,00";"80,00";"38,46";"M21";"V51";"C0158"
"V000863";"30-03-2024";"web";"LIVREE";"P0053";"3";"5,00";"465,00";"441,75";"249,03";"M03";"V07";"C0031"
"V000864";"30-03-2024";"Magasin";"LIVREE";"P0027";"3";"0,00";"660,00";"660,00";"319,98";"M18";"V44";"C0108"
"V000865";"30-03-2024";"WEB";"Livree";"P0048";"1";"0,00";"1760,00";"1760,00";"945,76";"M14";"V33";"C0174"
"V000866";"30-03-2024";"Web";"livree";"P0034";"1";"0,00";"200,00";"200,00";"118,44";"M05";"V10";"C0171"
"V000867";"31-03-2024";"web";"LIVREE";"P0009";"3";"0,00";"1515,00";"1515,00";"891,51";"M21";"V52";"C0060"
"V000868";"31-03-2024";"magasin";"livree";"P0046";"2";"0,00";"2070,00";"2070,00";"1230,72";"M06";"V13";"C0115"
"V000869";"31-03-2024";"magasin";"LIVREE";"P0012";"1";"0,00";"1010,00";"1010,00";"588,54";"M11";"V23";"C0145"
"V000870";"31-03-2024";"Magasin";"Livree";"P0058";"2";"0,00";"130,00";"130,00";"62,62";"M01";"V01";"C0219"
"V000871";"31-03-2024";"Magasin";"Livree";"P0040";"1";"0,00";"1910,00";"1910,00";"1038,92";"M03";"V06";"C0119"
"V000872";"31-03-2024";"magasin";"livree";"P0062";"2";"0,00";"260,00";"260,00";"132,26";"M25";"V60";"C0076"
"V000873";"31-03-2024";"Magasin";"Livree";"P0047";"2";"0,00";"3330,00";"3330,00";"2008,14";"M17";"V42";"C0036"
"V000874";"31-03-2024";"Magasin";"LIVREE";"P0053";"1";"10,00";"155,00";"139,50";"83,01";"M19";"V45";"C0156"
"V000875";"01-04-2024";"MAGASIN";"livree";"P0013";"2";"0,00";"1500,00";"1500,00";"676,36";"M17";"V40";"C0045"
"V000876";"01-04-2024";"Web";"LIVREE";"P0005";"1";"0,00";"325,00";"325,00";"148,71";"M24";"V57";"C0140"
"V000877";"01-04-2024";"Web";"Annulee";"P0032";"2";"0,00";"380,00";"380,00";"216,36";"M02";"V04";"C0198"
"V000878";"02-04-2024";"Magasin";"Livree";"P0056";"1";"0,00";"25,00";"25,00";"12,15";"M10";"V20";"C0158"
"V000879";"02-04-2024";"Web";"Livree";"P0004";"1";"0,00";"960,00";"960,00";"561,87";"M01";"V02";"C0082"
"V000880";"02-04-2024";"Magasin";"Livree";"P0037";"1";"10,00";"230,00";"207,00";"115,95";"M15";"V35";"C0026"
"V000881";"02-04-2024";"magasin";"LIVREE";"P0025";"1";"0,00";"55,00";"55,00";"32,37";"M02";"V04";"C0107"
"V000882";"02-04-2024";"Magasin";"LIVREE";"P0043";"1";"10,00";"2230,00";"2007,00";"1198,97";"M25";"V60";"C0075"
"V000883";"02-04-2024";"magasin";"Livree";"P0057";"3";"0,00";"60,00";"60,00";"32,67";"M21";"V52";"C0158"
"V000884";"03-04-2024";"Magasin";"Livree";"P0037";"1";"5,00";"230,00";"218,50";"115,95";"M16";"V38";"C0022"
"V000885";"03-04-2024";"WEB";"Livree";"P0060";"4";"5,00";"160,00";"152,00";"81,84";"M16";"V39";"C0043"
"V000886";"03-04-2024";"web";"Livree";"P0054";"2";"10,00";"320,00";"288,00";"154,88";"M11";"V24";"C0058"
"V000887";"03-04-2024";"Magasin";"livree";"P0038";"1";"0,00";"230,00";"230,00";"119,32";"M25";"V59";"C0076"
"V000888";"03-04-2024";"Magasin";"encours";"P0051";"4";"0,00";"620,00";"620,00";"311,40";"M21";"V51";"C0174"
"V000889";"03-04-2024";"MAGASIN";"livree";"P0032";"3";"0,00";"570,00";"570,00";"324,54";"M13";"V31";"C0102"
"V000890";"03-04-2024";"MAGASIN";"Livree";"P0041";"3";"0,00";"6675,00";"6675,00";"4046,10";"M21";"V51";"C0150"
"V000891";"03-04-2024";"Web";"LIVREE";"P0023";"1";"0,00";"700,00";"700,00";"404,57";"M13";"V29";"C0095"
"V000892";"04-04-2024";"Magasin";"Livree";"P0017";"1";"0,00";"450,00";"450,00";"256,83";"M10";"V21";"C0154"
"V000893";"04-04-2024";"Magasin";"encours";"P0062";"2";"0,00";"260,00";"260,00";"132,26";"M03";"V07";"C0073"
"V000894";"04-04-2024";"magasin";"Annulee";"P0014";"2";"0,00";"1270,00";"1270,00";"666,94";"M20";"V48";"C0123"
"V000895";"04-04-2024";"magasin";"LIVREE";"P0020";"4";"0,00";"1540,00";"1540,00";"871,88";"M19";"V47";"C0155"
"V000896";"04-04-2024";"magasin";"Livree";"P0005";"3";"0,00";"975,00";"975,00";"446,13";"M12";"V27";"C0122"
"V000897";"04-04-2024";"Magasin";"Livree";"P0027";"1";"0,00";"220,00";"220,00";"106,66";"M15";"V34";"C0113"
"V000898";"04-04-2024";"MAGASIN";"livree";"P0015";"1";"0,00";"550,00";"550,00";"305,75";"M07";"V15";"C0151"
"V000899";"04-04-2024";"Web";"livree";"P0005";"2";"0,00";"650,00";"650,00";"297,42";"M02";"V05";"C0117"
"V000900";"05-04-2024";"Magasin";"Livree";"P0060";"1";"0,00";"40,00";"40,00";"20,46";"M10";"V21";"C0175"
"V000901";"05-04-2024";"Magasin";"LIVREE";"P0061";"1";"0,00";"140,00";"140,00";"75,47";"M03";"V07";"C0043"
"V000902";"06-04-2024";"magasin";"Livree";"P0026";"3";"0,00";"825,00";"825,00";"412,35";"M25";"V59";"C0136"
"V000903";"06-04-2024";"Magasin";"LIVREE";"P0055";"1";"0,00";"40,00";"40,00";"19,21";"M06";"V12";"C0054"
"V000904";"06-04-2024";"Web";"livree";"P0036";"1";"0,00";"105,00";"105,00";"57,91";"M16";"V38";"C0086"
"V000905";"06-04-2024";"Magasin";"Livree";"P0029";"1";"0,00";"285,00";"285,00";"169,00";"M13";"V29";"C0163"
"V000906";"07-04-2024";"web";"livree";"P0044";"1";"0,00";"1800,00";"1800,00";"1053,21";"M09";"V18";"C0189"
"V000907";"07-04-2024";"Web";"Livree";"P0063";"2";"0,00";"210,00";"210,00";"116,42";"M01";"V02";"C0081"
"V000908";"07-04-2024";"MAGASIN";"EnCours";"P0058";"1";"0,00";"65,00";"65,00";"31,31";"M16";"V38";"C0133"
"V000909";"07-04-2024";"Magasin";"Livree";"P0051";"1";"0,00";"155,00";"155,00";"77,85";"M07";"V14";"C0163"
"V000910";"08-04-2024";"Web";"Livree";"P0029";"1";"0,00";"285,00";"285,00";"169,00";"M25";"V60";"C0202"
"V000911";"08-04-2024";"Magasin";"LIVREE";"P0031";"4";"0,00";"600,00";"600,00";"368,96";"M05";"V11";"C0164"
"V000912";"09-04-2024";"Magasin";"Livree";"P0060";"1";"0,00";"40,00";"40,00";"20,46";"M04";"V08";"C0181"
"V000913";"09-04-2024";"WEB";"LIVREE";"P0058";"1";"0,00";"65,00";"65,00";"31,31";"M20";"V50";"C0063"
"V000914";"09-04-2024";"magasin";"LIVREE";"P0052";"3";"0,00";"405,00";"405,00";"217,53";"M16";"V38";"C0041"
"V000915";"09-04-2024";"Magasin";"LIVREE";"P0001";"1";"0,00";"1055,00";"1055,00";"627,64";"M14";"V33";"C0152"
"V000916";"10-04-2024";"Web";"LIVREE";"P0009";"1";"0,00";"505,00";"505,00";"297,17";"M02";"V04";"C0114"
"V000917";"10-04-2024";"web";"Livree";"P0016";"4";"0,00";"1540,00";"1540,00";"714,96";"M25";"V59";"C0203"
"V000918";"10-04-2024";"MAGASIN";"LIVREE";"P0006";"2";"0,00";"2150,00";"2150,00";"1314,38";"M22";"V54";"C0021"
"V000919";"10-04-2024";"Magasin";"LIVREE";"P0050";"1";"5,00";"230,00";"218,50";"115,83";"M14";"V32";"C0060"
"V000920";"10-04-2024";"web";"Livree";"P0038";"1";"0,00";"230,00";"230,00";"119,32";"M21";"V51";"C0151"
"V000921";"11-04-2024";"Magasin";"Livree";"P0054";"2";"0,00";"320,00";"320,00";"154,88";"M17";"V42";"C0134"
"V000922";"11-04-2024";"magasin";"LIVREE";"P0033";"1";"5,00";"50,00";"47,50";"22,73";"M14";"V32";"C0206"
"V000923";"11-04-2024";"Magasin";"livree";"P0034";"1";"0,00";"200,00";"200,00";"118,44";"M20";"V49";"C0067"
"V000924";"11-04-2024";"MAGASIN";"Livree";"P0029";"1";"0,00";"285,00";"285,00";"169,00";"M03";"V07";"C0023"
"V000925";"11-04-2024";"magasin";"LIVREE";"P0028";"1";"5,00";"130,00";"123,50";"67,26";"M15";"V35";"C0212"
"V000926";"11-04-2024";"WEB";"Livree";"P0034";"1";"0,00";"200,00";"200,00";"118,44";"M07";"V14";"C0073"
"V000927";"11-04-2024";"Magasin";"LIVREE";"P0063";"2";"0,00";"210,00";"210,00";"116,42";"M08";"V17";"C0082"
"V000928";"11-04-2024";"Web";"Livree";"P0045";"2";"0,00";"650,00";"650,00";"298,38";"M23";"V56";"C0185"
"V000929";"11-04-2024";"web";"EnCours";"P0026";"3";"0,00";"825,00";"825,00";"412,35";"M10";"V22";"C0212"
"V000930";"12-04-2024";"WEB";"LIVREE";"P0059";"1";"10,00";"40,00";"36,00";"19,23";"M02";"V05";"C0140"
"V000931";"12-04-2024";"Web";"Annulee";"P0039";"2";"0,00";"2970,00";"2970,00";"1347,02";"M11";"V23";"C0204"
"V000932";"12-04-2024";"Magasin";"Livree";"P0051";"1";"0,00";"155,00";"155,00";"77,85";"M25";"V59";"C0019"
"V000933";"12-04-2024";"WEB";"LIVREE";"P0052";"1";"0,00";"135,00";"135,00";"72,51";"M11";"V23";"C0003"
"V000934";"12-04-2024";"Web";"LIVREE";"P0063";"1";"0,00";"105,00";"105,00";"58,21";"M03";"V07";"C0213"
"V000935";"12-04-2024";"Magasin";"Livree";"P0055";"2";"0,00";"80,00";"80,00";"38,42";"M01";"V02";"C0147"
"V000936";"12-04-2024";"Magasin";"LIVREE";"P0013";"2";"0,00";"1500,00";"1500,00";"676,36";"M06";"V12";"C0015"
"V000937";"13-04-2024";"Magasin";"LIVREE";"P0060";"4";"5,00";"160,00";"152,00";"81,84";"M18";"V43";"C0028"
"V000938";"13-04-2024";"Web";"LIVREE";"P0030";"1";"0,00";"265,00";"265,00";"125,99";"M13";"V30";"C0191"
"V000939";"13-04-2024";"WEB";"Livree";"P0037";"1";"5,00";"230,00";"218,50";"115,95";"M04";"V09";"C0077"
"V000940";"13-04-2024";"MAGASIN";"LIVREE";"P0043";"2";"0,00";"4460,00";"4460,00";"2397,94";"M02";"V04";"C0147"
"V000941";"14-04-2024";"Magasin";"EnCours";"P0032";"1";"5,00";"190,00";"180,50";"108,18";"M03";"V06";"C0188"
"V000942";"14-04-2024";"MAGASIN";"EnCours";"P0062";"1";"0,00";"130,00";"130,00";"66,13";"M17";"V40";"C0003"
"V000943";"14-04-2024";"Magasin";"LIVREE";"P0060";"3";"0,00";"120,00";"120,00";"61,38";"M02";"V04";"C0082"
"V000944";"14-04-2024";"WEB";"Annulee";"P0054";"4";"0,00";"640,00";"640,00";"309,76";"M04";"V09";"C0097"
"V000945";"14-04-2024";"MAGASIN";"Livree";"P0024";"2";"5,00";"1540,00";"1463,00";"931,78";"M19";"V45";"C0060"
"V000946";"14-04-2024";"WEB";"LIVREE";"P0051";"3";"10,00";"465,00";"418,50";"233,55";"M08";"V16";"C0039"
"V000947";"14-04-2024";"MAGASIN";"Livree";"P0050";"1";"0,00";"230,00";"230,00";"115,83";"M15";"V36";"C0117"
"V000948";"14-04-2024";"magasin";"livree";"P0060";"3";"0,00";"120,00";"120,00";"61,38";"M04";"V09";"C0012"
"V000949";"14-04-2024";"Magasin";"EnCours";"P0009";"3";"0,00";"1515,00";"1515,00";"891,51";"M19";"V45";"C0029"
"V000950";"15-04-2024";"WEB";"Livree";"P0049";"1";"0,00";"1770,00";"1770,00";"798,07";"M25";"V60";"C0058"
"V000951";"15-04-2024";"WEB";"LIVREE";"P0058";"2";"0,00";"130,00";"130,00";"62,62";"M18";"V43";"C0215"
"V000952";"15-04-2024";"MAGASIN";"livree";"P0045";"2";"5,00";"650,00";"617,50";"298,38";"M08";"V16";"C0022"
"V000953";"15-04-2024";"Web";"Livree";"P0061";"4";"0,00";"560,00";"560,00";"301,88";"M05";"V10";"C0006"
"V000954";"15-04-2024";"web";"LIVREE";"P0037";"1";"0,00";"230,00";"230,00";"115,95";"M15";"V34";"C0162"
"V000955";"15-04-2024";"Magasin";"Livree";"P0024";"2";"0,00";"1540,00";"1540,00";"931,78";"M08";"V17";"C0040"
"V000956";"15-04-2024";"WEB";"livree";"P0049";"1";"5,00";"1770,00";"1681,50";"798,07";"M24";"V58";"C0008"
"V000957";"15-04-2024";"magasin";"Livree";"P0025";"2";"0,00";"110,00";"110,00";"64,74";"M08";"V16";"C0131"
"V000958";"15-04-2024";"magasin";"Livree";"P0063";"2";"0,00";"210,00";"210,00";"116,42";"M02";"V04";"C0112"
"V000959";"15-04-2024";"Web";"livree";"P0020";"1";"0,00";"385,00";"385,00";"217,97";"M18";"V44";"C0141"
"V000960";"15-04-2024";"magasin";"Livree";"P0064";"2";"0,00";"140,00";"140,00";"71,72";"M14";"V33";"C0106"
"V000961";"16-04-2024";"magasin";"Annulee";"P0055";"1";"5,00";"40,00";"38,00";"19,21";"M08";"V16";"C0152"
"V000962";"16-04-2024";"magasin";"LIVREE";"P0026";"2";"0,00";"550,00";"550,00";"274,90";"M20";"V49";"C0141"
"V000963";"16-04-2024";"Magasin";"Livree";"P0038";"1";"0,00";"230,00";"230,00";"119,32";"M20";"V49";"C0139"
"V000964";"17-04-2024";"Magasin";"Livree";"P0062";"2";"0,00";"260,00";"260,00";"132,26";"M22";"V54";"C0024"
"V000965";"17-04-2024";"magasin";"livree";"P0041";"3";"0,00";"6675,00";"6675,00";"4046,10";"M23";"V56";"C0096"
"V000966";"17-04-2024";"MAGASIN";"LIVREE";"P0041";"1";"0,00";"2225,00";"2225,00";"1348,70";"M23";"V56";"C0116"
"V000967";"17-04-2024";"Web";"EnCours";"P0011";"3";"0,00";"3450,00";"3450,00";"2015,91";"M04";"V08";"C0202"
"V000968";"17-04-2024";"magasin";"LIVREE";"P0008";"1";"0,00";"495,00";"495,00";"243,76";"M10";"V21";"C0080"
"V000969";"17-04-2024";"Magasin";"LIVREE";"P0062";"1";"0,00";"130,00";"130,00";"66,13";"M13";"V29";"C0145"
"V000970";"18-04-2024";"MAGASIN";"Livree";"P0051";"1";"0,00";"155,00";"155,00";"77,85";"M20";"V49";"C0059"
"V000971";"18-04-2024";"MAGASIN";"EnCours";"P0042";"4";"5,00";"8180,00";"7771,00";"4946,56";"M22";"V53";"C0039"
"V000972";"18-04-2024";"WEB";"Livree";"P0013";"3";"0,00";"2250,00";"2250,00";"1014,54";"M20";"V49";"C0079"
"V000973";"18-04-2024";"WEB";"LIVREE";"P0010";"4";"0,00";"3820,00";"3820,00";"2051,76";"M18";"V43";"C0055"
"V000974";"18-04-2024";"MAGASIN";"Livree";"P0030";"2";"0,00";"530,00";"530,00";"251,98";"M06";"V12";"C0175"
"V000975";"18-04-2024";"magasin";"Livree";"P0046";"2";"0,00";"2070,00";"2070,00";"1230,72";"M15";"V36";"C0031"
"V000976";"18-04-2024";"magasin";"Annulee";"P0054";"1";"0,00";"160,00";"160,00";"77,44";"M05";"V10";"C0017"
"V000977";"19-04-2024";"Magasin";"livree";"P0039";"1";"0,00";"1485,00";"1485,00";"673,51";"M02";"V05";"C0076"
"V000978";"19-04-2024";"Magasin";"LIVREE";"P0040";"1";"0,00";"1910,00";"1910,00";"1038,92";"M25";"V60";"C0177"
"V000979";"19-04-2024";"WEB";"LIVREE";"P0064";"1";"0,00";"70,00";"70,00";"35,86";"M16";"V37";"C0107"
"V000980";"20-04-2024";"Web";"LIVREE";"P0040";"4";"10,00";"7640,00";"6876,00";"4155,68";"M12";"V27";"C0180"
"V000981";"20-04-2024";"Magasin";"EnCours";"P0046";"3";"0,00";"3105,00";"3105,00";"1846,08";"M21";"V51";"C0167"
"V000982";"20-04-2024";"MAGASIN";"LIVREE";"P0029";"1";"0,00";"285,00";"285,00";"169,00";"M23";"V56";"C0037"
"V000983";"20-04-2024";"WEB";"Livree";"P0024";"1";"5,00";"770,00";"731,50";"465,89";"M05";"V10";"C0075"
"V000984";"20-04-2024";"Magasin";"Livree";"P0061";"1";"0,00";"140,00";"140,00";"75,47";"M18";"V44";"C0193"
"V000985";"20-04-2024";"Magasin";"Livree";"P0018";"3";"0,00";"2595,00";"2595,00";"1323,33";"M21";"V52";"C0132"
"V000986";"20-04-2024";"Web";"Livree";"P0041";"3";"0,00";"6675,00";"6675,00";"4046,10";"M11";"V23";"C0124"
"V000987";"20-04-2024";"magasin";"Livree";"P0031";"3";"0,00";"450,00";"450,00";"276,72";"M09";"V19";"C0212"
"V000988";"21-04-2024";"web";"Annulee";"P0018";"2";"5,00";"1730,00";"1643,50";"882,22";"M16";"V38";"C0126"
"V000989";"21-04-2024";"Web";"LIVREE";"P0053";"1";"0,00";"155,00";"155,00";"83,01";"M14";"V32";"C0212"
"V000990";"21-04-2024";"MAGASIN";"livree";"P0024";"2";"0,00";"1540,00";"1540,00";"931,78";"M06";"V13";"C0089"
"V000991";"21-04-2024";"Magasin";"livree";"P0044";"1";"5,00";"1800,00";"1710,00";"1053,21";"M21";"V52";"C0114"
"V000992";"21-04-2024";"Web";"Livree";"P0051";"1";"0,00";"155,00";"155,00";"77,85";"M04";"V09";"C0059"
"V000993";"21-04-2024";"Web";"encours";"P0031";"2";"5,00";"300,00";"285,00";"184,48";"M11";"V24";"C0115"
"V000994";"21-04-2024";"Magasin";"Livree";"P0039";"2";"0,00";"2970,00";"2970,00";"1347,02";"M01";"V02";"C0144"
"V000995";"21-04-2024";"MAGASIN";"LIVREE";"P0013";"1";"10,00";"750,00";"675,00";"338,18";"M15";"V34";"C0047"
"V000996";"21-04-2024";"magasin";"Livree";"P0058";"1";"10,00";"65,00";"58,50";"31,31";"M25";"V60";"C0133"
"V000997";"21-04-2024";"Magasin";"Livree";"P0029";"1";"0,00";"285,00";"285,00";"169,00";"M06";"V12";"C0050"
"V000998";"22-04-2024";"magasin";"Livree";"P0012";"1";"0,00";"1010,00";"1010,00";"588,54";"M06";"V13";"C0175"
"V000999";"22-04-2024";"Web";"Livree";"P0047";"1";"0,00";"1665,00";"1665,00";"1004,07";"M02";"V04";"C0071"
"V001000";"22-04-2024";"Magasin";"Livree";"P0062";"1";"0,00";"130,00";"130,00";"66,13";"M07";"V14";"C0027"
"V001001";"22-04-2024";"Magasin";"Livree";"P0034";"1";"0,00";"200,00";"200,00";"118,44";"M19";"V45";"C0035"
"V001002";"23-04-2024";"Magasin";"livree";"P0060";"3";"0,00";"120,00";"120,00";"61,38";"M04";"V08";"C0032"
"V001003";"23-04-2024";"Magasin";"LIVREE";"P0004";"2";"5,00";"1920,00";"1824,00";"1123,74";"M04";"V09";"C0120"
"V001004";"23-04-2024";"MAGASIN";"Livree";"P0030";"1";"10,00";"265,00";"238,50";"125,99";"M14";"V33";"C0121"
"V001005";"24-04-2024";"Magasin";"livree";"P0051";"2";"0,00";"310,00";"310,00";"155,70";"M17";"V41";"C0058"
"V001006";"24-04-2024";"WEB";"livree";"P0058";"4";"0,00";"260,00";"260,00";"125,24";"M06";"V13";"C0107"
"V001007";"24-04-2024";"Magasin";"Livree";"P0022";"1";"0,00";"430,00";"430,00";"205,70";"M02";"V05";"C0066"
"V001008";"24-04-2024";"MAGASIN";"LIVREE";"P0050";"1";"0,00";"230,00";"230,00";"115,83";"M02";"V04";"C0172"
"V001009";"25-04-2024";"Magasin";"Livree";"P0022";"2";"0,00";"860,00";"860,00";"411,40";"M20";"V48";"C0085"
"V001010";"25-04-2024";"magasin";"LIVREE";"P0054";"2";"0,00";"320,00";"320,00";"154,88";"M13";"V31";"C0206"
"V001011";"25-04-2024";"web";"encours";"P0049";"1";"10,00";"1770,00";"1593,00";"798,07";"M22";"V54";"C0062"
"V001012";"25-04-2024";"Magasin";"livree";"P0058";"1";"10,00";"65,00";"58,50";"31,31";"M23";"V55";"C0176"
"V001013";"25-04-2024";"Magasin";"Livree";"P0059";"1";"5,00";"40,00";"38,00";"19,23";"M01";"V03";"C0106"
"V001014";"25-04-2024";"MAGASIN";"Livree";"P0043";"1";"0,00";"2230,00";"2230,00";"1198,97";"M16";"V37";"C0089"
"V001015";"26-04-2024";"Magasin";"Livree";"P0040";"2";"10,00";"3820,00";"3438,00";"2077,84";"M09";"V19";"C0140"
"V001016";"26-04-2024";"Magasin";"livree";"P0002";"2";"0,00";"1400,00";"1400,00";"705,52";"M18";"V44";"C0216"
"V001017";"27-04-2024";"magasin";"Livree";"P0061";"1";"0,00";"140,00";"140,00";"75,47";"M21";"V52";"C0135"
"V001018";"27-04-2024";"web";"LIVREE";"P0047";"1";"10,00";"1665,00";"1498,50";"1004,07";"M20";"V48";"C0122"
"V001019";"27-04-2024";"WEB";"Livree";"P0060";"1";"0,00";"40,00";"40,00";"20,46";"M04";"V09";"C0056"
"V001020";"27-04-2024";"Web";"LIVREE";"P0055";"2";"0,00";"80,00";"80,00";"38,42";"M06";"V12";"C0147"
"V001021";"28-04-2024";"Magasin";"Livree";"P0023";"2";"5,00";"1400,00";"1330,00";"809,14";"M15";"V35";"C0093"
"V001022";"28-04-2024";"WEB";"LIVREE";"P0015";"1";"0,00";"550,00";"550,00";"305,75";"M07";"V15";"C0202"
"V001023";"28-04-2024";"Web";"LIVREE";"P0043";"1";"0,00";"2230,00";"2230,00";"1198,97";"M17";"V41";"C0216"
"V001024";"28-04-2024";"Magasin";"LIVREE";"P0054";"2";"0,00";"320,00";"320,00";"154,88";"M17";"V42";"C0053"
"V001025";"28-04-2024";"Magasin";"EnCours";"P0008";"2";"0,00";"990,00";"990,00";"487,52";"M23";"V55";"C0207"
"V001026";"29-04-2024";"Magasin";"LIVREE";"P0049";"2";"0,00";"3540,00";"3540,00";"1596,14";"M20";"V48";"C0048"
"V001027";"29-04-2024";"Web";"Livree";"P0053";"1";"0,00";"155,00";"155,00";"83,01";"M15";"V34";"C0188"
"V001028";"29-04-2024";"WEB";"Livree";"P0024";"1";"0,00";"770,00";"770,00";"465,89";"M24";"V58";"C0154"
"V001029";"29-04-2024";"web";"Livree";"P0063";"1";"0,00";"105,00";"105,00";"58,21";"M11";"V23";"C0154"
"V001030";"29-04-2024";"Magasin";"Livree";"P0055";"3";"5,00";"120,00";"114,00";"57,63";"M11";"V24";"C0112"
"V001031";"29-04-2024";"Web";"livree";"P0059";"2";"5,00";"80,00";"76,00";"38,46";"M13";"V31";"C0146"
"V001032";"29-04-2024";"Web";"Livree";"P0002";"1";"0,00";"700,00";"700,00";"352,76";"M23";"V56";"C0207"
"V001033";"30-04-2024";"Magasin";"encours";"P0052";"1";"0,00";"135,00";"135,00";"72,51";"M21";"V51";"C0150"
"V001034";"30-04-2024";"Magasin";"livree";"P0052";"1";"0,00";"135,00";"135,00";"72,51";"M01";"V01";"C0168"
"V001035";"30-04-2024";"MAGASIN";"LIVREE";"P0032";"1";"0,00";"190,00";"190,00";"108,18";"M15";"V36";"C0125"
"V001036";"30-04-2024";"magasin";"LIVREE";"P0062";"1";"0,00";"130,00";"130,00";"66,13";"M24";"V58";"C0012"
"V001037";"01-05-2024";"Magasin";"Livree";"P0051";"4";"0,00";"620,00";"620,00";"311,40";"M07";"V14";"C0220"
"V001038";"01-05-2024";"magasin";"Livree";"P0057";"1";"0,00";"20,00";"20,00";"10,89";"M24";"V58";"C0122"
"V001039";"01-05-2024";"Magasin";"EnCours";"P0043";"1";"0,00";"2230,00";"2230,00";"1198,97";"M04";"V09";"C0149"
"V001040";"01-05-2024";"MAGASIN";"EnCours";"P0043";"3";"0,00";"6690,00";"6690,00";"3596,91";"M02";"V05";"C0213"
"V001041";"01-05-2024";"magasin";"Livree";"P0031";"1";"0,00";"150,00";"150,00";"92,24";"M13";"V30";"C0006"
"V001042";"02-05-2024";"Web";"EnCours";"P0038";"1";"0,00";"230,00";"230,00";"119,32";"M03";"V07";"C0126"
"V001043";"02-05-2024";"magasin";"encours";"P0046";"3";"10,00";"3105,00";"2794,50";"1846,08";"M18";"V43";"C0025"
"V001044";"02-05-2024";"magasin";"Livree";"P0044";"1";"0,00";"1800,00";"1800,00";"1053,21";"M12";"V28";"C0073"
"V001045";"02-05-2024";"Magasin";"LIVREE";"P0061";"4";"0,00";"560,00";"560,00";"301,88";"M25";"V59";"C0140"
"V001046";"02-05-2024";"magasin";"Livree";"P0014";"2";"0,00";"1270,00";"1270,00";"666,94";"M01";"V01";"C0183"
"V001047";"02-05-2024";"magasin";"Livree";"P0045";"1";"0,00";"325,00";"325,00";"149,19";"M01";"V01";"C0019"
"V001048";"02-05-2024";"Web";"Livree";"P0037";"2";"0,00";"460,00";"460,00";"231,90";"M15";"V36";"C0205"
"V001049";"03-05-2024";"magasin";"Livree";"P0050";"2";"10,00";"460,00";"414,00";"231,66";"M12";"V28";"C0141"
"V001050";"03-05-2024";"WEB";"Livree";"P0049";"2";"0,00";"3540,00";"3540,00";"1596,14";"M06";"V13";"C0174"
"V001051";"03-05-2024";"Magasin";"Livree";"P0001";"2";"5,00";"2110,00";"2004,50";"1255,28";"M20";"V50";"C0207"
"V001052";"03-05-2024";"magasin";"Livree";"P0048";"4";"0,00";"7040,00";"7040,00";"3783,04";"M15";"V34";"C0110"
"V001053";"03-05-2024";"Magasin";"Annulee";"P0055";"1";"5,00";"40,00";"38,00";"19,21";"M19";"V47";"C0027"
"V001054";"03-05-2024";"Magasin";"LIVREE";"P0063";"2";"0,00";"210,00";"210,00";"116,42";"M21";"V52";"C0137"
"V001055";"03-05-2024";"MAGASIN";"livree";"P0033";"1";"0,00";"50,00";"50,00";"22,73";"M11";"V24";"C0209"
"V001056";"03-05-2024";"MAGASIN";"Livree";"P0016";"1";"0,00";"385,00";"385,00";"178,74";"M07";"V14";"C0035"
"V001057";"03-05-2024";"magasin";"LIVREE";"P0063";"2";"0,00";"210,00";"210,00";"116,42";"M07";"V14";"C0166"
"V001058";"03-05-2024";"Web";"Livree";"P0013";"1";"0,00";"750,00";"750,00";"338,18";"M20";"V50";"C0037"
"V001059";"04-05-2024";"Web";"Livree";"P0060";"2";"5,00";"80,00";"76,00";"40,92";"M17";"V42";"C0043"
"V001060";"04-05-2024";"MAGASIN";"livree";"P0032";"1";"0,00";"190,00";"190,00";"108,18";"M16";"V39";"C0165"
"V001061";"04-05-2024";"magasin";"livree";"P0054";"1";"0,00";"160,00";"160,00";"77,44";"M13";"V30";"C0078"
"V001062";"04-05-2024";"Web";"LIVREE";"P0032";"1";"0,00";"190,00";"190,00";"108,18";"M15";"V35";"C0074"
"V001063";"05-05-2024";"magasin";"Livree";"P0061";"4";"0,00";"560,00";"560,00";"301,88";"M23";"V55";"C0195"
"V001064";"05-05-2024";"Magasin";"LIVREE";"P0060";"3";"0,00";"120,00";"120,00";"61,38";"M01";"V03";"C0083"
"V001065";"05-05-2024";"Web";"LIVREE";"P0017";"2";"5,00";"900,00";"855,00";"513,66";"M15";"V35";"C0103"
"V001066";"05-05-2024";"Magasin";"Livree";"P0063";"1";"0,00";"105,00";"105,00";"58,21";"M20";"V49";"C0063"
"V001067";"05-05-2024";"MAGASIN";"encours";"P0040";"1";"10,00";"1910,00";"1719,00";"1038,92";"M18";"V43";"C0005"
"V001068";"06-05-2024";"magasin";"Annulee";"P0061";"1";"5,00";"140,00";"133,00";"75,47";"M14";"V33";"C0069"
"V001069";"06-05-2024";"Magasin";"livree";"P0040";"2";"5,00";"3820,00";"3629,00";"2077,84";"M02";"V05";"C0118"
"V001070";"06-05-2024";"magasin";"Livree";"P0010";"1";"0,00";"955,00";"955,00";"512,94";"M22";"V54";"C0047"
"V001071";"07-05-2024";"Magasin";"Livree";"P0061";"4";"0,00";"560,00";"560,00";"301,88";"M04";"V08";"C0113"
"V001072";"07-05-2024";"web";"Livree";"P0028";"1";"0,00";"130,00";"130,00";"67,26";"M08";"V16";"C0094"
"V001073";"07-05-2024";"WEB";"livree";"P0032";"1";"0,00";"190,00";"190,00";"108,18";"M15";"V35";"C0116"
"V001074";"07-05-2024";"MAGASIN";"LIVREE";"P0056";"2";"0,00";"50,00";"50,00";"24,30";"M04";"V08";"C0137"
"V001075";"07-05-2024";"Magasin";"LIVREE";"P0004";"1";"5,00";"960,00";"912,00";"561,87";"M18";"V44";"C0144"
"V001076";"07-05-2024";"Magasin";"livree";"P0021";"3";"5,00";"1230,00";"1168,50";"568,23";"M01";"V03";"C0074"
"V001077";"07-05-2024";"Magasin";"LIVREE";"P0015";"3";"0,00";"1650,00";"1650,00";"917,25";"M07";"V15";"C0151"
"V001078";"08-05-2024";"Magasin";"LIVREE";"P0045";"3";"5,00";"975,00";"926,25";"447,57";"M22";"V53";"C0184"
"V001079";"08-05-2024";"magasin";"Livree";"P0028";"3";"0,00";"390,00";"390,00";"201,78";"M20";"V49";"C0168"
"V001080";"08-05-2024";"Web";"LIVREE";"P0025";"4";"5,00";"220,00";"209,00";"129,48";"M24";"V57";"C0039"
"V001081";"08-05-2024";"Magasin";"Livree";"P0047";"1";"0,00";"1665,00";"1665,00";"1004,07";"M17";"V40";"C0204"
"V001082";"08-05-2024";"Magasin";"livree";"P0063";"1";"5,00";"105,00";"99,75";"58,21";"M20";"V48";"C0097"
"V001083";"08-05-2024";"MAGASIN";"EnCours";"P0003";"4";"0,00";"2840,00";"2840,00";"1581,32";"M17";"V42";"C0011"
"V001084";"08-05-2024";"Web";"LIVREE";"P0032";"2";"10,00";"380,00";"342,00";"216,36";"M12";"V26";"C0055"
"V001085";"08-05-2024";"Magasin";"LIVREE";"P0058";"3";"0,00";"195,00";"195,00";"93,93";"M25";"V60";"C0022"
"V001086";"09-05-2024";"WEB";"encours";"P0056";"2";"10,00";"50,00";"45,00";"24,30";"M10";"V20";"C0211"
"V001087";"09-05-2024";"MAGASIN";"Livree";"P0033";"1";"0,00";"50,00";"50,00";"22,73";"M11";"V23";"C0215"
"V001088";"09-05-2024";"Magasin";"Livree";"P0024";"2";"0,00";"1540,00";"1540,00";"931,78";"M24";"V58";"C0041"
"V001089";"09-05-2024";"Magasin";"encours";"P0048";"2";"0,00";"3520,00";"3520,00";"1891,52";"M17";"V42";"C0154"
"V001090";"10-05-2024";"Magasin";"EnCours";"P0064";"2";"0,00";"140,00";"140,00";"71,72";"M07";"V15";"C0208"
"V001091";"11-05-2024";"Magasin";"Livree";"P0011";"3";"0,00";"3450,00";"3450,00";"2015,91";"M25";"V60";"C0057"
"V001092";"11-05-2024";"WEB";"livree";"P0002";"2";"0,00";"1400,00";"1400,00";"705,52";"M18";"V43";"C0022"
"V001093";"11-05-2024";"MAGASIN";"Livree";"P0053";"1";"0,00";"155,00";"155,00";"83,01";"M03";"V07";"C0102"
"V001094";"11-05-2024";"Magasin";"Livree";"P0059";"2";"0,00";"80,00";"80,00";"38,46";"M01";"V02";"C0178"
"V001095";"12-05-2024";"MAGASIN";"Livree";"P0052";"1";"0,00";"135,00";"135,00";"72,51";"M24";"V57";"C0207"
"V001096";"12-05-2024";"WEB";"livree";"P0058";"2";"0,00";"130,00";"130,00";"62,62";"M17";"V40";"C0202"
"V001097";"12-05-2024";"web";"EnCours";"P0058";"2";"5,00";"130,00";"123,50";"62,62";"M09";"V18";"C0075"
"V001098";"12-05-2024";"Magasin";"Livree";"P0046";"2";"10,00";"2070,00";"1863,00";"1230,72";"M02";"V04";"C0132"
"V001099";"13-05-2024";"Magasin";"LIVREE";"P0025";"1";"10,00";"55,00";"49,50";"32,37";"M12";"V26";"C0213"
"V001100";"13-05-2024";"Magasin";"Livree";"P0013";"3";"5,00";"2250,00";"2137,50";"1014,54";"M05";"V11";"C0194"
"V001101";"13-05-2024";"Magasin";"Livree";"P0033";"3";"0,00";"150,00";"150,00";"68,19";"M01";"V01";"C0202"
"V001102";"13-05-2024";"Web";"EnCours";"P0051";"2";"0,00";"310,00";"310,00";"155,70";"M01";"V01";"C0043"
"V001103";"13-05-2024";"magasin";"Livree";"P0008";"1";"5,00";"495,00";"470,25";"243,76";"M11";"V25";"C0123"
"V001104";"13-05-2024";"magasin";"Livree";"P0056";"1";"0,00";"25,00";"25,00";"12,15";"M19";"V47";"C0055"
"V001105";"14-05-2024";"Magasin";"LIVREE";"P0003";"2";"0,00";"1420,00";"1420,00";"790,66";"M05";"V10";"C0027"
"V001106";"14-05-2024";"Magasin";"LIVREE";"P0023";"1";"0,00";"700,00";"700,00";"404,57";"M13";"V31";"C0140"
"V001107";"15-05-2024";"Magasin";"livree";"P0039";"1";"0,00";"1485,00";"1485,00";"673,51";"M02";"V04";"C0155"
"V001108";"15-05-2024";"WEB";"LIVREE";"P0054";"3";"0,00";"480,00";"480,00";"232,32";"M05";"V10";"C0064"
"V001109";"15-05-2024";"Magasin";"livree";"P0051";"3";"5,00";"465,00";"441,75";"233,55";"M06";"V13";"C0103"
"V001110";"16-05-2024";"magasin";"LIVREE";"P0060";"3";"0,00";"120,00";"120,00";"61,38";"M22";"V53";"C0173"
"V001111";"16-05-2024";"Web";"LIVREE";"P0030";"1";"0,00";"265,00";"265,00";"125,99";"M13";"V31";"C0167"
"V001112";"16-05-2024";"Magasin";"LIVREE";"P0054";"2";"0,00";"320,00";"320,00";"154,88";"M20";"V48";"C0058"
"V001113";"16-05-2024";"Web";"encours";"P0058";"3";"0,00";"195,00";"195,00";"93,93";"M18";"V43";"C0122"
"V001114";"16-05-2024";"web";"encours";"P0062";"1";"0,00";"130,00";"130,00";"66,13";"M16";"V39";"C0069"
"V001115";"16-05-2024";"Magasin";"Livree";"P0061";"2";"0,00";"280,00";"280,00";"150,94";"M07";"V15";"C0022"
"V001116";"17-05-2024";"MAGASIN";"livree";"P0063";"2";"0,00";"210,00";"210,00";"116,42";"M12";"V27";"C0149"
"V001117";"17-05-2024";"magasin";"Livree";"P0044";"3";"5,00";"5400,00";"5130,00";"3159,63";"M06";"V13";"C0098"
"V001118";"17-05-2024";"Magasin";"EnCours";"P0025";"2";"0,00";"110,00";"110,00";"64,74";"M25";"V60";"C0014"
"V001119";"17-05-2024";"Magasin";"Livree";"P0058";"1";"0,00";"65,00";"65,00";"31,31";"M14";"V33";"C0028"
"V001120";"17-05-2024";"magasin";"Annulee";"P0041";"1";"0,00";"2225,00";"2225,00";"1348,70";"M17";"V40";"C0110"
"V001121";"17-05-2024";"WEB";"LIVREE";"P0049";"1";"0,00";"1770,00";"1770,00";"798,07";"M10";"V21";"C0161"
"V001122";"17-05-2024";"magasin";"Livree";"P0062";"2";"0,00";"260,00";"260,00";"132,26";"M19";"V45";"C0127"
"V001123";"18-05-2024";"MAGASIN";"Livree";"P0055";"1";"5,00";"40,00";"38,00";"19,21";"M21";"V52";"C0196"
"V001124";"18-05-2024";"WEB";"Livree";"P0051";"1";"0,00";"155,00";"155,00";"77,85";"M16";"V38";"C0032"
"V001125";"18-05-2024";"web";"Livree";"P0052";"1";"0,00";"135,00";"135,00";"72,51";"M01";"V03";"C0208"
"V001126";"18-05-2024";"MAGASIN";"LIVREE";"P0062";"1";"0,00";"130,00";"130,00";"66,13";"M05";"V11";"C0019"
"V001127";"18-05-2024";"MAGASIN";"LIVREE";"P0053";"2";"0,00";"310,00";"310,00";"166,02";"M22";"V54";"C0129"
"V001128";"18-05-2024";"Web";"LIVREE";"P0039";"1";"5,00";"1485,00";"1410,75";"673,51";"M25";"V59";"C0020"
"V001129";"18-05-2024";"MAGASIN";"LIVREE";"P0056";"2";"0,00";"50,00";"50,00";"24,30";"M15";"V36";"C0024"
"V001130";"19-05-2024";"Magasin";"Livree";"P0052";"3";"0,00";"405,00";"405,00";"217,53";"M17";"V41";"C0213"
"V001131";"19-05-2024";"MAGASIN";"LIVREE";"P0005";"1";"0,00";"325,00";"325,00";"148,71";"M11";"V24";"C0002"
"V001132";"20-05-2024";"Magasin";"livree";"P0041";"1";"0,00";"2225,00";"2225,00";"1348,70";"M22";"V53";"C0048"
"V001133";"20-05-2024";"Web";"Livree";"P0058";"3";"5,00";"195,00";"185,25";"93,93";"M16";"V37";"C0064"
"V001134";"20-05-2024";"web";"LIVREE";"P0064";"2";"5,00";"140,00";"133,00";"71,72";"M12";"V28";"C0059"
"V001135";"20-05-2024";"Magasin";"LIVREE";"P0051";"2";"0,00";"310,00";"310,00";"155,70";"M11";"V23";"C0171"
"V001136";"21-05-2024";"WEB";"Annulee";"P0061";"1";"0,00";"140,00";"140,00";"75,47";"M03";"V06";"C0141"
"V001137";"21-05-2024";"magasin";"EnCours";"P0020";"1";"5,00";"385,00";"365,75";"217,97";"M13";"V31";"C0056"
"V001138";"21-05-2024";"Magasin";"Livree";"P0058";"2";"0,00";"130,00";"130,00";"62,62";"M03";"V07";"C0195"
"V001139";"21-05-2024";"Magasin";"Livree";"P0053";"1";"0,00";"155,00";"155,00";"83,01";"M23";"V55";"C0182"
"V001140";"21-05-2024";"magasin";"Livree";"P0005";"3";"0,00";"975,00";"975,00";"446,13";"M10";"V22";"C0144"
"V001141";"22-05-2024";"MAGASIN";"Livree";"P0052";"1";"0,00";"135,00";"135,00";"72,51";"M11";"V23";"C0138"
"V001142";"22-05-2024";"magasin";"encours";"P0048";"1";"0,00";"1760,00";"1760,00";"945,76";"M23";"V55";"C0022"
"V001143";"22-05-2024";"Magasin";"Livree";"P0003";"1";"0,00";"710,00";"710,00";"395,33";"M12";"V26";"C0018"
"V001144";"22-05-2024";"Magasin";"Livree";"P0042";"2";"5,00";"4090,00";"3885,50";"2473,28";"M15";"V35";"C0207"
"V001145";"22-05-2024";"Web";"Livree";"P0043";"2";"5,00";"4460,00";"4237,00";"2397,94";"M04";"V09";"C0110"
"V001146";"22-05-2024";"MAGASIN";"Livree";"P0048";"3";"0,00";"5280,00";"5280,00";"2837,28";"M02";"V04";"C0188"
"V001147";"23-05-2024";"magasin";"LIVREE";"P0055";"3";"0,00";"120,00";"120,00";"57,63";"M04";"V09";"C0184"
"V001148";"23-05-2024";"magasin";"Annulee";"P0063";"1";"5,00";"105,00";"99,75";"58,21";"M24";"V57";"C0013"
"V001149";"23-05-2024";"magasin";"livree";"P0055";"1";"0,00";"40,00";"40,00";"19,21";"M13";"V31";"C0163"
"V001150";"23-05-2024";"web";"Livree";"P0060";"1";"0,00";"40,00";"40,00";"20,46";"M10";"V21";"C0196"
"V001151";"23-05-2024";"magasin";"livree";"P0014";"1";"0,00";"635,00";"635,00";"333,47";"M12";"V28";"C0152"
"V001152";"23-05-2024";"MAGASIN";"livree";"P0057";"2";"5,00";"40,00";"38,00";"21,78";"M23";"V56";"C0208"
"V001153";"24-05-2024";"Web";"LIVREE";"P0057";"3";"5,00";"60,00";"57,00";"32,67";"M16";"V38";"C0121"
"V001154";"24-05-2024";"WEB";"encours";"P0042";"1";"0,00";"2045,00";"2045,00";"1236,64";"M24";"V57";"C0123"
"V001155";"24-05-2024";"MAGASIN";"LIVREE";"P0060";"4";"5,00";"160,00";"152,00";"81,84";"M03";"V06";"C0042"
"V001156";"24-05-2024";"Magasin";"Livree";"P0040";"3";"0,00";"5730,00";"5730,00";"3116,76";"M06";"V12";"C0037"
"V001157";"24-05-2024";"Magasin";"Livree";"P0030";"1";"10,00";"265,00";"238,50";"125,99";"M01";"V01";"C0057"
"V001158";"26-05-2024";"Magasin";"Livree";"P0064";"1";"0,00";"70,00";"70,00";"35,86";"M11";"V23";"C0196"
"V001159";"26-05-2024";"Magasin";"Annulee";"P0049";"1";"10,00";"1770,00";"1593,00";"798,07";"M11";"V23";"C0162"
"V001160";"26-05-2024";"Magasin";"Livree";"P0041";"2";"0,00";"4450,00";"4450,00";"2697,40";"M05";"V10";"C0036"
"V001161";"26-05-2024";"Magasin";"LIVREE";"P0028";"1";"0,00";"130,00";"130,00";"67,26";"M05";"V11";"C0100"
"V001162";"27-05-2024";"Magasin";"LIVREE";"P0029";"2";"0,00";"570,00";"570,00";"338,00";"M20";"V49";"C0154"
"V001163";"27-05-2024";"MAGASIN";"Livree";"P0041";"1";"5,00";"2225,00";"2113,75";"1348,70";"M10";"V21";"C0134"
"V001164";"27-05-2024";"Magasin";"Livree";"P0030";"3";"0,00";"795,00";"795,00";"377,97";"M15";"V34";"C0015"
"V001165";"27-05-2024";"magasin";"Livree";"P0051";"1";"0,00";"155,00";"155,00";"77,85";"M09";"V19";"C0015"
"V001166";"27-05-2024";"Magasin";"encours";"P0020";"4";"5,00";"1540,00";"1463,00";"871,88";"M25";"V59";"C0093"
"V001167";"27-05-2024";"MAGASIN";"LIVREE";"P0052";"1";"0,00";"135,00";"135,00";"72,51";"M11";"V23";"C0125"
"V001168";"27-05-2024";"Magasin";"livree";"P0055";"1";"0,00";"40,00";"40,00";"19,21";"M13";"V31";"C0135"
"V001169";"27-05-2024";"Magasin";"livree";"P0063";"3";"0,00";"315,00";"315,00";"174,63";"M04";"V09";"C0029"
"V001170";"27-05-2024";"Magasin";"Livree";"P0031";"1";"5,00";"150,00";"142,50";"92,24";"M14";"V33";"C0064"
"V001171";"27-05-2024";"Magasin";"Livree";"P0013";"2";"0,00";"1500,00";"1500,00";"676,36";"M08";"V17";"C0145"
"V001172";"28-05-2024";"Magasin";"livree";"P0062";"2";"0,00";"260,00";"260,00";"132,26";"M25";"V60";"C0050"
"V001173";"28-05-2024";"Web";"Annulee";"P0038";"1";"0,00";"230,00";"230,00";"119,32";"M25";"V60";"C0151"
"V001174";"28-05-2024";"Magasin";"LIVREE";"P0056";"3";"5,00";"75,00";"71,25";"36,45";"M25";"V59";"C0053"
"V001175";"28-05-2024";"magasin";"livree";"P0055";"4";"5,00";"160,00";"152,00";"76,84";"M22";"V54";"C0080"
"V001176";"28-05-2024";"MAGASIN";"Livree";"P0048";"4";"0,00";"7040,00";"7040,00";"3783,04";"M21";"V52";"C0108"
"V001177";"28-05-2024";"Magasin";"LIVREE";"P0050";"2";"5,00";"460,00";"437,00";"231,66";"M21";"V51";"C0161"
"V001178";"28-05-2024";"magasin";"Livree";"P0052";"2";"0,00";"270,00";"270,00";"145,02";"M17";"V41";"C0087"
"V001179";"29-05-2024";"WEB";"Annulee";"P0039";"1";"0,00";"1485,00";"1485,00";"673,51";"M19";"V47";"C0086"
"V001180";"29-05-2024";"WEB";"Livree";"P0063";"1";"5,00";"105,00";"99,75";"58,21";"M02";"V04";"C0160"
"V001181";"29-05-2024";"Magasin";"Livree";"P0046";"1";"10,00";"1035,00";"931,50";"615,36";"M18";"V44";"C0182"
"V001182";"29-05-2024";"WEB";"LIVREE";"P0055";"1";"5,00";"40,00";"38,00";"19,21";"M02";"V04";"C0098"
"V001183";"30-05-2024";"MAGASIN";"LIVREE";"P0045";"2";"0,00";"650,00";"650,00";"298,38";"M15";"V34";"C0085"
"V001184";"30-05-2024";"web";"livree";"P0040";"3";"0,00";"5730,00";"5730,00";"3116,76";"M24";"V58";"C0179"
"V001185";"30-05-2024";"magasin";"LIVREE";"P0035";"4";"0,00";"680,00";"680,00";"367,92";"M19";"V46";"C0118"
"V001186";"30-05-2024";"Magasin";"LIVREE";"P0053";"1";"0,00";"155,00";"155,00";"83,01";"M02";"V05";"C0043"
"V001187";"30-05-2024";"Web";"LIVREE";"P0064";"1";"5,00";"70,00";"66,50";"35,86";"M04";"V09";"C0137"
"V001188";"30-05-2024";"MAGASIN";"livree";"P0010";"1";"10,00";"955,00";"859,50";"512,94";"M22";"V54";"C0181"
"V001189";"31-05-2024";"WEB";"encours";"P0033";"2";"0,00";"100,00";"100,00";"45,46";"M09";"V19";"C0220"
"V001190";"31-05-2024";"Magasin";"Livree";"P0044";"1";"0,00";"1800,00";"1800,00";"1053,21";"M22";"V53";"C0105"
"V001191";"01-06-2024";"WEB";"livree";"P0049";"1";"0,00";"1770,00";"1770,00";"798,07";"M20";"V50";"C0012"
"V001192";"01-06-2024";"web";"Livree";"P0059";"1";"0,00";"40,00";"40,00";"19,23";"M09";"V18";"C0124"
"V001193";"01-06-2024";"MAGASIN";"LIVREE";"P0036";"2";"0,00";"210,00";"210,00";"115,82";"M07";"V15";"C0181"
"V001194";"01-06-2024";"magasin";"Livree";"P0025";"1";"0,00";"55,00";"55,00";"32,37";"M16";"V39";"C0113"
"V001195";"01-06-2024";"Magasin";"Livree";"P0055";"1";"0,00";"40,00";"40,00";"19,21";"M19";"V45";"C0175"
"V001196";"01-06-2024";"Magasin";"LIVREE";"P0055";"2";"0,00";"80,00";"80,00";"38,42";"M24";"V58";"C0013"
"V001197";"01-06-2024";"Magasin";"livree";"P0053";"1";"0,00";"155,00";"155,00";"83,01";"M13";"V29";"C0081"
"V001198";"01-06-2024";"Web";"livree";"P0047";"1";"0,00";"1665,00";"1665,00";"1004,07";"M01";"V03";"C0161"
"V001199";"01-06-2024";"Magasin";"livree";"P0055";"3";"5,00";"120,00";"114,00";"57,63";"M21";"V52";"C0173"
"V001200";"01-06-2024";"Magasin";"Livree";"P0056";"2";"0,00";"50,00";"50,00";"24,30";"M23";"V56";"C0183"
"V001201";"01-06-2024";"Magasin";"LIVREE";"P0060";"1";"0,00";"40,00";"40,00";"20,46";"M19";"V46";"C0080"
"V001202";"01-06-2024";"Web";"Livree";"P0033";"3";"0,00";"150,00";"150,00";"68,19";"M03";"V07";"C0188"
"V001203";"01-06-2024";"Magasin";"Livree";"P0040";"2";"10,00";"3820,00";"3438,00";"2077,84";"M22";"V53";"C0068"
"V001204";"01-06-2024";"Web";"LIVREE";"P0057";"1";"10,00";"20,00";"18,00";"10,89";"M15";"V35";"C0191"
"V001205";"02-06-2024";"web";"livree";"P0057";"2";"5,00";"40,00";"38,00";"21,78";"M04";"V08";"C0025"
"V001206";"02-06-2024";"Magasin";"Livree";"P0057";"1";"0,00";"20,00";"20,00";"10,89";"M22";"V54";"C0181"
"V001207";"02-06-2024";"MAGASIN";"Livree";"P0018";"1";"10,00";"865,00";"778,50";"441,11";"M06";"V12";"C0028"
"V001208";"02-06-2024";"magasin";"livree";"P0028";"2";"5,00";"260,00";"247,00";"134,52";"M04";"V09";"C0093"
"V001209";"02-06-2024";"Magasin";"livree";"P0044";"1";"0,00";"1800,00";"1800,00";"1053,21";"M01";"V03";"C0086"
"V001210";"02-06-2024";"magasin";"LIVREE";"P0041";"1";"0,00";"2225,00";"2225,00";"1348,70";"M09";"V19";"C0097"
"V001211";"02-06-2024";"Magasin";"LIVREE";"P0038";"1";"10,00";"230,00";"207,00";"119,32";"M04";"V09";"C0157"
"V001212";"02-06-2024";"WEB";"livree";"P0045";"1";"0,00";"325,00";"325,00";"149,19";"M07";"V14";"C0206"
"V001213";"02-06-2024";"Magasin";"livree";"P0043";"1";"0,00";"2230,00";"2230,00";"1198,97";"M16";"V38";"C0047"
"V001214";"02-06-2024";"Magasin";"livree";"P0045";"4";"0,00";"1300,00";"1300,00";"596,76";"M06";"V13";"C0059"
"V001215";"02-06-2024";"web";"LIVREE";"P0054";"1";"5,00";"160,00";"152,00";"77,44";"M10";"V21";"C0005"
"V001216";"02-06-2024";"Magasin";"encours";"P0053";"1";"5,00";"155,00";"147,25";"83,01";"M16";"V38";"C0008"
"V001217";"03-06-2024";"Magasin";"livree";"P0051";"1";"0,00";"155,00";"155,00";"77,85";"M01";"V01";"C0007"
"V001218";"03-06-2024";"Web";"Annulee";"P0047";"1";"0,00";"1665,00";"1665,00";"1004,07";"M10";"V21";"C0150"
"V001219";"03-06-2024";"MAGASIN";"Livree";"P0059";"2";"0,00";"80,00";"80,00";"38,46";"M02";"V05";"C0009"
"V001220";"03-06-2024";"MAGASIN";"LIVREE";"P0059";"1";"10,00";"40,00";"36,00";"19,23";"M01";"V03";"C0089"
"V001221";"03-06-2024";"WEB";"livree";"P0036";"1";"0,00";"105,00";"105,00";"57,91";"M16";"V37";"C0198"
"V001222";"03-06-2024";"magasin";"livree";"P0013";"1";"10,00";"750,00";"675,00";"338,18";"M23";"V55";"C0146"
"V001223";"03-06-2024";"Magasin";"Livree";"P0058";"1";"0,00";"65,00";"65,00";"31,31";"M25";"V59";"C0220"
"V001224";"03-06-2024";"MAGASIN";"LIVREE";"P0056";"2";"0,00";"50,00";"50,00";"24,30";"M13";"V31";"C0042"
"V001225";"03-06-2024";"WEB";"Annulee";"P0027";"1";"0,00";"220,00";"220,00";"106,66";"M12";"V27";"C0060"
"V001226";"03-06-2024";"Magasin";"livree";"P0029";"1";"0,00";"285,00";"285,00";"169,00";"M12";"V26";"C0020"
"V001227";"03-06-2024";"magasin";"EnCours";"P0058";"1";"0,00";"65,00";"65,00";"31,31";"M02";"V04";"C0165"
"V001228";"03-06-2024";"Web";"LIVREE";"P0032";"2";"5,00";"380,00";"361,00";"216,36";"M25";"V59";"C0136"
"V001229";"03-06-2024";"Web";"EnCours";"P0039";"1";"0,00";"1485,00";"1485,00";"673,51";"M17";"V40";"C0151"
"V001230";"03-06-2024";"magasin";"Livree";"P0053";"1";"0,00";"155,00";"155,00";"83,01";"M13";"V29";"C0107"
"V001231";"04-06-2024";"Magasin";"Livree";"P0060";"2";"0,00";"80,00";"80,00";"40,92";"M23";"V55";"C0040"
"V001232";"04-06-2024";"MAGASIN";"Livree";"P0050";"2";"0,00";"460,00";"460,00";"231,66";"M04";"V09";"C0198"
"V001233";"04-06-2024";"Magasin";"Livree";"P0039";"1";"0,00";"1485,00";"1485,00";"673,51";"M05";"V11";"C0063"
"V001234";"04-06-2024";"web";"Livree";"P0053";"3";"5,00";"465,00";"441,75";"249,03";"M08";"V17";"C0057"
"V001235";"04-06-2024";"Magasin";"Livree";"P0021";"2";"5,00";"820,00";"779,00";"378,82";"M10";"V20";"C0172"
"V001236";"04-06-2024";"Magasin";"Livree";"P0048";"1";"0,00";"1760,00";"1760,00";"945,76";"M13";"V29";"C0067"
"V001237";"04-06-2024";"magasin";"Livree";"P0060";"1";"0,00";"40,00";"40,00";"20,46";"M14";"V33";"C0023"
"V001238";"05-06-2024";"MAGASIN";"LIVREE";"P0037";"2";"10,00";"460,00";"414,00";"231,90";"M21";"V52";"C0028"
"V001239";"05-06-2024";"Web";"Livree";"P0036";"1";"0,00";"105,00";"105,00";"57,91";"M02";"V04";"C0127"
"V001240";"05-06-2024";"Magasin";"Livree";"P0036";"1";"10,00";"105,00";"94,50";"57,91";"M24";"V58";"C0046"
"V001241";"05-06-2024";"web";"Livree";"P0051";"1";"5,00";"155,00";"147,25";"77,85";"M19";"V47";"C0041"
"V001242";"05-06-2024";"WEB";"Livree";"P0029";"2";"0,00";"570,00";"570,00";"338,00";"M01";"V01";"C0113"
"V001243";"05-06-2024";"Web";"livree";"P0057";"3";"10,00";"60,00";"54,00";"32,67";"M21";"V52";"C0103"
"V001244";"05-06-2024";"web";"Livree";"P0029";"3";"5,00";"855,00";"812,25";"507,00";"M12";"V28";"C0065"
"V001245";"05-06-2024";"Magasin";"LIVREE";"P0061";"2";"0,00";"280,00";"280,00";"150,94";"M18";"V43";"C0144"
"V001246";"05-06-2024";"Magasin";"Livree";"P0045";"1";"5,00";"325,00";"308,75";"149,19";"M13";"V29";"C0086"
"V001247";"05-06-2024";"web";"Livree";"P0037";"2";"0,00";"460,00";"460,00";"231,90";"M01";"V02";"C0146"
"V001248";"05-06-2024";"Magasin";"LIVREE";"P0046";"3";"10,00";"3105,00";"2794,50";"1846,08";"M23";"V56";"C0134"
"V001249";"05-06-2024";"WEB";"livree";"P0039";"1";"0,00";"1485,00";"1485,00";"673,51";"M15";"V34";"C0067"
"V001250";"05-06-2024";"Magasin";"LIVREE";"P0051";"1";"0,00";"155,00";"155,00";"77,85";"M16";"V39";"C0033"
"V001251";"05-06-2024";"WEB";"livree";"P0055";"3";"0,00";"120,00";"120,00";"57,63";"M03";"V07";"C0177"
"V001252";"05-06-2024";"magasin";"encours";"P0061";"1";"0,00";"140,00";"140,00";"75,47";"M22";"V54";"C0161"
"V001253";"06-06-2024";"Magasin";"LIVREE";"P0047";"4";"0,00";"6660,00";"6660,00";"4016,28";"M17";"V41";"C0175"
"V001254";"06-06-2024";"web";"Livree";"P0052";"4";"0,00";"540,00";"540,00";"290,04";"M13";"V29";"C0004"
"V001255";"06-06-2024";"Web";"EnCours";"P0058";"1";"0,00";"65,00";"65,00";"31,31";"M19";"V47";"C0106"
"V001256";"06-06-2024";"Magasin";"Livree";"P0052";"1";"0,00";"135,00";"135,00";"72,51";"M25";"V59";"C0118"
"V001257";"06-06-2024";"MAGASIN";"Livree";"P0051";"1";"0,00";"155,00";"155,00";"77,85";"M17";"V41";"C0151"
"V001258";"06-06-2024";"Magasin";"Livree";"P0020";"1";"5,00";"385,00";"365,75";"217,97";"M02";"V05";"C0166"
"V001259";"06-06-2024";"Magasin";"Livree";"P0041";"3";"5,00";"6675,00";"6341,25";"4046,10";"M02";"V05";"C0043"
"V001260";"06-06-2024";"Magasin";"LIVREE";"P0036";"1";"5,00";"105,00";"99,75";"57,91";"M13";"V30";"C0137"
"V001261";"06-06-2024";"magasin";"Livree";"P0046";"2";"0,00";"2070,00";"2070,00";"1230,72";"M18";"V43";"C0043"
"V001262";"06-06-2024";"web";"Livree";"P0055";"1";"0,00";"40,00";"40,00";"19,21";"M11";"V24";"C0059"
"V001263";"06-06-2024";"Magasin";"Livree";"P0037";"2";"0,00";"460,00";"460,00";"231,90";"M13";"V30";"C0135"
"V001264";"06-06-2024";"web";"Livree";"P0062";"1";"0,00";"130,00";"130,00";"66,13";"M14";"V33";"C0081"
"V001265";"06-06-2024";"MAGASIN";"Livree";"P0043";"1";"5,00";"2230,00";"2118,50";"1198,97";"M21";"V51";"C0025"
"V001266";"06-06-2024";"web";"Livree";"P0018";"1";"5,00";"865,00";"821,75";"441,11";"M17";"V40";"C0090"
"V001267";"06-06-2024";"web";"livree";"P0060";"1";"0,00";"40,00";"40,00";"20,46";"M24";"V58";"C0079"
"V001268";"07-06-2024";"MAGASIN";"Livree";"P0053";"3";"0,00";"465,00";"465,00";"249,03";"M23";"V56";"C0032"
"V001269";"07-06-2024";"WEB";"livree";"P0055";"3";"10,00";"120,00";"108,00";"57,63";"M07";"V15";"C0210"
"V001270";"07-06-2024";"Web";"Annulee";"P0040";"1";"5,00";"1910,00";"1814,50";"1038,92";"M05";"V10";"C0204"
"V001271";"07-06-2024";"Magasin";"Livree";"P0049";"2";"10,00";"3540,00";"3186,00";"1596,14";"M19";"V46";"C0210"
"V001272";"07-06-2024";"web";"Livree";"P0058";"1";"0,00";"65,00";"65,00";"31,31";"M03";"V06";"C0041"
"V001273";"07-06-2024";"Magasin";"Livree";"P0034";"2";"0,00";"400,00";"400,00";"236,88";"M19";"V47";"C0191"
"V001274";"07-06-2024";"Magasin";"Livree";"P0039";"1";"10,00";"1485,00";"1336,50";"673,51";"M12";"V26";"C0215"
"V001275";"07-06-2024";"MAGASIN";"livree";"P0059";"1";"0,00";"40,00";"40,00";"19,23";"M06";"V12";"C0191"
"V001276";"07-06-2024";"Magasin";"livree";"P0064";"2";"0,00";"140,00";"140,00";"71,72";"M15";"V34";"C0022"
"V001277";"07-06-2024";"Magasin";"Livree";"P0057";"1";"5,00";"20,00";"19,00";"10,89";"M16";"V37";"C0103"
"V001278";"07-06-2024";"MAGASIN";"Livree";"P0062";"3";"5,00";"390,00";"370,50";"198,39";"M18";"V44";"C0159"
"V001279";"07-06-2024";"magasin";"Livree";"P0016";"3";"0,00";"1155,00";"1155,00";"536,22";"M18";"V43";"C0020"
"V001280";"07-06-2024";"Web";"Livree";"P0049";"3";"0,00";"5310,00";"5310,00";"2394,21";"M15";"V35";"C0091"
"V001281";"07-06-2024";"Web";"Livree";"P0055";"2";"0,00";"80,00";"80,00";"38,42";"M25";"V60";"C0200"
"V001282";"08-06-2024";"Magasin";"LIVREE";"P0029";"2";"0,00";"570,00";"570,00";"338,00";"M10";"V22";"C0113"
"V001283";"08-06-2024";"magasin";"livree";"P0027";"2";"10,00";"440,00";"396,00";"213,32";"M20";"V49";"C0126"
"V001284";"08-06-2024";"web";"LIVREE";"P0036";"2";"5,00";"210,00";"199,50";"115,82";"M19";"V47";"C0110"
"V001285";"08-06-2024";"magasin";"Livree";"P0048";"2";"0,00";"3520,00";"3520,00";"1891,52";"M06";"V13";"C0014"
"V001286";"08-06-2024";"Web";"Livree";"P0035";"2";"0,00";"340,00";"340,00";"183,96";"M23";"V56";"C0166"
"V001287";"08-06-2024";"web";"Livree";"P0053";"4";"0,00";"620,00";"620,00";"332,04";"M19";"V47";"C0109"
"V001288";"09-06-2024";"magasin";"Livree";"P0060";"2";"0,00";"80,00";"80,00";"40,92";"M17";"V40";"C0177"
"V001289";"09-06-2024";"Magasin";"livree";"P0037";"2";"0,00";"460,00";"460,00";"231,90";"M10";"V21";"C0061"
"V001290";"09-06-2024";"Magasin";"EnCours";"P0033";"1";"5,00";"50,00";"47,50";"22,73";"M09";"V19";"C0132"
"V001291";"09-06-2024";"WEB";"Livree";"P0052";"3";"0,00";"405,00";"405,00";"217,53";"M17";"V40";"C0082"
"V001292";"09-06-2024";"Magasin";"LIVREE";"P0038";"2";"5,00";"460,00";"437,00";"238,64";"M16";"V39";"C0170"
"V001293";"09-06-2024";"Magasin";"livree";"P0044";"1";"0,00";"1800,00";"1800,00";"1053,21";"M09";"V19";"C0197"
"V001294";"09-06-2024";"Magasin";"LIVREE";"P0030";"4";"0,00";"1060,00";"1060,00";"503,96";"M12";"V28";"C0047"
"V001295";"09-06-2024";"Magasin";"Livree";"P0049";"2";"0,00";"3540,00";"3540,00";"1596,14";"M05";"V11";"C0045"
"V001296";"09-06-2024";"Magasin";"EnCours";"P0021";"3";"0,00";"1230,00";"1230,00";"568,23";"M18";"V43";"C0053"
"V001297";"09-06-2024";"Web";"Livree";"P0051";"2";"5,00";"310,00";"294,50";"155,70";"M25";"V59";"C0004"
"V001298";"09-06-2024";"Magasin";"Livree";"P0047";"4";"0,00";"6660,00";"6660,00";"4016,28";"M12";"V26";"C0158"
"V001299";"10-06-2024";"Magasin";"livree";"P0054";"1";"5,00";"160,00";"152,00";"77,44";"M25";"V59";"C0101"
"V001300";"10-06-2024";"MAGASIN";"LIVREE";"P0030";"1";"0,00";"265,00";"265,00";"125,99";"M13";"V30";"C0170"
"V001301";"10-06-2024";"MAGASIN";"livree";"P0059";"2";"0,00";"80,00";"80,00";"38,46";"M06";"V12";"C0010"
"V001302";"10-06-2024";"Magasin";"EnCours";"P0058";"1";"0,00";"65,00";"65,00";"31,31";"M22";"V53";"C0096"
"V001303";"10-06-2024";"MAGASIN";"Livree";"P0032";"2";"10,00";"380,00";"342,00";"216,36";"M04";"V08";"C0038"
"V001304";"10-06-2024";"WEB";"LIVREE";"P0039";"1";"0,00";"1485,00";"1485,00";"673,51";"M15";"V34";"C0104"
"V001305";"10-06-2024";"Magasin";"EnCours";"P0062";"2";"0,00";"260,00";"260,00";"132,26";"M07";"V14";"C0036"
"V001306";"10-06-2024";"Web";"LIVREE";"P0060";"2";"5,00";"80,00";"76,00";"40,92";"M03";"V07";"C0090"
"V001307";"10-06-2024";"Magasin";"Livree";"P0059";"1";"0,00";"40,00";"40,00";"19,23";"M24";"V58";"C0167"
"V001308";"10-06-2024";"web";"livree";"P0060";"4";"5,00";"160,00";"152,00";"81,84";"M23";"V56";"C0083"
"V001309";"10-06-2024";"magasin";"encours";"P0054";"1";"0,00";"160,00";"160,00";"77,44";"M04";"V09";"C0007"
"V001310";"10-06-2024";"Magasin";"livree";"P0056";"2";"10,00";"50,00";"45,00";"24,30";"M08";"V16";"C0099"
"V001311";"10-06-2024";"Magasin";"Livree";"P0050";"2";"0,00";"460,00";"460,00";"231,66";"M13";"V29";"C0005"
"V001312";"10-06-2024";"Magasin";"encours";"P0054";"1";"0,00";"160,00";"160,00";"77,44";"M24";"V57";"C0089"
"V001313";"10-06-2024";"Magasin";"LIVREE";"P0051";"1";"0,00";"155,00";"155,00";"77,85";"M15";"V35";"C0179"
"V001314";"10-06-2024";"Magasin";"Livree";"P0044";"1";"0,00";"1800,00";"1800,00";"1053,21";"M15";"V36";"C0206"
"V001315";"11-06-2024";"Magasin";"Livree";"P0050";"3";"5,00";"690,00";"655,50";"347,49";"M13";"V31";"C0015"
"V001316";"11-06-2024";"Magasin";"Livree";"P0052";"2";"0,00";"270,00";"270,00";"145,02";"M16";"V37";"C0179"
"V001317";"11-06-2024";"web";"LIVREE";"P0054";"1";"0,00";"160,00";"160,00";"77,44";"M02";"V05";"C0050"
"V001318";"11-06-2024";"MAGASIN";"LIVREE";"P0053";"2";"0,00";"310,00";"310,00";"166,02";"M08";"V16";"C0009"
"V001319";"11-06-2024";"Magasin";"Livree";"P0029";"1";"10,00";"285,00";"256,50";"169,00";"M03";"V07";"C0174"
"V001320";"11-06-2024";"MAGASIN";"livree";"P0061";"3";"0,00";"420,00";"420,00";"226,41";"M07";"V15";"C0080"
"V001321";"11-06-2024";"magasin";"LIVREE";"P0059";"1";"5,00";"40,00";"38,00";"19,23";"M21";"V51";"C0105"
"V001322";"11-06-2024";"Magasin";"LIVREE";"P0057";"1";"0,00";"20,00";"20,00";"10,89";"M22";"V53";"C0131"
"V001323";"11-06-2024";"WEB";"Livree";"P0056";"1";"0,00";"25,00";"25,00";"12,15";"M15";"V35";"C0148"
"V001324";"11-06-2024";"Magasin";"livree";"P0020";"1";"0,00";"385,00";"385,00";"217,97";"M19";"V45";"C0178"
"V001325";"12-06-2024";"MAGASIN";"LIVREE";"P0039";"1";"0,00";"1485,00";"1485,00";"673,51";"M17";"V42";"C0077"
"V001326";"12-06-2024";"magasin";"Livree";"P0059";"2";"0,00";"80,00";"80,00";"38,46";"M04";"V08";"C0027"
"V001327";"12-06-2024";"Web";"Livree";"P0030";"1";"0,00";"265,00";"265,00";"125,99";"M19";"V45";"C0021"
"V001328";"12-06-2024";"Magasin";"Annulee";"P0063";"2";"0,00";"210,00";"210,00";"116,42";"M15";"V35";"C0091"
"V001329";"12-06-2024";"Magasin";"Livree";"P0031";"1";"0,00";"150,00";"150,00";"92,24";"M02";"V05";"C0194"
"V001330";"12-06-2024";"web";"EnCours";"P0058";"1";"10,00";"65,00";"58,50";"31,31";"M06";"V12";"C0028"
"V001331";"12-06-2024";"magasin";"EnCours";"P0045";"1";"0,00";"325,00";"325,00";"149,19";"M09";"V19";"C0146"
"V001332";"12-06-2024";"magasin";"Livree";"P0044";"1";"5,00";"1800,00";"1710,00";"1053,21";"M11";"V23";"C0117"
"V001333";"12-06-2024";"Web";"livree";"P0046";"1";"0,00";"1035,00";"1035,00";"615,36";"M19";"V46";"C0116"
"V001334";"12-06-2024";"Magasin";"Livree";"P0061";"2";"0,00";"280,00";"280,00";"150,94";"M20";"V50";"C0032"
"V001335";"12-06-2024";"web";"Livree";"P0062";"1";"0,00";"130,00";"130,00";"66,13";"M22";"V54";"C0051"
"V001336";"13-06-2024";"magasin";"LIVREE";"P0041";"2";"0,00";"4450,00";"4450,00";"2697,40";"M08";"V16";"C0177"
"V001337";"13-06-2024";"Magasin";"Livree";"P0032";"2";"10,00";"380,00";"342,00";"216,36";"M11";"V25";"C0103"
"V001338";"13-06-2024";"magasin";"Livree";"P0043";"2";"0,00";"4460,00";"4460,00";"2397,94";"M24";"V57";"C0036"
"V001339";"13-06-2024";"MAGASIN";"Livree";"P0062";"1";"0,00";"130,00";"130,00";"66,13";"M05";"V11";"C0082"
"V001340";"13-06-2024";"Web";"Livree";"P0047";"2";"5,00";"3330,00";"3163,50";"2008,14";"M18";"V44";"C0199"
"V001341";"13-06-2024";"Web";"Livree";"P0043";"1";"5,00";"2230,00";"2118,50";"1198,97";"M01";"V02";"C0101"
"V001342";"13-06-2024";"Magasin";"Livree";"P0050";"2";"0,00";"460,00";"460,00";"231,66";"M13";"V31";"C0064"
"V001343";"13-06-2024";"MAGASIN";"Livree";"P0062";"2";"10,00";"260,00";"234,00";"132,26";"M25";"V59";"C0145"
"V001344";"13-06-2024";"Web";"Livree";"P0064";"1";"0,00";"70,00";"70,00";"35,86";"M10";"V22";"C0211"
"V001345";"14-06-2024";"WEB";"LIVREE";"P0053";"1";"0,00";"155,00";"155,00";"83,01";"M10";"V21";"C0060"
"V001346";"14-06-2024";"web";"Livree";"P0062";"2";"5,00";"260,00";"247,00";"132,26";"M11";"V23";"C0110"
"V001347";"14-06-2024";"Magasin";"EnCours";"P0051";"2";"10,00";"310,00";"279,00";"155,70";"M23";"V55";"C0124"
"V001348";"14-06-2024";"WEB";"Livree";"P0032";"1";"5,00";"190,00";"180,50";"108,18";"M18";"V44";"C0038"
"V001349";"14-06-2024";"Web";"Livree";"P0032";"1";"0,00";"190,00";"190,00";"108,18";"M19";"V45";"C0008"
"V001350";"14-06-2024";"magasin";"LIVREE";"P0041";"2";"0,00";"4450,00";"4450,00";"2697,40";"M11";"V23";"C0208"
"V001351";"14-06-2024";"magasin";"LIVREE";"P0063";"1";"0,00";"105,00";"105,00";"58,21";"M19";"V47";"C0102"
"V001352";"14-06-2024";"WEB";"Livree";"P0036";"1";"0,00";"105,00";"105,00";"57,91";"M11";"V23";"C0171"
"V001353";"14-06-2024";"MAGASIN";"LIVREE";"P0062";"1";"0,00";"130,00";"130,00";"66,13";"M07";"V14";"C0038"
"V001354";"14-06-2024";"MAGASIN";"Livree";"P0025";"2";"0,00";"110,00";"110,00";"64,74";"M11";"V24";"C0120"
"V001355";"14-06-2024";"Magasin";"EnCours";"P0064";"1";"10,00";"70,00";"63,00";"35,86";"M21";"V52";"C0033"
"V001356";"15-06-2024";"WEB";"Livree";"P0033";"4";"0,00";"200,00";"200,00";"90,92";"M18";"V44";"C0174"
"V001357";"15-06-2024";"MAGASIN";"Livree";"P0052";"2";"0,00";"270,00";"270,00";"145,02";"M06";"V12";"C0049"
"V001358";"15-06-2024";"Web";"Livree";"P0031";"1";"0,00";"150,00";"150,00";"92,24";"M10";"V20";"C0115"
"V001359";"15-06-2024";"MAGASIN";"Livree";"P0062";"2";"10,00";"260,00";"234,00";"132,26";"M08";"V16";"C0081"
"V001360";"15-06-2024";"WEB";"LIVREE";"P0033";"2";"0,00";"100,00";"100,00";"45,46";"M01";"V02";"C0119"
"V001361";"15-06-2024";"magasin";"Livree";"P0044";"2";"0,00";"3600,00";"3600,00";"2106,42";"M20";"V48";"C0211"
"V001362";"15-06-2024";"web";"EnCours";"P0036";"1";"0,00";"105,00";"105,00";"57,91";"M11";"V23";"C0059"
"V001363";"15-06-2024";"Magasin";"LIVREE";"P0043";"2";"0,00";"4460,00";"4460,00";"2397,94";"M17";"V41";"C0097"
"V001364";"15-06-2024";"magasin";"LIVREE";"P0054";"1";"0,00";"160,00";"160,00";"77,44";"M12";"V28";"C0177"
"V001365";"15-06-2024";"MAGASIN";"LIVREE";"P0055";"2";"5,00";"80,00";"76,00";"38,42";"M16";"V37";"C0127"
"V001366";"15-06-2024";"magasin";"Livree";"P0058";"3";"0,00";"195,00";"195,00";"93,93";"M05";"V11";"C0166"
"V001367";"15-06-2024";"Magasin";"LIVREE";"P0055";"1";"0,00";"40,00";"40,00";"19,21";"M17";"V42";"C0004"
"V001368";"15-06-2024";"magasin";"Livree";"P0051";"1";"0,00";"155,00";"155,00";"77,85";"M16";"V39";"C0194"
"V001369";"15-06-2024";"Magasin";"Livree";"P0039";"1";"0,00";"1485,00";"1485,00";"673,51";"M25";"V59";"C0131"
"V001370";"16-06-2024";"magasin";"Livree";"P0058";"1";"5,00";"65,00";"61,75";"31,31";"M16";"V39";"C0212"
"V001371";"16-06-2024";"web";"LIVREE";"P0060";"2";"5,00";"80,00";"76,00";"40,92";"M14";"V32";"C0096"
"V001372";"16-06-2024";"web";"livree";"P0061";"3";"5,00";"420,00";"399,00";"226,41";"M25";"V59";"C0058"
"V001373";"16-06-2024";"magasin";"LIVREE";"P0036";"1";"0,00";"105,00";"105,00";"57,91";"M01";"V01";"C0215"
"V001374";"16-06-2024";"Magasin";"LIVREE";"P0046";"3";"0,00";"3105,00";"3105,00";"1846,08";"M05";"V11";"C0182"
"V001375";"17-06-2024";"Magasin";"LIVREE";"P0063";"1";"5,00";"105,00";"99,75";"58,21";"M23";"V55";"C0016"
"V001376";"17-06-2024";"Magasin";"Livree";"P0024";"3";"0,00";"2310,00";"2310,00";"1397,67";"M21";"V51";"C0027"
"V001377";"17-06-2024";"MAGASIN";"Livree";"P0034";"3";"0,00";"600,00";"600,00";"355,32";"M10";"V20";"C0009"
"V001378";"17-06-2024";"magasin";"Livree";"P0051";"2";"10,00";"310,00";"279,00";"155,70";"M19";"V46";"C0146"
"V001379";"17-06-2024";"magasin";"Livree";"P0028";"3";"0,00";"390,00";"390,00";"201,78";"M12";"V27";"C0182"
"V001380";"17-06-2024";"Magasin";"LIVREE";"P0053";"1";"5,00";"155,00";"147,25";"83,01";"M09";"V19";"C0128"
"V001381";"17-06-2024";"MAGASIN";"encours";"P0053";"4";"5,00";"620,00";"589,00";"332,04";"M04";"V08";"C0119"
"V001382";"18-06-2024";"Magasin";"Livree";"P0040";"3";"5,00";"5730,00";"5443,50";"3116,76";"M16";"V38";"C0093"
"V001383";"18-06-2024";"Magasin";"Annulee";"P0063";"1";"0,00";"105,00";"105,00";"58,21";"M13";"V30";"C0070"
"V001384";"18-06-2024";"Magasin";"Annulee";"P0064";"2";"0,00";"140,00";"140,00";"71,72";"M18";"V44";"C0032"
"V001385";"18-06-2024";"web";"Livree";"P0027";"2";"5,00";"440,00";"418,00";"213,32";"M17";"V40";"C0141"
"V001386";"18-06-2024";"Web";"Annulee";"P0042";"2";"10,00";"4090,00";"3681,00";"2473,28";"M19";"V45";"C0033"
"V001387";"18-06-2024";"Magasin";"Livree";"P0048";"1";"5,00";"1760,00";"1672,00";"945,76";"M20";"V49";"C0131"
"V001388";"18-06-2024";"web";"Livree";"P0061";"4";"0,00";"560,00";"560,00";"301,88";"M18";"V44";"C0109"
"V001389";"19-06-2024";"Magasin";"Livree";"P0061";"1";"0,00";"140,00";"140,00";"75,47";"M08";"V16";"C0021"
"V001390";"19-06-2024";"magasin";"LIVREE";"P0038";"2";"10,00";"460,00";"414,00";"238,64";"M03";"V06";"C0084"
"V001391";"19-06-2024";"Magasin";"Annulee";"P0046";"1";"5,00";"1035,00";"983,25";"615,36";"M02";"V04";"C0122"
"V001392";"19-06-2024";"Magasin";"Livree";"P0052";"1";"10,00";"135,00";"121,50";"72,51";"M25";"V60";"C0027"
"V001393";"19-06-2024";"Magasin";"Livree";"P0061";"2";"0,00";"280,00";"280,00";"150,94";"M18";"V44";"C0105"
"V001394";"19-06-2024";"WEB";"LIVREE";"P0044";"1";"10,00";"1800,00";"1620,00";"1053,21";"M17";"V40";"C0157"
"V001395";"19-06-2024";"WEB";"Livree";"P0044";"1";"0,00";"1800,00";"1800,00";"1053,21";"M02";"V05";"C0052"
"V001396";"19-06-2024";"magasin";"LIVREE";"P0048";"1";"10,00";"1760,00";"1584,00";"945,76";"M01";"V01";"C0152"
"V001397";"20-06-2024";"magasin";"LIVREE";"P0062";"1";"5,00";"130,00";"123,50";"66,13";"M18";"V43";"C0010"
"V001398";"20-06-2024";"Magasin";"LIVREE";"P0063";"1";"10,00";"105,00";"94,50";"58,21";"M12";"V26";"C0124"
"V001399";"20-06-2024";"Magasin";"Livree";"P0013";"1";"0,00";"750,00";"750,00";"338,18";"M23";"V56";"C0126"
"V001400";"20-06-2024";"Web";"Livree";"P0027";"1";"0,00";"220,00";"220,00";"106,66";"M05";"V10";"C0066"
"V001401";"20-06-2024";"Magasin";"livree";"P0030";"1";"0,00";"265,00";"265,00";"125,99";"M02";"V05";"C0051"
"V001402";"20-06-2024";"Magasin";"Livree";"P0037";"3";"0,00";"690,00";"690,00";"347,85";"M13";"V31";"C0200"
"V001403";"20-06-2024";"Magasin";"livree";"P0038";"2";"0,00";"460,00";"460,00";"238,64";"M09";"V18";"C0123"
"V001404";"20-06-2024";"MAGASIN";"LIVREE";"P0051";"2";"0,00";"310,00";"310,00";"155,70";"M21";"V52";"C0212"
"V001405";"20-06-2024";"WEB";"Livree";"P0040";"1";"0,00";"1910,00";"1910,00";"1038,92";"M11";"V24";"C0096"
"V001406";"20-06-2024";"Magasin";"livree";"P0064";"1";"0,00";"70,00";"70,00";"35,86";"M16";"V37";"C0212"
"V001407";"20-06-2024";"Web";"Livree";"P0026";"4";"0,00";"1100,00";"1100,00";"549,80";"M12";"V26";"C0166"
"V001408";"21-06-2024";"Magasin";"Livree";"P0040";"1";"0,00";"1910,00";"1910,00";"1038,92";"M25";"V59";"C0064"
"V001409";"21-06-2024";"Magasin";"LIVREE";"P0028";"1";"0,00";"130,00";"130,00";"67,26";"M14";"V33";"C0131"
"V001410";"21-06-2024";"MAGASIN";"Livree";"P0045";"1";"10,00";"325,00";"292,50";"149,19";"M25";"V60";"C0143"
"V001411";"21-06-2024";"Magasin";"Livree";"P0016";"1";"0,00";"385,00";"385,00";"178,74";"M22";"V54";"C0021"
"V001412";"21-06-2024";"Magasin";"Livree";"P0051";"3";"0,00";"465,00";"465,00";"233,55";"M03";"V07";"C0183"
"V001413";"21-06-2024";"MAGASIN";"Livree";"P0044";"3";"10,00";"5400,00";"4860,00";"3159,63";"M25";"V59";"C0001"
"V001414";"21-06-2024";"web";"LIVREE";"P0049";"1";"0,00";"1770,00";"1770,00";"798,07";"M12";"V26";"C0034"
"V001415";"21-06-2024";"Magasin";"Livree";"P0028";"2";"0,00";"260,00";"260,00";"134,52";"M13";"V30";"C0093"
"V001416";"21-06-2024";"Web";"Livree";"P0027";"2";"5,00";"440,00";"418,00";"213,32";"M14";"V33";"C0139"
"V001417";"21-06-2024";"Magasin";"LIVREE";"P0045";"1";"5,00";"325,00";"308,75";"149,19";"M04";"V08";"C0123"
"V001418";"21-06-2024";"Web";"Livree";"P0052";"1";"0,00";"135,00";"135,00";"72,51";"M01";"V02";"C0095"
"V001419";"21-06-2024";"magasin";"livree";"P0036";"1";"0,00";"105,00";"105,00";"57,91";"M06";"V12";"C0114"
"V001420";"21-06-2024";"Web";"Annulee";"P0037";"1";"0,00";"230,00";"230,00";"115,95";"M23";"V55";"C0154"
"V001421";"21-06-2024";"Magasin";"LIVREE";"P0048";"1";"5,00";"1760,00";"1672,00";"945,76";"M13";"V30";"C0039"
"V001422";"22-06-2024";"Magasin";"LIVREE";"P0053";"1";"5,00";"155,00";"147,25";"83,01";"M21";"V52";"C0179"
"V001423";"22-06-2024";"MAGASIN";"LIVREE";"P0037";"2";"0,00";"460,00";"460,00";"231,90";"M16";"V37";"C0200"
"V001424";"22-06-2024";"web";"Livree";"P0034";"1";"0,00";"200,00";"200,00";"118,44";"M09";"V19";"C0095"
"V001425";"22-06-2024";"MAGASIN";"Livree";"P0045";"1";"10,00";"325,00";"292,50";"149,19";"M23";"V56";"C0207"
"V001426";"22-06-2024";"Magasin";"Livree";"P0030";"3";"0,00";"795,00";"795,00";"377,97";"M13";"V29";"C0135"
"V001427";"22-06-2024";"Magasin";"Livree";"P0045";"1";"0,00";"325,00";"325,00";"149,19";"M23";"V56";"C0176"
"V001428";"22-06-2024";"magasin";"Livree";"P0038";"1";"0,00";"230,00";"230,00";"119,32";"M15";"V36";"C0026"
"V001429";"22-06-2024";"Magasin";"Livree";"P0040";"1";"0,00";"1910,00";"1910,00";"1038,92";"M20";"V49";"C0041"
"V001430";"22-06-2024";"Magasin";"Livree";"P0048";"1";"0,00";"1760,00";"1760,00";"945,76";"M25";"V60";"C0141"
"V001431";"22-06-2024";"Magasin";"Livree";"P0048";"1";"10,00";"1760,00";"1584,00";"945,76";"M12";"V28";"C0059"
"V001432";"22-06-2024";"WEB";"LIVREE";"P0030";"2";"0,00";"530,00";"530,00";"251,98";"M01";"V01";"C0203"
"V001433";"22-06-2024";"MAGASIN";"LIVREE";"P0039";"1";"0,00";"1485,00";"1485,00";"673,51";"M08";"V16";"C0212"
"V001434";"22-06-2024";"Magasin";"LIVREE";"P0048";"1";"0,00";"1760,00";"1760,00";"945,76";"M01";"V03";"C0035"
"V001435";"23-06-2024";"Web";"encours";"P0048";"4";"0,00";"7040,00";"7040,00";"3783,04";"M23";"V56";"C0127"
"V001436";"23-06-2024";"Web";"Livree";"P0032";"2";"0,00";"380,00";"380,00";"216,36";"M10";"V21";"C0055"
"V001437";"23-06-2024";"magasin";"Livree";"P0034";"3";"0,00";"600,00";"600,00";"355,32";"M17";"V40";"C0061"
"V001438";"23-06-2024";"Magasin";"Livree";"P0055";"1";"0,00";"40,00";"40,00";"19,21";"M22";"V53";"C0016"
"V001439";"23-06-2024";"Magasin";"Annulee";"P0027";"2";"10,00";"440,00";"396,00";"213,32";"M20";"V50";"C0062"
"V001440";"23-06-2024";"web";"LIVREE";"P0064";"1";"0,00";"70,00";"70,00";"35,86";"M03";"V07";"C0187"
"V001441";"23-06-2024";"WEB";"EnCours";"P0023";"4";"0,00";"2800,00";"2800,00";"1618,28";"M24";"V57";"C0157"
"V001442";"23-06-2024";"magasin";"EnCours";"P0063";"2";"0,00";"210,00";"210,00";"116,42";"M16";"V37";"C0143"
"V001443";"23-06-2024";"magasin";"LIVREE";"P0061";"3";"0,00";"420,00";"420,00";"226,41";"M14";"V33";"C0152"
"V001444";"23-06-2024";"Magasin";"Annulee";"P0049";"1";"0,00";"1770,00";"1770,00";"798,07";"M21";"V51";"C0134"
"V001445";"24-06-2024";"Web";"LIVREE";"P0050";"2";"0,00";"460,00";"460,00";"231,66";"M25";"V59";"C0041"
"V001446";"24-06-2024";"Magasin";"livree";"P0056";"2";"0,00";"50,00";"50,00";"24,30";"M01";"V03";"C0089"
"V001447";"24-06-2024";"Magasin";"livree";"P0056";"1";"0,00";"25,00";"25,00";"12,15";"M12";"V26";"C0120"
"V001448";"24-06-2024";"magasin";"Livree";"P0028";"2";"0,00";"260,00";"260,00";"134,52";"M15";"V35";"C0206"
"V001449";"24-06-2024";"Magasin";"Livree";"P0044";"1";"5,00";"1800,00";"1710,00";"1053,21";"M14";"V33";"C0102"
"V001450";"24-06-2024";"WEB";"LIVREE";"P0029";"1";"0,00";"285,00";"285,00";"169,00";"M14";"V33";"C0002"
"V001451";"24-06-2024";"Web";"Livree";"P0031";"3";"0,00";"450,00";"450,00";"276,72";"M09";"V18";"C0123"
"V001452";"25-06-2024";"Magasin";"Livree";"P0060";"1";"0,00";"40,00";"40,00";"20,46";"M08";"V16";"C0184"
"V001453";"25-06-2024";"WEB";"Livree";"P0046";"2";"5,00";"2070,00";"1966,50";"1230,72";"M08";"V16";"C0140"
"V001454";"25-06-2024";"MAGASIN";"EnCours";"P0057";"1";"0,00";"20,00";"20,00";"10,89";"M17";"V41";"C0189"
"V001455";"25-06-2024";"Magasin";"livree";"P0062";"1";"5,00";"130,00";"123,50";"66,13";"M03";"V06";"C0168"
"V001456";"25-06-2024";"magasin";"livree";"P0029";"3";"10,00";"855,00";"769,50";"507,00";"M22";"V54";"C0124"
"V001457";"25-06-2024";"Magasin";"Livree";"P0046";"1";"0,00";"1035,00";"1035,00";"615,36";"M08";"V16";"C0039"
"V001458";"25-06-2024";"MAGASIN";"LIVREE";"P0064";"1";"0,00";"70,00";"70,00";"35,86";"M24";"V58";"C0149"
"V001459";"25-06-2024";"magasin";"encours";"P0046";"3";"0,00";"3105,00";"3105,00";"1846,08";"M18";"V43";"C0071"
"V001460";"26-06-2024";"Web";"Livree";"P0054";"1";"0,00";"160,00";"160,00";"77,44";"M14";"V32";"C0010"
"V001461";"26-06-2024";"web";"LIVREE";"P0055";"1";"0,00";"40,00";"40,00";"19,21";"M16";"V38";"C0177"
"V001462";"26-06-2024";"Magasin";"LIVREE";"P0062";"2";"0,00";"260,00";"260,00";"132,26";"M16";"V38";"C0176"
"V001463";"26-06-2024";"web";"Livree";"P0053";"3";"0,00";"465,00";"465,00";"249,03";"M08";"V17";"C0022"
"V001464";"26-06-2024";"Magasin";"livree";"P0050";"3";"0,00";"690,00";"690,00";"347,49";"M11";"V25";"C0096"
"V001465";"26-06-2024";"Magasin";"Livree";"P0055";"3";"0,00";"120,00";"120,00";"57,63";"M22";"V54";"C0017"
"V001466";"26-06-2024";"Web";"LIVREE";"P0052";"1";"0,00";"135,00";"135,00";"72,51";"M16";"V37";"C0054"
"V001467";"26-06-2024";"Magasin";"Livree";"P0054";"1";"0,00";"160,00";"160,00";"77,44";"M14";"V32";"C0196"
"V001468";"26-06-2024";"Magasin";"Livree";"P0037";"3";"10,00";"690,00";"621,00";"347,85";"M06";"V12";"C0022"
"V001469";"26-06-2024";"magasin";"Livree";"P0022";"2";"5,00";"860,00";"817,00";"411,40";"M24";"V58";"C0010"
"V001470";"26-06-2024";"Web";"EnCours";"P0054";"1";"10,00";"160,00";"144,00";"77,44";"M05";"V11";"C0069"
"V001471";"27-06-2024";"MAGASIN";"LIVREE";"P0015";"3";"5,00";"1650,00";"1567,50";"917,25";"M20";"V49";"C0216"
"V001472";"27-06-2024";"magasin";"Livree";"P0045";"3";"10,00";"975,00";"877,50";"447,57";"M10";"V21";"C0011"
"V001473";"27-06-2024";"Magasin";"Livree";"P0062";"4";"10,00";"520,00";"468,00";"264,52";"M08";"V16";"C0083"
"V001474";"27-06-2024";"WEB";"Livree";"P0025";"1";"0,00";"55,00";"55,00";"32,37";"M07";"V15";"C0158"
"V001475";"27-06-2024";"MAGASIN";"Annulee";"P0050";"1";"10,00";"230,00";"207,00";"115,83";"M21";"V51";"C0122"
"V001476";"27-06-2024";"Magasin";"Livree";"P0053";"2";"0,00";"310,00";"310,00";"166,02";"M21";"V51";"C0108"
"V001477";"28-06-2024";"Magasin";"livree";"P0042";"1";"0,00";"2045,00";"2045,00";"1236,64";"M25";"V60";"C0115"
"V001478";"28-06-2024";"Magasin";"livree";"P0028";"1";"0,00";"130,00";"130,00";"67,26";"M04";"V08";"C0038"
"V001479";"28-06-2024";"Magasin";"Livree";"P0056";"3";"5,00";"75,00";"71,25";"36,45";"M09";"V19";"C0070"
"V001480";"28-06-2024";"Web";"LIVREE";"P0064";"3";"10,00";"210,00";"189,00";"107,58";"M19";"V47";"C0205"
"V001481";"28-06-2024";"Magasin";"Livree";"P0061";"2";"0,00";"280,00";"280,00";"150,94";"M14";"V33";"C0060"
"V001482";"28-06-2024";"Magasin";"Livree";"P0061";"1";"0,00";"140,00";"140,00";"75,47";"M13";"V29";"C0137"
"V001483";"28-06-2024";"web";"Annulee";"P0031";"3";"5,00";"450,00";"427,50";"276,72";"M24";"V57";"C0006"
"V001484";"29-06-2024";"Web";"Annulee";"P0009";"1";"10,00";"505,00";"454,50";"297,17";"M15";"V36";"C0012"
"V001485";"29-06-2024";"WEB";"LIVREE";"P0026";"3";"0,00";"825,00";"825,00";"412,35";"M10";"V20";"C0190"
"V001486";"29-06-2024";"magasin";"LIVREE";"P0050";"3";"5,00";"690,00";"655,50";"347,49";"M09";"V19";"C0081"
"V001487";"29-06-2024";"Magasin";"livree";"P0047";"2";"0,00";"3330,00";"3330,00";"2008,14";"M23";"V56";"C0062"
"V001488";"29-06-2024";"Web";"Livree";"P0062";"2";"5,00";"260,00";"247,00";"132,26";"M15";"V36";"C0088"
"V001489";"29-06-2024";"Web";"Livree";"P0055";"3";"10,00";"120,00";"108,00";"57,63";"M19";"V47";"C0146"
"V001490";"29-06-2024";"MAGASIN";"Livree";"P0058";"3";"0,00";"195,00";"195,00";"93,93";"M16";"V37";"C0188"
"V001491";"29-06-2024";"Magasin";"livree";"P0054";"1";"0,00";"160,00";"160,00";"77,44";"M07";"V14";"C0105"
"V001492";"29-06-2024";"web";"Livree";"P0024";"2";"0,00";"1540,00";"1540,00";"931,78";"M02";"V05";"C0201"
"V001493";"29-06-2024";"MAGASIN";"LIVREE";"P0061";"1";"0,00";"140,00";"140,00";"75,47";"M16";"V37";"C0090"
"V001494";"29-06-2024";"magasin";"Livree";"P0053";"1";"0,00";"155,00";"155,00";"83,01";"M24";"V57";"C0041"
"V001495";"29-06-2024";"MAGASIN";"encours";"P0061";"1";"10,00";"140,00";"126,00";"75,47";"M21";"V52";"C0216"
"V001496";"29-06-2024";"web";"Livree";"P0044";"4";"0,00";"7200,00";"7200,00";"4212,84";"M08";"V16";"C0053"
"V001497";"29-06-2024";"Web";"EnCours";"P0059";"2";"0,00";"80,00";"80,00";"38,46";"M21";"V51";"C0034"
"V001498";"29-06-2024";"web";"encours";"P0058";"1";"0,00";"65,00";"65,00";"31,31";"M07";"V14";"C0071"
"V001499";"30-06-2024";"Web";"Livree";"P0055";"1";"5,00";"40,00";"38,00";"19,21";"M01";"V01";"C0089"
"V001500";"30-06-2024";"Magasin";"Livree";"P0028";"2";"0,00";"260,00";"260,00";"134,52";"M10";"V21";"C0204"
"V001501";"30-06-2024";"Web";"Livree";"P0025";"1";"0,00";"55,00";"55,00";"32,37";"M18";"V44";"C0078"
"V001502";"30-06-2024";"Web";"Livree";"P0043";"1";"0,00";"2230,00";"2230,00";"1198,97";"M12";"V26";"C0012"
"V001503";"30-06-2024";"MAGASIN";"livree";"P0051";"2";"0,00";"310,00";"310,00";"155,70";"M08";"V17";"C0051"
"V001504";"30-06-2024";"magasin";"LIVREE";"P0040";"3";"0,00";"5730,00";"5730,00";"3116,76";"M16";"V39";"C0131"
"V001505";"30-06-2024";"MAGASIN";"Livree";"P0051";"3";"0,00";"465,00";"465,00";"233,55";"M07";"V15";"C0155"
"V001506";"30-06-2024";"Magasin";"Livree";"P0064";"2";"10,00";"140,00";"126,00";"71,72";"M09";"V18";"C0082"
"V001507";"30-06-2024";"Web";"Livree";"P0058";"1";"5,00";"65,00";"61,75";"31,31";"M18";"V44";"C0156"
"V001508";"30-06-2024";"Magasin";"LIVREE";"P0059";"1";"5,00";"40,00";"38,00";"19,23";"M02";"V04";"C0172"
"V001509";"30-06-2024";"Magasin";"Livree";"P0064";"2";"0,00";"140,00";"140,00";"71,72";"M22";"V54";"C0184"
"V001510";"30-06-2024";"Magasin";"Annulee";"P0060";"3";"0,00";"120,00";"120,00";"61,38";"M22";"V54";"C0110"
"V001511";"30-06-2024";"web";"LIVREE";"P0042";"1";"0,00";"2045,00";"2045,00";"1236,64";"M05";"V11";"C0033"
"V001512";"01-07-2024";"magasin";"livree";"P0058";"1";"10,00";"65,00";"58,50";"31,31";"M06";"V13";"C0105"
"V001513";"01-07-2024";"magasin";"Livree";"P0048";"2";"10,00";"3520,00";"3168,00";"1891,52";"M18";"V43";"C0131"
"V001514";"01-07-2024";"Magasin";"LIVREE";"P0054";"1";"5,00";"160,00";"152,00";"77,44";"M15";"V35";"C0014"
"V001515";"01-07-2024";"Magasin";"LIVREE";"P0030";"1";"0,00";"265,00";"265,00";"125,99";"M04";"V09";"C0053"
"V001516";"01-07-2024";"Magasin";"Livree";"P0046";"2";"0,00";"2070,00";"2070,00";"1230,72";"M21";"V51";"C0164"
"V001517";"01-07-2024";"Magasin";"Livree";"P0048";"1";"0,00";"1760,00";"1760,00";"945,76";"M22";"V53";"C0042"
"V001518";"01-07-2024";"web";"EnCours";"P0052";"1";"0,00";"135,00";"135,00";"72,51";"M15";"V35";"C0020"
"V001519";"01-07-2024";"Magasin";"Livree";"P0060";"3";"0,00";"120,00";"120,00";"61,38";"M19";"V47";"C0133"
"V001520";"01-07-2024";"magasin";"Annulee";"P0021";"2";"0,00";"820,00";"820,00";"378,82";"M13";"V30";"C0171"
"V001521";"01-07-2024";"Magasin";"Annulee";"P0036";"3";"0,00";"315,00";"315,00";"173,73";"M21";"V52";"C0179"
"V001522";"01-07-2024";"Magasin";"Livree";"P0025";"2";"0,00";"110,00";"110,00";"64,74";"M16";"V39";"C0007"
"V001523";"01-07-2024";"Magasin";"LIVREE";"P0062";"2";"5,00";"260,00";"247,00";"132,26";"M15";"V36";"C0029"
"V001524";"01-07-2024";"magasin";"LIVREE";"P0046";"1";"0,00";"1035,00";"1035,00";"615,36";"M18";"V44";"C0204"
"V001525";"01-07-2024";"magasin";"LIVREE";"P0037";"1";"0,00";"230,00";"230,00";"115,95";"M09";"V19";"C0063"
"V001526";"01-07-2024";"web";"encours";"P0040";"1";"10,00";"1910,00";"1719,00";"1038,92";"M20";"V50";"C0209"
"V001527";"01-07-2024";"magasin";"livree";"P0053";"1";"10,00";"155,00";"139,50";"83,01";"M06";"V13";"C0136"
"V001528";"02-07-2024";"web";"EnCours";"P0047";"1";"0,00";"1665,00";"1665,00";"1004,07";"M12";"V28";"C0085"
"V001529";"02-07-2024";"Magasin";"Livree";"P0036";"1";"0,00";"105,00";"105,00";"57,91";"M22";"V54";"C0112"
"V001530";"02-07-2024";"Magasin";"LIVREE";"P0031";"3";"5,00";"450,00";"427,50";"276,72";"M17";"V41";"C0109"
"V001531";"02-07-2024";"Web";"livree";"P0064";"1";"0,00";"70,00";"70,00";"35,86";"M19";"V47";"C0076"
"V001532";"02-07-2024";"Magasin";"Livree";"P0053";"1";"5,00";"155,00";"147,25";"83,01";"M11";"V24";"C0122"
"V001533";"02-07-2024";"Web";"LIVREE";"P0062";"4";"0,00";"520,00";"520,00";"264,52";"M13";"V31";"C0123"
"V001534";"02-07-2024";"WEB";"Livree";"P0044";"4";"0,00";"7200,00";"7200,00";"4212,84";"M05";"V10";"C0160"
"V001535";"02-07-2024";"Web";"Livree";"P0029";"2";"0,00";"570,00";"570,00";"338,00";"M25";"V60";"C0019"
"V001536";"02-07-2024";"web";"Livree";"P0051";"1";"0,00";"155,00";"155,00";"77,85";"M07";"V15";"C0200"
"V001537";"02-07-2024";"Magasin";"livree";"P0057";"3";"0,00";"60,00";"60,00";"32,67";"M20";"V50";"C0194"
"V001538";"02-07-2024";"MAGASIN";"Livree";"P0054";"2";"10,00";"320,00";"288,00";"154,88";"M18";"V44";"C0054"
"V001539";"02-07-2024";"WEB";"livree";"P0061";"3";"10,00";"420,00";"378,00";"226,41";"M04";"V09";"C0066"
"V001540";"02-07-2024";"Magasin";"livree";"P0057";"3";"10,00";"60,00";"54,00";"32,67";"M04";"V08";"C0118"
"V001541";"02-07-2024";"Web";"LIVREE";"P0038";"1";"0,00";"230,00";"230,00";"119,32";"M07";"V14";"C0094"
"V001542";"02-07-2024";"MAGASIN";"livree";"P0029";"3";"0,00";"855,00";"855,00";"507,00";"M10";"V22";"C0029"
"V001543";"02-07-2024";"Magasin";"LIVREE";"P0053";"2";"0,00";"310,00";"310,00";"166,02";"M25";"V60";"C0041"
"V001544";"02-07-2024";"Web";"Livree";"P0032";"2";"0,00";"380,00";"380,00";"216,36";"M13";"V30";"C0107"
"V001545";"03-07-2024";"WEB";"Livree";"P0055";"2";"5,00";"80,00";"76,00";"38,42";"M01";"V03";"C0218"
"V001546";"03-07-2024";"Magasin";"LIVREE";"P0052";"1";"0,00";"135,00";"135,00";"72,51";"M04";"V09";"C0170"
"V001547";"03-07-2024";"Web";"Livree";"P0048";"1";"0,00";"1760,00";"1760,00";"945,76";"M18";"V44";"C0217"
"V001548";"03-07-2024";"Web";"Livree";"P0048";"4";"0,00";"7040,00";"7040,00";"3783,04";"M19";"V45";"C0146"
"V001549";"03-07-2024";"WEB";"EnCours";"P0025";"3";"10,00";"165,00";"148,50";"97,11";"M13";"V31";"C0084"
"V001550";"03-07-2024";"Magasin";"LIVREE";"P0057";"1";"0,00";"20,00";"20,00";"10,89";"M18";"V43";"C0111"
"V001551";"03-07-2024";"web";"LIVREE";"P0035";"1";"5,00";"170,00";"161,50";"91,98";"M08";"V17";"C0061"
"V001552";"03-07-2024";"Magasin";"LIVREE";"P0052";"3";"0,00";"405,00";"405,00";"217,53";"M10";"V20";"C0179"
"V001553";"03-07-2024";"Web";"livree";"P0050";"3";"0,00";"690,00";"690,00";"347,49";"M19";"V45";"C0079"
"V001554";"03-07-2024";"magasin";"Livree";"P0060";"1";"0,00";"40,00";"40,00";"20,46";"M18";"V44";"C0037"
"V001555";"03-07-2024";"Web";"livree";"P0046";"1";"0,00";"1035,00";"1035,00";"615,36";"M16";"V39";"C0162"
"V001556";"04-07-2024";"magasin";"LIVREE";"P0019";"2";"0,00";"1070,00";"1070,00";"614,96";"M18";"V44";"C0043"
"V001557";"04-07-2024";"Magasin";"Livree";"P0029";"2";"0,00";"570,00";"570,00";"338,00";"M23";"V55";"C0047"
"V001558";"04-07-2024";"MAGASIN";"Livree";"P0059";"1";"10,00";"40,00";"36,00";"19,23";"M10";"V20";"C0034"
"V001559";"04-07-2024";"magasin";"Livree";"P0060";"2";"0,00";"80,00";"80,00";"40,92";"M16";"V38";"C0049"
"V001560";"04-07-2024";"magasin";"Livree";"P0039";"3";"10,00";"4455,00";"4009,50";"2020,53";"M16";"V39";"C0185"
"V001561";"04-07-2024";"Web";"Livree";"P0053";"1";"5,00";"155,00";"147,25";"83,01";"M02";"V04";"C0175"
"V001562";"04-07-2024";"Magasin";"LIVREE";"P0048";"1";"0,00";"1760,00";"1760,00";"945,76";"M01";"V03";"C0126"
"V001563";"04-07-2024";"WEB";"Livree";"P0026";"2";"0,00";"550,00";"550,00";"274,90";"M06";"V13";"C0055"
"V001564";"04-07-2024";"WEB";"Annulee";"P0059";"1";"0,00";"40,00";"40,00";"19,23";"M01";"V03";"C0003"
"V001565";"04-07-2024";"MAGASIN";"Livree";"P0027";"3";"0,00";"660,00";"660,00";"319,98";"M06";"V12";"C0139"
"V001566";"04-07-2024";"Magasin";"Livree";"P0046";"1";"0,00";"1035,00";"1035,00";"615,36";"M09";"V19";"C0078"
"V001567";"05-07-2024";"Magasin";"livree";"P0035";"2";"0,00";"340,00";"340,00";"183,96";"M10";"V21";"C0010"
"V001568";"05-07-2024";"web";"Livree";"P0026";"2";"5,00";"550,00";"522,50";"274,90";"M11";"V24";"C0162"
"V001569";"05-07-2024";"Magasin";"LIVREE";"P0051";"1";"5,00";"155,00";"147,25";"77,85";"M23";"V55";"C0010"
"V001570";"05-07-2024";"magasin";"livree";"P0051";"2";"0,00";"310,00";"310,00";"155,70";"M24";"V57";"C0011"
"V001571";"06-07-2024";"Web";"EnCours";"P0057";"1";"5,00";"20,00";"19,00";"10,89";"M05";"V10";"C0185"
"V001572";"06-07-2024";"Magasin";"Livree";"P0047";"2";"0,00";"3330,00";"3330,00";"2008,14";"M02";"V05";"C0186"
"V001573";"06-07-2024";"magasin";"livree";"P0035";"1";"5,00";"170,00";"161,50";"91,98";"M13";"V29";"C0121"
"V001574";"06-07-2024";"Magasin";"livree";"P0035";"1";"0,00";"170,00";"170,00";"91,98";"M14";"V33";"C0161"
"V001575";"06-07-2024";"WEB";"Livree";"P0048";"1";"0,00";"1760,00";"1760,00";"945,76";"M05";"V11";"C0153"
"V001576";"07-07-2024";"Magasin";"Livree";"P0046";"1";"0,00";"1035,00";"1035,00";"615,36";"M06";"V13";"C0113"
"V001577";"07-07-2024";"Web";"LIVREE";"P0056";"3";"0,00";"75,00";"75,00";"36,45";"M09";"V18";"C0194"
"V001578";"07-07-2024";"Magasin";"livree";"P0054";"2";"0,00";"320,00";"320,00";"154,88";"M25";"V60";"C0060"
"V001579";"07-07-2024";"MAGASIN";"LIVREE";"P0026";"1";"0,00";"275,00";"275,00";"137,45";"M24";"V57";"C0007"
"V001580";"07-07-2024";"Magasin";"Livree";"P0020";"1";"0,00";"385,00";"385,00";"217,97";"M08";"V16";"C0199"
"V001581";"07-07-2024";"web";"Livree";"P0041";"3";"0,00";"6675,00";"6675,00";"4046,10";"M21";"V52";"C0147"
"V001582";"07-07-2024";"WEB";"Livree";"P0033";"1";"0,00";"50,00";"50,00";"22,73";"M09";"V18";"C0194"
"V001583";"07-07-2024";"web";"LIVREE";"P0042";"1";"0,00";"2045,00";"2045,00";"1236,64";"M11";"V24";"C0124"
"V001584";"07-07-2024";"web";"EnCours";"P0046";"1";"0,00";"1035,00";"1035,00";"615,36";"M20";"V48";"C0021"
"V001585";"08-07-2024";"Magasin";"LIVREE";"P0060";"2";"0,00";"80,00";"80,00";"40,92";"M25";"V59";"C0159"
"V001586";"08-07-2024";"Magasin";"LIVREE";"P0061";"3";"0,00";"420,00";"420,00";"226,41";"M03";"V07";"C0202"
"V001587";"08-07-2024";"Magasin";"LIVREE";"P0055";"2";"0,00";"80,00";"80,00";"38,42";"M23";"V56";"C0127"
"V001588";"08-07-2024";"web";"Livree";"P0030";"2";"0,00";"530,00";"530,00";"251,98";"M19";"V47";"C0021"
"V001589";"08-07-2024";"MAGASIN";"Livree";"P0057";"1";"10,00";"20,00";"18,00";"10,89";"M19";"V47";"C0094"
"V001590";"08-07-2024";"WEB";"LIVREE";"P0063";"2";"10,00";"210,00";"189,00";"116,42";"M19";"V47";"C0017"
"V001591";"08-07-2024";"web";"Livree";"P0041";"1";"5,00";"2225,00";"2113,75";"1348,70";"M02";"V04";"C0046"
"V001592";"08-07-2024";"web";"Livree";"P0055";"1";"0,00";"40,00";"40,00";"19,21";"M06";"V12";"C0195"
"V001593";"08-07-2024";"Magasin";"Livree";"P0033";"2";"5,00";"100,00";"95,00";"45,46";"M07";"V14";"C0163"
"V001594";"09-07-2024";"Magasin";"Livree";"P0063";"1";"0,00";"105,00";"105,00";"58,21";"M13";"V30";"C0105"
"V001595";"09-07-2024";"magasin";"livree";"P0048";"3";"10,00";"5280,00";"4752,00";"2837,28";"M17";"V40";"C0002"
"V001596";"09-07-2024";"Magasin";"Annulee";"P0031";"1";"0,00";"150,00";"150,00";"92,24";"M10";"V21";"C0044"
"V001597";"09-07-2024";"MAGASIN";"EnCours";"P0054";"1";"0,00";"160,00";"160,00";"77,44";"M12";"V26";"C0132"
"V001598";"09-07-2024";"MAGASIN";"livree";"P0064";"1";"0,00";"70,00";"70,00";"35,86";"M04";"V09";"C0074"
"V001599";"09-07-2024";"magasin";"livree";"P0038";"1";"0,00";"230,00";"230,00";"119,32";"M01";"V03";"C0069"
"V001600";"09-07-2024";"MAGASIN";"livree";"P0057";"1";"0,00";"20,00";"20,00";"10,89";"M23";"V56";"C0184"
"V001601";"09-07-2024";"MAGASIN";"LIVREE";"P0042";"3";"0,00";"6135,00";"6135,00";"3709,92";"M14";"V32";"C0191"
"V001602";"09-07-2024";"WEB";"Livree";"P0061";"1";"0,00";"140,00";"140,00";"75,47";"M21";"V51";"C0143"
"V001603";"09-07-2024";"Magasin";"Livree";"P0034";"1";"0,00";"200,00";"200,00";"118,44";"M03";"V06";"C0030"
"V001604";"09-07-2024";"Magasin";"Livree";"P0040";"2";"0,00";"3820,00";"3820,00";"2077,84";"M15";"V36";"C0002"
"V001605";"10-07-2024";"Magasin";"Livree";"P0052";"1";"0,00";"135,00";"135,00";"72,51";"M16";"V39";"C0188"
"V001606";"10-07-2024";"Magasin";"Livree";"P0061";"3";"0,00";"420,00";"420,00";"226,41";"M06";"V13";"C0053"
"V001607";"10-07-2024";"MAGASIN";"encours";"P0042";"2";"5,00";"4090,00";"3885,50";"2473,28";"M23";"V56";"C0132"
"V001608";"10-07-2024";"MAGASIN";"EnCours";"P0044";"1";"0,00";"1800,00";"1800,00";"1053,21";"M21";"V52";"C0078"
"V001609";"10-07-2024";"web";"LIVREE";"P0061";"4";"10,00";"560,00";"504,00";"301,88";"M04";"V09";"C0018"
"V001610";"10-07-2024";"Magasin";"Livree";"P0063";"1";"0,00";"105,00";"105,00";"58,21";"M12";"V28";"C0052"
"V001611";"10-07-2024";"Magasin";"Livree";"P0050";"1";"5,00";"230,00";"218,50";"115,83";"M22";"V53";"C0132"
"V001612";"10-07-2024";"Web";"LIVREE";"P0050";"3";"0,00";"690,00";"690,00";"347,49";"M06";"V13";"C0146"
"V001613";"10-07-2024";"Magasin";"encours";"P0051";"1";"5,00";"155,00";"147,25";"77,85";"M10";"V20";"C0219"
"V001614";"11-07-2024";"Web";"EnCours";"P0054";"2";"5,00";"320,00";"304,00";"154,88";"M18";"V44";"C0041"
"V001615";"11-07-2024";"Magasin";"LIVREE";"P0058";"1";"0,00";"65,00";"65,00";"31,31";"M25";"V60";"C0211"
"V001616";"11-07-2024";"WEB";"livree";"P0041";"1";"0,00";"2225,00";"2225,00";"1348,70";"M25";"V59";"C0191"
"V001617";"11-07-2024";"web";"Livree";"P0025";"2";"0,00";"110,00";"110,00";"64,74";"M21";"V51";"C0132"
"V001618";"11-07-2024";"Magasin";"Livree";"P0050";"1";"0,00";"230,00";"230,00";"115,83";"M24";"V57";"C0036"
"V001619";"11-07-2024";"Magasin";"encours";"P0047";"2";"0,00";"3330,00";"3330,00";"2008,14";"M16";"V37";"C0034"
"V001620";"12-07-2024";"Magasin";"encours";"P0060";"3";"5,00";"120,00";"114,00";"61,38";"M12";"V28";"C0129"
"V001621";"12-07-2024";"magasin";"Livree";"P0051";"1";"0,00";"155,00";"155,00";"77,85";"M06";"V13";"C0157"
"V001622";"12-07-2024";"web";"Livree";"P0047";"3";"0,00";"4995,00";"4995,00";"3012,21";"M12";"V27";"C0063"
"V001623";"13-07-2024";"Magasin";"LIVREE";"P0027";"1";"0,00";"220,00";"220,00";"106,66";"M05";"V11";"C0162"
"V001624";"13-07-2024";"Magasin";"Livree";"P0040";"1";"5,00";"1910,00";"1814,50";"1038,92";"M11";"V23";"C0096"
"V001625";"13-07-2024";"Web";"Livree";"P0063";"1";"0,00";"105,00";"105,00";"58,21";"M06";"V13";"C0058"
"V001626";"13-07-2024";"web";"EnCours";"P0042";"1";"0,00";"2045,00";"2045,00";"1236,64";"M17";"V40";"C0099"
"V001627";"13-07-2024";"Magasin";"LIVREE";"P0025";"2";"10,00";"110,00";"99,00";"64,74";"M03";"V06";"C0002"
"V001628";"13-07-2024";"magasin";"LIVREE";"P0016";"1";"0,00";"385,00";"385,00";"178,74";"M02";"V04";"C0049"
"V001629";"13-07-2024";"Magasin";"Livree";"P0043";"1";"0,00";"2230,00";"2230,00";"1198,97";"M20";"V50";"C0131"
"V001630";"13-07-2024";"Web";"Livree";"P0054";"2";"0,00";"320,00";"320,00";"154,88";"M08";"V17";"C0102"
"V001631";"14-07-2024";"MAGASIN";"Annulee";"P0035";"1";"0,00";"170,00";"170,00";"91,98";"M19";"V45";"C0098"
"V001632";"14-07-2024";"Web";"livree";"P0031";"1";"0,00";"150,00";"150,00";"92,24";"M23";"V55";"C0005"
"V001633";"14-07-2024";"web";"livree";"P0044";"1";"10,00";"1800,00";"1620,00";"1053,21";"M18";"V44";"C0127"
"V001634";"14-07-2024";"Magasin";"LIVREE";"P0053";"1";"5,00";"155,00";"147,25";"83,01";"M06";"V13";"C0045"
"V001635";"14-07-2024";"web";"livree";"P0034";"1";"0,00";"200,00";"200,00";"118,44";"M06";"V12";"C0117"
"V001636";"14-07-2024";"MAGASIN";"Annulee";"P0052";"1";"5,00";"135,00";"128,25";"72,51";"M25";"V59";"C0018"
"V001637";"14-07-2024";"magasin";"livree";"P0039";"2";"10,00";"2970,00";"2673,00";"1347,02";"M03";"V07";"C0162"
"V001638";"14-07-2024";"Magasin";"Livree";"P0064";"2";"0,00";"140,00";"140,00";"71,72";"M16";"V39";"C0081"
"V001639";"14-07-2024";"MAGASIN";"LIVREE";"P0035";"1";"5,00";"170,00";"161,50";"91,98";"M11";"V25";"C0116"
"V001640";"14-07-2024";"Magasin";"LIVREE";"P0047";"2";"5,00";"3330,00";"3163,50";"2008,14";"M04";"V09";"C0002"
"V001641";"14-07-2024";"magasin";"LIVREE";"P0040";"1";"0,00";"1910,00";"1910,00";"1038,92";"M03";"V06";"C0217"
"V001642";"14-07-2024";"Magasin";"Livree";"P0043";"2";"0,00";"4460,00";"4460,00";"2397,94";"M20";"V48";"C0019"
"V001643";"14-07-2024";"MAGASIN";"LIVREE";"P0056";"1";"0,00";"25,00";"25,00";"12,15";"M01";"V03";"C0044"
"V001644";"15-07-2024";"Magasin";"livree";"P0031";"1";"0,00";"150,00";"150,00";"92,24";"M23";"V55";"C0168"
"V001645";"15-07-2024";"WEB";"encours";"P0004";"3";"10,00";"2880,00";"2592,00";"1685,61";"M04";"V08";"C0129"
"V001646";"15-07-2024";"Magasin";"Livree";"P0054";"1";"0,00";"160,00";"160,00";"77,44";"M25";"V60";"C0158"
"V001647";"15-07-2024";"MAGASIN";"Livree";"P0062";"1";"0,00";"130,00";"130,00";"66,13";"M14";"V33";"C0094"
"V001648";"15-07-2024";"web";"Livree";"P0054";"4";"0,00";"640,00";"640,00";"309,76";"M05";"V11";"C0158"
"V001649";"15-07-2024";"Magasin";"livree";"P0025";"1";"0,00";"55,00";"55,00";"32,37";"M09";"V19";"C0022"
"V001650";"16-07-2024";"MAGASIN";"encours";"P0036";"3";"0,00";"315,00";"315,00";"173,73";"M02";"V05";"C0004"
"V001651";"16-07-2024";"MAGASIN";"Livree";"P0045";"2";"5,00";"650,00";"617,50";"298,38";"M11";"V24";"C0117"
"V001652";"16-07-2024";"Magasin";"Livree";"P0031";"2";"0,00";"300,00";"300,00";"184,48";"M07";"V14";"C0112"
"V001653";"16-07-2024";"MAGASIN";"Annulee";"P0044";"1";"0,00";"1800,00";"1800,00";"1053,21";"M09";"V18";"C0006"
"V001654";"16-07-2024";"magasin";"livree";"P0045";"3";"0,00";"975,00";"975,00";"447,57";"M03";"V06";"C0091"
"V001655";"16-07-2024";"web";"Annulee";"P0057";"2";"5,00";"40,00";"38,00";"21,78";"M25";"V59";"C0177"
"V001656";"16-07-2024";"Magasin";"Livree";"P0058";"3";"0,00";"195,00";"195,00";"93,93";"M12";"V26";"C0143"
"V001657";"16-07-2024";"Magasin";"livree";"P0045";"2";"0,00";"650,00";"650,00";"298,38";"M02";"V04";"C0151"
"V001658";"16-07-2024";"MAGASIN";"LIVREE";"P0041";"2";"0,00";"4450,00";"4450,00";"2697,40";"M01";"V01";"C0180"
"V001659";"16-07-2024";"MAGASIN";"LIVREE";"P0048";"2";"0,00";"3520,00";"3520,00";"1891,52";"M08";"V17";"C0085"
"V001660";"16-07-2024";"magasin";"Livree";"P0060";"1";"0,00";"40,00";"40,00";"20,46";"M11";"V24";"C0173"
"V001661";"16-07-2024";"magasin";"Annulee";"P0033";"1";"0,00";"50,00";"50,00";"22,73";"M13";"V30";"C0069"
"V001662";"16-07-2024";"magasin";"LIVREE";"P0060";"1";"0,00";"40,00";"40,00";"20,46";"M08";"V16";"C0141"
"V001663";"17-07-2024";"Magasin";"LIVREE";"P0044";"2";"0,00";"3600,00";"3600,00";"2106,42";"M18";"V44";"C0029"
"V001664";"17-07-2024";"Magasin";"Livree";"P0052";"1";"0,00";"135,00";"135,00";"72,51";"M23";"V56";"C0023"
"V001665";"17-07-2024";"web";"encours";"P0027";"1";"5,00";"220,00";"209,00";"106,66";"M04";"V08";"C0210"
"V001666";"17-07-2024";"web";"Livree";"P0012";"1";"0,00";"1010,00";"1010,00";"588,54";"M02";"V05";"C0082"
"V001667";"17-07-2024";"WEB";"Livree";"P0027";"2";"0,00";"440,00";"440,00";"213,32";"M01";"V03";"C0055"
"V001668";"17-07-2024";"Magasin";"Annulee";"P0030";"1";"0,00";"265,00";"265,00";"125,99";"M19";"V45";"C0090"
"V001669";"17-07-2024";"Magasin";"Livree";"P0062";"2";"0,00";"260,00";"260,00";"132,26";"M18";"V44";"C0125"
"V001670";"17-07-2024";"WEB";"encours";"P0056";"1";"5,00";"25,00";"23,75";"12,15";"M16";"V38";"C0029"
"V001671";"17-07-2024";"magasin";"LIVREE";"P0063";"1";"10,00";"105,00";"94,50";"58,21";"M21";"V51";"C0069"
"V001672";"17-07-2024";"MAGASIN";"Livree";"P0036";"1";"0,00";"105,00";"105,00";"57,91";"M11";"V25";"C0057"
"V001673";"17-07-2024";"web";"livree";"P0052";"4";"10,00";"540,00";"486,00";"290,04";"M23";"V56";"C0003"
"V001674";"17-07-2024";"magasin";"Livree";"P0042";"1";"0,00";"2045,00";"2045,00";"1236,64";"M17";"V40";"C0118"
"V001675";"18-07-2024";"MAGASIN";"Livree";"P0033";"1";"0,00";"50,00";"50,00";"22,73";"M12";"V27";"C0149"
"V001676";"18-07-2024";"WEB";"EnCours";"P0030";"3";"5,00";"795,00";"755,25";"377,97";"M18";"V43";"C0145"
"V001677";"18-07-2024";"web";"Livree";"P0044";"2";"10,00";"3600,00";"3240,00";"2106,42";"M19";"V45";"C0129"
"V001678";"18-07-2024";"Magasin";"LIVREE";"P0058";"3";"0,00";"195,00";"195,00";"93,93";"M20";"V48";"C0167"
"V001679";"18-07-2024";"MAGASIN";"Livree";"P0042";"2";"0,00";"4090,00";"4090,00";"2473,28";"M22";"V53";"C0168"
"V001680";"18-07-2024";"web";"LIVREE";"P0064";"3";"0,00";"210,00";"210,00";"107,58";"M05";"V10";"C0043"
"V001681";"19-07-2024";"magasin";"livree";"P0036";"1";"0,00";"105,00";"105,00";"57,91";"M05";"V10";"C0047"
"V001682";"19-07-2024";"magasin";"Livree";"P0056";"1";"5,00";"25,00";"23,75";"12,15";"M21";"V51";"C0009"
"V001683";"19-07-2024";"magasin";"livree";"P0036";"2";"10,00";"210,00";"189,00";"115,82";"M19";"V46";"C0086"
"V001684";"19-07-2024";"Magasin";"Livree";"P0029";"1";"0,00";"285,00";"285,00";"169,00";"M09";"V18";"C0103"
"V001685";"19-07-2024";"Magasin";"livree";"P0034";"2";"10,00";"400,00";"360,00";"236,88";"M11";"V25";"C0209"
"V001686";"19-07-2024";"magasin";"Livree";"P0061";"2";"0,00";"280,00";"280,00";"150,94";"M03";"V07";"C0110"
"V001687";"19-07-2024";"magasin";"livree";"P0027";"2";"5,00";"440,00";"418,00";"213,32";"M16";"V37";"C0008"
"V001688";"19-07-2024";"MAGASIN";"LIVREE";"P0028";"4";"0,00";"520,00";"520,00";"269,04";"M10";"V22";"C0171"
"V001689";"19-07-2024";"MAGASIN";"EnCours";"P0051";"1";"5,00";"155,00";"147,25";"77,85";"M22";"V53";"C0068"
"V001690";"19-07-2024";"Magasin";"EnCours";"P0034";"2";"10,00";"400,00";"360,00";"236,88";"M04";"V08";"C0151"
"V001691";"19-07-2024";"Magasin";"Livree";"P0061";"1";"5,00";"140,00";"133,00";"75,47";"M05";"V10";"C0071"
"V001692";"19-07-2024";"Magasin";"LIVREE";"P0048";"2";"0,00";"3520,00";"3520,00";"1891,52";"M03";"V07";"C0057"
"V001693";"20-07-2024";"MAGASIN";"Annulee";"P0049";"2";"5,00";"3540,00";"3363,00";"1596,14";"M24";"V57";"C0132"
"V001694";"20-07-2024";"MAGASIN";"Livree";"P0042";"3";"0,00";"6135,00";"6135,00";"3709,92";"M19";"V45";"C0042"
"V001695";"20-07-2024";"MAGASIN";"LIVREE";"P0025";"3";"0,00";"165,00";"165,00";"97,11";"M16";"V39";"C0156"
"V001696";"20-07-2024";"WEB";"Livree";"P0053";"3";"0,00";"465,00";"465,00";"249,03";"M06";"V13";"C0207"
"V001697";"20-07-2024";"Web";"LIVREE";"P0055";"2";"0,00";"80,00";"80,00";"38,42";"M13";"V29";"C0045"
"V001698";"20-07-2024";"Web";"LIVREE";"P0024";"1";"0,00";"770,00";"770,00";"465,89";"M03";"V06";"C0098"
"V001699";"20-07-2024";"magasin";"LIVREE";"P0063";"1";"0,00";"105,00";"105,00";"58,21";"M06";"V13";"C0144"
"V001700";"20-07-2024";"Web";"livree";"P0056";"1";"10,00";"25,00";"22,50";"12,15";"M12";"V26";"C0182"
"V001701";"21-07-2024";"Web";"EnCours";"P0026";"2";"0,00";"550,00";"550,00";"274,90";"M09";"V18";"C0142"
"V001702";"21-07-2024";"Magasin";"LIVREE";"P0027";"3";"0,00";"660,00";"660,00";"319,98";"M23";"V56";"C0107"
"V001703";"21-07-2024";"Magasin";"Livree";"P0049";"3";"0,00";"5310,00";"5310,00";"2394,21";"M16";"V37";"C0177"
"V001704";"21-07-2024";"Magasin";"livree";"P0003";"2";"0,00";"1420,00";"1420,00";"790,66";"M19";"V45";"C0071"
"V001705";"21-07-2024";"Magasin";"Annulee";"P0031";"2";"0,00";"300,00";"300,00";"184,48";"M03";"V06";"C0128"
"V001706";"21-07-2024";"magasin";"livree";"P0063";"1";"0,00";"105,00";"105,00";"58,21";"M12";"V27";"C0163"
"V001707";"21-07-2024";"MAGASIN";"LIVREE";"P0049";"2";"5,00";"3540,00";"3363,00";"1596,14";"M07";"V14";"C0015"
"V001708";"21-07-2024";"Magasin";"Annulee";"P0038";"2";"0,00";"460,00";"460,00";"238,64";"M13";"V29";"C0024"
"V001709";"21-07-2024";"Magasin";"livree";"P0041";"1";"0,00";"2225,00";"2225,00";"1348,70";"M22";"V53";"C0043"
"V001710";"22-07-2024";"Magasin";"livree";"P0063";"1";"5,00";"105,00";"99,75";"58,21";"M07";"V15";"C0127"
"V001711";"22-07-2024";"MAGASIN";"Livree";"P0039";"1";"5,00";"1485,00";"1410,75";"673,51";"M09";"V19";"C0077"
"V001712";"22-07-2024";"Magasin";"Livree";"P0059";"1";"5,00";"40,00";"38,00";"19,23";"M12";"V28";"C0160"
"V001713";"22-07-2024";"Magasin";"Livree";"P0059";"3";"0,00";"120,00";"120,00";"57,69";"M08";"V17";"C0206"
"V001714";"22-07-2024";"web";"Livree";"P0018";"2";"0,00";"1730,00";"1730,00";"882,22";"M02";"V05";"C0205"
"V001715";"22-07-2024";"web";"LIVREE";"P0060";"1";"5,00";"40,00";"38,00";"20,46";"M17";"V41";"C0113"
"V001716";"22-07-2024";"MAGASIN";"Livree";"P0053";"1";"0,00";"155,00";"155,00";"83,01";"M03";"V06";"C0168"
"V001717";"23-07-2024";"Magasin";"LIVREE";"P0044";"2";"0,00";"3600,00";"3600,00";"2106,42";"M06";"V13";"C0183"
"V001718";"23-07-2024";"WEB";"Livree";"P0025";"3";"0,00";"165,00";"165,00";"97,11";"M13";"V29";"C0021"
"V001719";"23-07-2024";"Magasin";"Livree";"P0025";"1";"0,00";"55,00";"55,00";"32,37";"M05";"V11";"C0175"
"V001720";"23-07-2024";"MAGASIN";"Livree";"P0004";"2";"10,00";"1920,00";"1728,00";"1123,74";"M08";"V17";"C0154"
"V001721";"23-07-2024";"Magasin";"livree";"P0042";"3";"0,00";"6135,00";"6135,00";"3709,92";"M13";"V31";"C0007"
"V001722";"23-07-2024";"Web";"LIVREE";"P0033";"2";"0,00";"100,00";"100,00";"45,46";"M16";"V38";"C0076"
"V001723";"23-07-2024";"MAGASIN";"Livree";"P0053";"1";"0,00";"155,00";"155,00";"83,01";"M25";"V59";"C0123"
"V001724";"23-07-2024";"web";"Livree";"P0052";"4";"0,00";"540,00";"540,00";"290,04";"M12";"V28";"C0211"
"V001725";"23-07-2024";"Magasin";"Livree";"P0041";"1";"0,00";"2225,00";"2225,00";"1348,70";"M22";"V53";"C0043"
"V001726";"24-07-2024";"Magasin";"livree";"P0039";"1";"0,00";"1485,00";"1485,00";"673,51";"M01";"V01";"C0134"
"V001727";"24-07-2024";"Magasin";"EnCours";"P0047";"1";"0,00";"1665,00";"1665,00";"1004,07";"M08";"V16";"C0079"
"V001728";"24-07-2024";"magasin";"encours";"P0040";"1";"5,00";"1910,00";"1814,50";"1038,92";"M07";"V15";"C0041"
"V001729";"24-07-2024";"magasin";"Livree";"P0040";"1";"0,00";"1910,00";"1910,00";"1038,92";"M19";"V47";"C0123"
"V001730";"24-07-2024";"MAGASIN";"livree";"P0055";"1";"10,00";"40,00";"36,00";"19,21";"M19";"V46";"C0046"
"V001731";"24-07-2024";"Magasin";"Livree";"P0032";"1";"10,00";"190,00";"171,00";"108,18";"M23";"V56";"C0052"
"V001732";"24-07-2024";"web";"Livree";"P0053";"1";"0,00";"155,00";"155,00";"83,01";"M23";"V56";"C0095"
"V001733";"24-07-2024";"Magasin";"Livree";"P0064";"1";"0,00";"70,00";"70,00";"35,86";"M04";"V08";"C0155"
"V001734";"24-07-2024";"magasin";"Livree";"P0064";"3";"0,00";"210,00";"210,00";"107,58";"M09";"V18";"C0206"
"V001735";"25-07-2024";"WEB";"Livree";"P0058";"1";"0,00";"65,00";"65,00";"31,31";"M16";"V38";"C0058"
"V001736";"25-07-2024";"MAGASIN";"Livree";"P0060";"1";"10,00";"40,00";"36,00";"20,46";"M25";"V59";"C0075"
"V001737";"25-07-2024";"Magasin";"Annulee";"P0033";"2";"0,00";"100,00";"100,00";"45,46";"M01";"V03";"C0122"
"V001738";"25-07-2024";"Web";"Livree";"P0050";"2";"10,00";"460,00";"414,00";"231,66";"M11";"V25";"C0208"
"V001739";"25-07-2024";"web";"Livree";"P0049";"1";"0,00";"1770,00";"1770,00";"798,07";"M02";"V05";"C0135"
"V001740";"25-07-2024";"Magasin";"livree";"P0043";"2";"0,00";"4460,00";"4460,00";"2397,94";"M20";"V49";"C0106"
"V001741";"25-07-2024";"Web";"livree";"P0036";"1";"0,00";"105,00";"105,00";"57,91";"M09";"V18";"C0153"
"V001742";"25-07-2024";"web";"LIVREE";"P0036";"1";"5,00";"105,00";"99,75";"57,91";"M10";"V21";"C0128"
"V001743";"25-07-2024";"web";"EnCours";"P0047";"1";"10,00";"1665,00";"1498,50";"1004,07";"M03";"V06";"C0084"
"V001744";"25-07-2024";"MAGASIN";"Livree";"P0043";"1";"5,00";"2230,00";"2118,50";"1198,97";"M13";"V30";"C0142"
"V001745";"25-07-2024";"web";"Livree";"P0037";"1";"5,00";"230,00";"218,50";"115,95";"M13";"V29";"C0149"
"V001746";"25-07-2024";"Magasin";"Livree";"P0041";"2";"5,00";"4450,00";"4227,50";"2697,40";"M14";"V33";"C0068"
"V001747";"25-07-2024";"Web";"Livree";"P0049";"2";"0,00";"3540,00";"3540,00";"1596,14";"M15";"V34";"C0046"
"V001748";"25-07-2024";"Magasin";"LIVREE";"P0042";"1";"0,00";"2045,00";"2045,00";"1236,64";"M21";"V52";"C0063"
"V001749";"26-07-2024";"Magasin";"LIVREE";"P0049";"2";"0,00";"3540,00";"3540,00";"1596,14";"M04";"V09";"C0122"
"V001750";"26-07-2024";"Magasin";"LIVREE";"P0050";"3";"5,00";"690,00";"655,50";"347,49";"M20";"V48";"C0194"
"V001751";"26-07-2024";"magasin";"Livree";"P0043";"1";"10,00";"2230,00";"2007,00";"1198,97";"M05";"V11";"C0181"
"V001752";"26-07-2024";"Magasin";"Livree";"P0018";"1";"0,00";"865,00";"865,00";"441,11";"M14";"V33";"C0215"
"V001753";"26-07-2024";"magasin";"Livree";"P0056";"1";"0,00";"25,00";"25,00";"12,15";"M10";"V20";"C0198"
"V001754";"26-07-2024";"WEB";"livree";"P0023";"1";"10,00";"700,00";"630,00";"404,57";"M25";"V59";"C0061"
"V001755";"26-07-2024";"Magasin";"LIVREE";"P0039";"2";"0,00";"2970,00";"2970,00";"1347,02";"M03";"V06";"C0168"
"V001756";"26-07-2024";"Magasin";"livree";"P0058";"1";"0,00";"65,00";"65,00";"31,31";"M07";"V14";"C0172"
"V001757";"26-07-2024";"Magasin";"Livree";"P0043";"1";"0,00";"2230,00";"2230,00";"1198,97";"M21";"V51";"C0115"
"V001758";"26-07-2024";"Magasin";"LIVREE";"P0054";"1";"0,00";"160,00";"160,00";"77,44";"M23";"V55";"C0128"
"V001759";"26-07-2024";"Magasin";"Livree";"P0059";"2";"0,00";"80,00";"80,00";"38,46";"M10";"V22";"C0050"
"V001760";"27-07-2024";"Magasin";"livree";"P0048";"1";"0,00";"1760,00";"1760,00";"945,76";"M04";"V09";"C0137"
"V001761";"27-07-2024";"Web";"livree";"P0054";"4";"10,00";"640,00";"576,00";"309,76";"M19";"V46";"C0068"
"V001762";"27-07-2024";"Magasin";"Livree";"P0058";"1";"10,00";"65,00";"58,50";"31,31";"M05";"V10";"C0106"
"V001763";"27-07-2024";"magasin";"Livree";"P0060";"1";"0,00";"40,00";"40,00";"20,46";"M08";"V16";"C0132"
"V001764";"27-07-2024";"MAGASIN";"EnCours";"P0039";"1";"0,00";"1485,00";"1485,00";"673,51";"M10";"V21";"C0068"
"V001765";"27-07-2024";"Magasin";"livree";"P0057";"1";"5,00";"20,00";"19,00";"10,89";"M06";"V12";"C0192"
"V001766";"27-07-2024";"Magasin";"Livree";"P0053";"2";"0,00";"310,00";"310,00";"166,02";"M19";"V47";"C0132"
"V001767";"27-07-2024";"magasin";"LIVREE";"P0009";"1";"0,00";"505,00";"505,00";"297,17";"M01";"V03";"C0217"
"V001768";"27-07-2024";"Web";"Livree";"P0044";"1";"5,00";"1800,00";"1710,00";"1053,21";"M14";"V32";"C0172"
"V001769";"27-07-2024";"magasin";"Livree";"P0063";"4";"5,00";"420,00";"399,00";"232,84";"M09";"V19";"C0021"
"V001770";"28-07-2024";"WEB";"Livree";"P0040";"3";"0,00";"5730,00";"5730,00";"3116,76";"M18";"V44";"C0173"
"V001771";"28-07-2024";"magasin";"Livree";"P0046";"4";"0,00";"4140,00";"4140,00";"2461,44";"M08";"V17";"C0108"
"V001772";"28-07-2024";"Magasin";"encours";"P0030";"3";"5,00";"795,00";"755,25";"377,97";"M25";"V60";"C0208"
"V001773";"28-07-2024";"MAGASIN";"livree";"P0044";"3";"0,00";"5400,00";"5400,00";"3159,63";"M11";"V25";"C0071"
"V001774";"28-07-2024";"magasin";"Livree";"P0044";"1";"0,00";"1800,00";"1800,00";"1053,21";"M23";"V56";"C0105"
"V001775";"28-07-2024";"WEB";"Livree";"P0058";"3";"0,00";"195,00";"195,00";"93,93";"M14";"V33";"C0094"
"V001776";"28-07-2024";"Magasin";"LIVREE";"P0049";"1";"0,00";"1770,00";"1770,00";"798,07";"M08";"V16";"C0131"
"V001777";"28-07-2024";"Magasin";"Annulee";"P0055";"1";"0,00";"40,00";"40,00";"19,21";"M22";"V54";"C0050"
"V001778";"28-07-2024";"MAGASIN";"livree";"P0061";"1";"5,00";"140,00";"133,00";"75,47";"M21";"V52";"C0142"
"V001779";"29-07-2024";"MAGASIN";"LIVREE";"P0057";"2";"0,00";"40,00";"40,00";"21,78";"M10";"V22";"C0196"
"V001780";"29-07-2024";"Web";"Livree";"P0027";"3";"5,00";"660,00";"627,00";"319,98";"M07";"V15";"C0044"
"V001781";"29-07-2024";"Magasin";"EnCours";"P0026";"1";"5,00";"275,00";"261,25";"137,45";"M19";"V46";"C0209"
"V001782";"29-07-2024";"Magasin";"encours";"P0063";"2";"0,00";"210,00";"210,00";"116,42";"M11";"V23";"C0108"
"V001783";"29-07-2024";"Magasin";"LIVREE";"P0063";"1";"0,00";"105,00";"105,00";"58,21";"M14";"V32";"C0014"
"V001784";"29-07-2024";"MAGASIN";"Livree";"P0061";"2";"0,00";"280,00";"280,00";"150,94";"M24";"V58";"C0131"
"V001785";"29-07-2024";"web";"livree";"P0026";"3";"0,00";"825,00";"825,00";"412,35";"M22";"V53";"C0078"
"V001786";"29-07-2024";"MAGASIN";"Livree";"P0048";"1";"0,00";"1760,00";"1760,00";"945,76";"M06";"V13";"C0154"
"V001787";"29-07-2024";"web";"Livree";"P0042";"2";"10,00";"4090,00";"3681,00";"2473,28";"M17";"V40";"C0061"
"V001788";"29-07-2024";"WEB";"LIVREE";"P0047";"1";"0,00";"1665,00";"1665,00";"1004,07";"M21";"V51";"C0034"
"V001789";"29-07-2024";"web";"LIVREE";"P0063";"2";"0,00";"210,00";"210,00";"116,42";"M03";"V06";"C0173"
"V001790";"29-07-2024";"MAGASIN";"EnCours";"P0046";"1";"5,00";"1035,00";"983,25";"615,36";"M17";"V40";"C0138"
"V001791";"29-07-2024";"MAGASIN";"Livree";"P0062";"3";"0,00";"390,00";"390,00";"198,39";"M07";"V15";"C0196"
"V001792";"30-07-2024";"web";"Livree";"P0052";"1";"10,00";"135,00";"121,50";"72,51";"M12";"V26";"C0092"
"V001793";"30-07-2024";"web";"Livree";"P0004";"1";"0,00";"960,00";"960,00";"561,87";"M23";"V55";"C0028"
"V001794";"30-07-2024";"Magasin";"LIVREE";"P0041";"1";"0,00";"2225,00";"2225,00";"1348,70";"M03";"V06";"C0120"
"V001795";"30-07-2024";"Magasin";"livree";"P0026";"2";"0,00";"550,00";"550,00";"274,90";"M19";"V45";"C0192"
"V001796";"30-07-2024";"Magasin";"Annulee";"P0030";"1";"0,00";"265,00";"265,00";"125,99";"M06";"V12";"C0166"
"V001797";"30-07-2024";"MAGASIN";"Livree";"P0026";"2";"10,00";"550,00";"495,00";"274,90";"M05";"V11";"C0033"
"V001798";"30-07-2024";"Magasin";"Livree";"P0055";"1";"5,00";"40,00";"38,00";"19,21";"M14";"V32";"C0215"
"V001799";"31-07-2024";"magasin";"Livree";"P0021";"1";"5,00";"410,00";"389,50";"189,41";"M11";"V24";"C0219"
"V001800";"31-07-2024";"magasin";"Livree";"P0058";"1";"5,00";"65,00";"61,75";"31,31";"M08";"V17";"C0219"
"V001801";"31-07-2024";"Magasin";"livree";"P0026";"1";"0,00";"275,00";"275,00";"137,45";"M15";"V34";"C0063"
"V001802";"31-07-2024";"magasin";"Livree";"P0028";"3";"0,00";"390,00";"390,00";"201,78";"M10";"V21";"C0001"
"V001803";"31-07-2024";"web";"EnCours";"P0023";"3";"0,00";"2100,00";"2100,00";"1213,71";"M10";"V20";"C0175"
"V001804";"31-07-2024";"Web";"EnCours";"P0036";"3";"0,00";"315,00";"315,00";"173,73";"M23";"V55";"C0117"
"V001805";"31-07-2024";"Magasin";"Livree";"P0058";"1";"0,00";"65,00";"65,00";"31,31";"M03";"V06";"C0058"
"V001806";"31-07-2024";"Web";"Livree";"P0062";"1";"0,00";"130,00";"130,00";"66,13";"M08";"V17";"C0091"
"V001807";"31-07-2024";"Magasin";"LIVREE";"P0033";"4";"0,00";"200,00";"200,00";"90,92";"M13";"V30";"C0196"
"V001808";"31-07-2024";"Web";"livree";"P0053";"3";"0,00";"465,00";"465,00";"249,03";"M25";"V60";"C0119"
"V001809";"01-08-2024";"MAGASIN";"LIVREE";"P0029";"3";"0,00";"855,00";"855,00";"507,00";"M15";"V36";"C0012"
"V001810";"01-08-2024";"Web";"LIVREE";"P0056";"4";"0,00";"100,00";"100,00";"48,60";"M25";"V60";"C0015"
"V001811";"01-08-2024";"WEB";"Annulee";"P0032";"3";"0,00";"570,00";"570,00";"324,54";"M13";"V29";"C0149"
"V001812";"01-08-2024";"Web";"LIVREE";"P0063";"1";"0,00";"105,00";"105,00";"58,21";"M17";"V40";"C0085"
"V001813";"01-08-2024";"MAGASIN";"livree";"P0063";"1";"0,00";"105,00";"105,00";"58,21";"M02";"V04";"C0040"
"V001814";"01-08-2024";"MAGASIN";"Livree";"P0031";"3";"0,00";"450,00";"450,00";"276,72";"M05";"V10";"C0094"
"V001815";"01-08-2024";"MAGASIN";"livree";"P0060";"4";"10,00";"160,00";"144,00";"81,84";"M13";"V29";"C0088"
"V001816";"02-08-2024";"WEB";"Livree";"P0043";"1";"0,00";"2230,00";"2230,00";"1198,97";"M23";"V55";"C0160"
"V001817";"02-08-2024";"Web";"Livree";"P0035";"1";"0,00";"170,00";"170,00";"91,98";"M01";"V01";"C0185"
"V001818";"02-08-2024";"Web";"LIVREE";"P0033";"3";"0,00";"150,00";"150,00";"68,19";"M10";"V21";"C0102"
"V001819";"02-08-2024";"Magasin";"Livree";"P0033";"1";"0,00";"50,00";"50,00";"22,73";"M24";"V57";"C0163"
"V001820";"02-08-2024";"Magasin";"Livree";"P0051";"1";"5,00";"155,00";"147,25";"77,85";"M04";"V08";"C0128"
"V001821";"02-08-2024";"Magasin";"LIVREE";"P0052";"1";"0,00";"135,00";"135,00";"72,51";"M08";"V16";"C0073"
"V001822";"02-08-2024";"Magasin";"LIVREE";"P0054";"1";"0,00";"160,00";"160,00";"77,44";"M14";"V33";"C0029"
"V001823";"02-08-2024";"magasin";"Livree";"P0053";"2";"0,00";"310,00";"310,00";"166,02";"M01";"V03";"C0139"
"V001824";"02-08-2024";"Magasin";"LIVREE";"P0038";"2";"0,00";"460,00";"460,00";"238,64";"M21";"V51";"C0110"
"V001825";"02-08-2024";"Magasin";"Livree";"P0032";"2";"10,00";"380,00";"342,00";"216,36";"M18";"V44";"C0101"
"V001826";"02-08-2024";"Magasin";"Livree";"P0056";"2";"0,00";"50,00";"50,00";"24,30";"M16";"V39";"C0100"
"V001827";"02-08-2024";"Magasin";"Livree";"P0011";"1";"0,00";"1150,00";"1150,00";"671,97";"M19";"V46";"C0179"
"V001828";"02-08-2024";"Magasin";"livree";"P0038";"3";"0,00";"690,00";"690,00";"357,96";"M11";"V24";"C0039"
"V001829";"02-08-2024";"Magasin";"Livree";"P0060";"1";"5,00";"40,00";"38,00";"20,46";"M02";"V05";"C0098"
"V001830";"03-08-2024";"Magasin";"Livree";"P0045";"1";"0,00";"325,00";"325,00";"149,19";"M12";"V27";"C0086"
"V001831";"03-08-2024";"magasin";"EnCours";"P0049";"1";"10,00";"1770,00";"1593,00";"798,07";"M05";"V11";"C0062"
"V001832";"03-08-2024";"MAGASIN";"LIVREE";"P0040";"1";"10,00";"1910,00";"1719,00";"1038,92";"M16";"V38";"C0153"
"V001833";"03-08-2024";"MAGASIN";"livree";"P0045";"1";"0,00";"325,00";"325,00";"149,19";"M20";"V48";"C0005"
"V001834";"03-08-2024";"MAGASIN";"LIVREE";"P0045";"3";"0,00";"975,00";"975,00";"447,57";"M03";"V07";"C0067"
"V001835";"03-08-2024";"Web";"LIVREE";"P0061";"1";"0,00";"140,00";"140,00";"75,47";"M10";"V20";"C0185"
"V001836";"03-08-2024";"Web";"livree";"P0052";"1";"0,00";"135,00";"135,00";"72,51";"M05";"V11";"C0216"
"V001837";"03-08-2024";"WEB";"livree";"P0052";"2";"0,00";"270,00";"270,00";"145,02";"M06";"V12";"C0051"
"V001838";"03-08-2024";"magasin";"Livree";"P0025";"1";"0,00";"55,00";"55,00";"32,37";"M12";"V26";"C0032"
"V001839";"03-08-2024";"magasin";"livree";"P0034";"1";"5,00";"200,00";"190,00";"118,44";"M12";"V27";"C0040"
"V001840";"03-08-2024";"Web";"Annulee";"P0063";"1";"0,00";"105,00";"105,00";"58,21";"M05";"V10";"C0166"
"V001841";"03-08-2024";"web";"livree";"P0063";"1";"0,00";"105,00";"105,00";"58,21";"M04";"V08";"C0192"
"V001842";"03-08-2024";"Web";"livree";"P0057";"1";"5,00";"20,00";"19,00";"10,89";"M02";"V04";"C0130"
"V001843";"04-08-2024";"web";"Livree";"P0034";"2";"0,00";"400,00";"400,00";"236,88";"M14";"V32";"C0191"
"V001844";"04-08-2024";"magasin";"LIVREE";"P0059";"1";"0,00";"40,00";"40,00";"19,23";"M20";"V48";"C0178"
"V001845";"04-08-2024";"magasin";"Livree";"P0064";"2";"0,00";"140,00";"140,00";"71,72";"M25";"V59";"C0085"
"V001846";"04-08-2024";"WEB";"LIVREE";"P0039";"1";"0,00";"1485,00";"1485,00";"673,51";"M03";"V07";"C0208"
"V001847";"04-08-2024";"web";"EnCours";"P0061";"1";"0,00";"140,00";"140,00";"75,47";"M23";"V56";"C0197"
"V001848";"04-08-2024";"magasin";"LIVREE";"P0059";"4";"0,00";"160,00";"160,00";"76,92";"M07";"V14";"C0124"
"V001849";"04-08-2024";"Magasin";"livree";"P0026";"1";"0,00";"275,00";"275,00";"137,45";"M09";"V19";"C0096"
"V001850";"04-08-2024";"WEB";"Livree";"P0029";"1";"0,00";"285,00";"285,00";"169,00";"M02";"V05";"C0188"
"V001851";"04-08-2024";"Web";"encours";"P0038";"2";"0,00";"460,00";"460,00";"238,64";"M10";"V20";"C0183"
"V001852";"04-08-2024";"Magasin";"LIVREE";"P0050";"1";"0,00";"230,00";"230,00";"115,83";"M20";"V49";"C0212"
"V001853";"04-08-2024";"Magasin";"Livree";"P0042";"1";"10,00";"2045,00";"1840,50";"1236,64";"M05";"V10";"C0111"
"V001854";"04-08-2024";"WEB";"Livree";"P0054";"2";"0,00";"320,00";"320,00";"154,88";"M04";"V08";"C0215"
"V001855";"04-08-2024";"Magasin";"Livree";"P0025";"1";"0,00";"55,00";"55,00";"32,37";"M18";"V44";"C0019"
"V001856";"05-08-2024";"Magasin";"Livree";"P0058";"4";"5,00";"260,00";"247,00";"125,24";"M05";"V10";"C0219"
"V001857";"05-08-2024";"magasin";"LIVREE";"P0052";"1";"5,00";"135,00";"128,25";"72,51";"M10";"V20";"C0111"
"V001858";"05-08-2024";"Web";"LIVREE";"P0061";"3";"0,00";"420,00";"420,00";"226,41";"M06";"V12";"C0092"
"V001859";"05-08-2024";"Magasin";"Livree";"P0056";"2";"0,00";"50,00";"50,00";"24,30";"M21";"V52";"C0098"
"V001860";"05-08-2024";"Web";"livree";"P0033";"2";"5,00";"100,00";"95,00";"45,46";"M07";"V15";"C0085"
"V001861";"06-08-2024";"Magasin";"livree";"P0030";"1";"0,00";"265,00";"265,00";"125,99";"M23";"V55";"C0060"
"V001862";"06-08-2024";"magasin";"LIVREE";"P0063";"3";"0,00";"315,00";"315,00";"174,63";"M15";"V34";"C0203"
"V001863";"06-08-2024";"Web";"Livree";"P0039";"1";"0,00";"1485,00";"1485,00";"673,51";"M16";"V39";"C0086"
"V001864";"06-08-2024";"Magasin";"Livree";"P0052";"2";"5,00";"270,00";"256,50";"145,02";"M05";"V11";"C0202"
"V001865";"06-08-2024";"Magasin";"encours";"P0043";"2";"0,00";"4460,00";"4460,00";"2397,94";"M07";"V15";"C0185"
"V001866";"06-08-2024";"Magasin";"livree";"P0025";"1";"0,00";"55,00";"55,00";"32,37";"M17";"V41";"C0083"
"V001867";"06-08-2024";"web";"Livree";"P0027";"1";"0,00";"220,00";"220,00";"106,66";"M02";"V04";"C0078"
"V001868";"06-08-2024";"WEB";"Livree";"P0039";"3";"0,00";"4455,00";"4455,00";"2020,53";"M15";"V36";"C0195"
"V001869";"06-08-2024";"Magasin";"Annulee";"P0047";"3";"0,00";"4995,00";"4995,00";"3012,21";"M16";"V39";"C0210"
"V001870";"06-08-2024";"MAGASIN";"Livree";"P0038";"1";"0,00";"230,00";"230,00";"119,32";"M10";"V20";"C0043"
"V001871";"07-08-2024";"Magasin";"EnCours";"P0055";"1";"0,00";"40,00";"40,00";"19,21";"M08";"V17";"C0090"
"V001872";"07-08-2024";"Magasin";"LIVREE";"P0061";"1";"5,00";"140,00";"133,00";"75,47";"M12";"V26";"C0103"
"V001873";"07-08-2024";"web";"livree";"P0058";"1";"0,00";"65,00";"65,00";"31,31";"M19";"V47";"C0176"
"V001874";"07-08-2024";"magasin";"Livree";"P0052";"1";"0,00";"135,00";"135,00";"72,51";"M16";"V39";"C0046"
"V001875";"07-08-2024";"Magasin";"Livree";"P0051";"2";"0,00";"310,00";"310,00";"155,70";"M24";"V58";"C0200"
"V001876";"07-08-2024";"magasin";"encours";"P0061";"2";"0,00";"280,00";"280,00";"150,94";"M09";"V19";"C0050"
"V001877";"07-08-2024";"magasin";"Livree";"P0064";"1";"0,00";"70,00";"70,00";"35,86";"M05";"V10";"C0126"
"V001878";"07-08-2024";"Magasin";"Livree";"P0015";"3";"0,00";"1650,00";"1650,00";"917,25";"M02";"V04";"C0215"
"V001879";"07-08-2024";"Web";"LIVREE";"P0058";"1";"0,00";"65,00";"65,00";"31,31";"M09";"V18";"C0188"
"V001880";"07-08-2024";"web";"LIVREE";"P0054";"1";"0,00";"160,00";"160,00";"77,44";"M05";"V10";"C0127"
"V001881";"07-08-2024";"magasin";"livree";"P0057";"4";"0,00";"80,00";"80,00";"43,56";"M08";"V17";"C0170"
"V001882";"07-08-2024";"MAGASIN";"livree";"P0053";"2";"0,00";"310,00";"310,00";"166,02";"M05";"V10";"C0028"
"V001883";"07-08-2024";"Web";"Livree";"P0054";"2";"0,00";"320,00";"320,00";"154,88";"M11";"V24";"C0203"
"V001884";"07-08-2024";"Magasin";"LIVREE";"P0064";"1";"0,00";"70,00";"70,00";"35,86";"M01";"V03";"C0136"
"V001885";"07-08-2024";"Magasin";"Livree";"P0063";"2";"5,00";"210,00";"199,50";"116,42";"M17";"V42";"C0184"
"V001886";"08-08-2024";"Magasin";"Livree";"P0055";"3";"0,00";"120,00";"120,00";"57,63";"M13";"V30";"C0179"
"V001887";"08-08-2024";"web";"Livree";"P0054";"1";"0,00";"160,00";"160,00";"77,44";"M13";"V31";"C0080"
"V001888";"08-08-2024";"Magasin";"Livree";"P0039";"1";"5,00";"1485,00";"1410,75";"673,51";"M02";"V04";"C0019"
"V001889";"08-08-2024";"magasin";"Livree";"P0059";"4";"5,00";"160,00";"152,00";"76,92";"M20";"V49";"C0177"
"V001890";"08-08-2024";"Web";"Livree";"P0032";"3";"0,00";"570,00";"570,00";"324,54";"M18";"V44";"C0034"
"V001891";"08-08-2024";"magasin";"livree";"P0062";"1";"0,00";"130,00";"130,00";"66,13";"M23";"V55";"C0145"
"V001892";"08-08-2024";"Magasin";"LIVREE";"P0021";"1";"0,00";"410,00";"410,00";"189,41";"M18";"V43";"C0062"
"V001893";"08-08-2024";"Web";"LIVREE";"P0030";"2";"0,00";"530,00";"530,00";"251,98";"M09";"V19";"C0032"
"V001894";"08-08-2024";"MAGASIN";"Livree";"P0052";"1";"0,00";"135,00";"135,00";"72,51";"M04";"V08";"C0167"
"V001895";"08-08-2024";"WEB";"Livree";"P0036";"1";"0,00";"105,00";"105,00";"57,91";"M18";"V43";"C0177"
"V001896";"08-08-2024";"Magasin";"Annulee";"P0036";"1";"0,00";"105,00";"105,00";"57,91";"M01";"V01";"C0070"
"V001897";"09-08-2024";"Magasin";"livree";"P0051";"2";"0,00";"310,00";"310,00";"155,70";"M08";"V17";"C0205"
"V001898";"09-08-2024";"WEB";"Livree";"P0055";"1";"0,00";"40,00";"40,00";"19,21";"M09";"V19";"C0220"
"V001899";"09-08-2024";"magasin";"Livree";"P0030";"2";"5,00";"530,00";"503,50";"251,98";"M15";"V35";"C0200"
"V001900";"09-08-2024";"web";"LIVREE";"P0056";"1";"0,00";"25,00";"25,00";"12,15";"M15";"V35";"C0168"
"V001901";"09-08-2024";"Magasin";"LIVREE";"P0056";"1";"10,00";"25,00";"22,50";"12,15";"M12";"V28";"C0182"
"V001902";"09-08-2024";"magasin";"Livree";"P0055";"3";"0,00";"120,00";"120,00";"57,63";"M07";"V14";"C0119"
"V001903";"09-08-2024";"Magasin";"LIVREE";"P0060";"1";"0,00";"40,00";"40,00";"20,46";"M18";"V44";"C0087"
"V001904";"09-08-2024";"Magasin";"LIVREE";"P0048";"1";"5,00";"1760,00";"1672,00";"945,76";"M05";"V11";"C0024"
"V001905";"09-08-2024";"magasin";"EnCours";"P0050";"3";"0,00";"690,00";"690,00";"347,49";"M17";"V41";"C0014"
"V001906";"09-08-2024";"Magasin";"Livree";"P0059";"2";"5,00";"80,00";"76,00";"38,46";"M19";"V46";"C0039"
"V001907";"09-08-2024";"Web";"LIVREE";"P0012";"1";"0,00";"1010,00";"1010,00";"588,54";"M06";"V13";"C0073"
"V001908";"09-08-2024";"WEB";"livree";"P0048";"1";"0,00";"1760,00";"1760,00";"945,76";"M01";"V02";"C0090"
"V001909";"09-08-2024";"web";"Livree";"P0057";"3";"0,00";"60,00";"60,00";"32,67";"M25";"V60";"C0060"
"V001910";"09-08-2024";"Magasin";"Livree";"P0052";"2";"5,00";"270,00";"256,50";"145,02";"M20";"V48";"C0132"
"V001911";"09-08-2024";"Magasin";"LIVREE";"P0031";"3";"0,00";"450,00";"450,00";"276,72";"M08";"V16";"C0220"
"V001912";"10-08-2024";"MAGASIN";"EnCours";"P0052";"2";"0,00";"270,00";"270,00";"145,02";"M19";"V45";"C0037"
"V001913";"10-08-2024";"magasin";"LIVREE";"P0053";"2";"0,00";"310,00";"310,00";"166,02";"M21";"V52";"C0166"
"V001914";"10-08-2024";"magasin";"Annulee";"P0028";"3";"0,00";"390,00";"390,00";"201,78";"M20";"V48";"C0141"
"V001915";"10-08-2024";"Magasin";"livree";"P0051";"2";"10,00";"310,00";"279,00";"155,70";"M22";"V54";"C0205"
"V001916";"10-08-2024";"magasin";"LIVREE";"P0052";"1";"0,00";"135,00";"135,00";"72,51";"M16";"V38";"C0036"
"V001917";"10-08-2024";"Magasin";"Livree";"P0054";"1";"0,00";"160,00";"160,00";"77,44";"M05";"V11";"C0103"
"V001918";"10-08-2024";"Web";"EnCours";"P0053";"1";"0,00";"155,00";"155,00";"83,01";"M21";"V52";"C0116"
"V001919";"11-08-2024";"MAGASIN";"LIVREE";"P0062";"1";"0,00";"130,00";"130,00";"66,13";"M24";"V57";"C0109"
"V001920";"11-08-2024";"Web";"LIVREE";"P0036";"1";"0,00";"105,00";"105,00";"57,91";"M23";"V56";"C0174"
"V001921";"11-08-2024";"MAGASIN";"LIVREE";"P0058";"3";"0,00";"195,00";"195,00";"93,93";"M07";"V14";"C0162"
"V001922";"11-08-2024";"Magasin";"LIVREE";"P0037";"2";"10,00";"460,00";"414,00";"231,90";"M07";"V15";"C0054"
"V001923";"11-08-2024";"Web";"Livree";"P0061";"1";"10,00";"140,00";"126,00";"75,47";"M07";"V14";"C0046"
"V001924";"11-08-2024";"WEB";"livree";"P0055";"2";"5,00";"80,00";"76,00";"38,42";"M22";"V53";"C0053"
"V001925";"11-08-2024";"web";"EnCours";"P0050";"1";"0,00";"230,00";"230,00";"115,83";"M03";"V07";"C0068"
"V001926";"11-08-2024";"WEB";"Annulee";"P0032";"2";"0,00";"380,00";"380,00";"216,36";"M07";"V14";"C0046"
"V001927";"11-08-2024";"magasin";"LIVREE";"P0063";"1";"0,00";"105,00";"105,00";"58,21";"M17";"V40";"C0009"
"V001928";"11-08-2024";"MAGASIN";"LIVREE";"P0057";"2";"0,00";"40,00";"40,00";"21,78";"M25";"V60";"C0031"
"V001929";"11-08-2024";"Magasin";"LIVREE";"P0044";"4";"0,00";"7200,00";"7200,00";"4212,84";"M12";"V26";"C0197"
"V001930";"11-08-2024";"Magasin";"Livree";"P0054";"3";"0,00";"480,00";"480,00";"232,32";"M20";"V49";"C0185"
"V001931";"11-08-2024";"Magasin";"encours";"P0063";"1";"0,00";"105,00";"105,00";"58,21";"M09";"V19";"C0066"
"V001932";"11-08-2024";"MAGASIN";"livree";"P0054";"1";"10,00";"160,00";"144,00";"77,44";"M04";"V09";"C0133"
"V001933";"11-08-2024";"WEB";"LIVREE";"P0048";"1";"10,00";"1760,00";"1584,00";"945,76";"M13";"V30";"C0056"
"V001934";"11-08-2024";"WEB";"Livree";"P0063";"2";"0,00";"210,00";"210,00";"116,42";"M10";"V21";"C0124"
"V001935";"11-08-2024";"web";"Livree";"P0059";"1";"0,00";"40,00";"40,00";"19,23";"M24";"V57";"C0052"
"V001936";"11-08-2024";"WEB";"Livree";"P0056";"2";"0,00";"50,00";"50,00";"24,30";"M25";"V59";"C0036"
"V001937";"11-08-2024";"web";"Livree";"P0037";"2";"5,00";"460,00";"437,00";"231,90";"M07";"V14";"C0116"
"V001938";"11-08-2024";"Magasin";"Livree";"P0060";"2";"10,00";"80,00";"72,00";"40,92";"M15";"V36";"C0074"
"V001939";"11-08-2024";"Magasin";"Livree";"P0062";"3";"5,00";"390,00";"370,50";"198,39";"M25";"V59";"C0045"
"V001940";"12-08-2024";"Web";"livree";"P0058";"1";"0,00";"65,00";"65,00";"31,31";"M02";"V04";"C0182"
"V001941";"12-08-2024";"Magasin";"LIVREE";"P0039";"1";"5,00";"1485,00";"1410,75";"673,51";"M16";"V39";"C0163"
"V001942";"12-08-2024";"magasin";"Livree";"P0024";"1";"0,00";"770,00";"770,00";"465,89";"M14";"V32";"C0176"
"V001943";"12-08-2024";"Web";"Livree";"P0054";"1";"0,00";"160,00";"160,00";"77,44";"M05";"V10";"C0188"
"V001944";"12-08-2024";"MAGASIN";"LIVREE";"P0047";"1";"0,00";"1665,00";"1665,00";"1004,07";"M02";"V05";"C0201"
"V001945";"12-08-2024";"WEB";"encours";"P0054";"2";"5,00";"320,00";"304,00";"154,88";"M15";"V34";"C0154"
"V001946";"13-08-2024";"WEB";"LIVREE";"P0055";"2";"0,00";"80,00";"80,00";"38,42";"M09";"V19";"C0186"
"V001947";"13-08-2024";"Web";"livree";"P0040";"1";"0,00";"1910,00";"1910,00";"1038,92";"M20";"V50";"C0135"
"V001948";"13-08-2024";"Magasin";"encours";"P0057";"4";"0,00";"80,00";"80,00";"43,56";"M04";"V08";"C0012"
"V001949";"13-08-2024";"MAGASIN";"Livree";"P0045";"1";"0,00";"325,00";"325,00";"149,19";"M24";"V57";"C0088"
"V001950";"13-08-2024";"Magasin";"Livree";"P0057";"2";"0,00";"40,00";"40,00";"21,78";"M17";"V42";"C0041"
"V001951";"13-08-2024";"Magasin";"Livree";"P0041";"1";"5,00";"2225,00";"2113,75";"1348,70";"M24";"V58";"C0140"
"V001952";"13-08-2024";"Magasin";"Livree";"P0063";"2";"0,00";"210,00";"210,00";"116,42";"M12";"V27";"C0119"
"V001953";"13-08-2024";"MAGASIN";"Livree";"P0040";"2";"0,00";"3820,00";"3820,00";"2077,84";"M09";"V18";"C0124"
"V001954";"13-08-2024";"magasin";"LIVREE";"P0026";"3";"0,00";"825,00";"825,00";"412,35";"M08";"V17";"C0211"
"V001955";"13-08-2024";"MAGASIN";"Livree";"P0062";"2";"0,00";"260,00";"260,00";"132,26";"M23";"V55";"C0008"
"V001956";"14-08-2024";"web";"Annulee";"P0052";"1";"5,00";"135,00";"128,25";"72,51";"M08";"V17";"C0134"
"V001957";"14-08-2024";"Magasin";"Livree";"P0061";"2";"0,00";"280,00";"280,00";"150,94";"M20";"V50";"C0143"
"V001958";"14-08-2024";"magasin";"livree";"P0030";"1";"0,00";"265,00";"265,00";"125,99";"M01";"V03";"C0011"
"V001959";"14-08-2024";"Web";"LIVREE";"P0040";"2";"0,00";"3820,00";"3820,00";"2077,84";"M02";"V05";"C0130"
"V001960";"14-08-2024";"magasin";"Livree";"P0062";"1";"0,00";"130,00";"130,00";"66,13";"M06";"V12";"C0038"
"V001961";"14-08-2024";"magasin";"livree";"P0064";"1";"0,00";"70,00";"70,00";"35,86";"M18";"V43";"C0121"
"V001962";"14-08-2024";"Magasin";"Livree";"P0032";"1";"0,00";"190,00";"190,00";"108,18";"M16";"V39";"C0132"
"V001963";"14-08-2024";"WEB";"Livree";"P0030";"1";"0,00";"265,00";"265,00";"125,99";"M18";"V44";"C0024"
"V001964";"14-08-2024";"WEB";"LIVREE";"P0052";"1";"0,00";"135,00";"135,00";"72,51";"M14";"V33";"C0032"
"V001965";"15-08-2024";"Magasin";"Livree";"P0053";"2";"5,00";"310,00";"294,50";"166,02";"M16";"V39";"C0038"
"V001966";"15-08-2024";"magasin";"Livree";"P0034";"1";"10,00";"200,00";"180,00";"118,44";"M14";"V33";"C0008"
"V001967";"15-08-2024";"Web";"livree";"P0052";"2";"5,00";"270,00";"256,50";"145,02";"M05";"V10";"C0085"
"V001968";"15-08-2024";"Magasin";"EnCours";"P0057";"1";"0,00";"20,00";"20,00";"10,89";"M07";"V15";"C0115"
"V001969";"15-08-2024";"magasin";"livree";"P0048";"1";"0,00";"1760,00";"1760,00";"945,76";"M16";"V38";"C0157"
"V001970";"15-08-2024";"Web";"LIVREE";"P0056";"1";"5,00";"25,00";"23,75";"12,15";"M05";"V10";"C0033"
"V001971";"15-08-2024";"Magasin";"Livree";"P0008";"2";"10,00";"990,00";"891,00";"487,52";"M16";"V38";"C0182"
"V001972";"15-08-2024";"MAGASIN";"Livree";"P0059";"1";"0,00";"40,00";"40,00";"19,23";"M21";"V51";"C0099"
"V001973";"15-08-2024";"Web";"Livree";"P0053";"3";"0,00";"465,00";"465,00";"249,03";"M13";"V31";"C0166"
"V001974";"15-08-2024";"Magasin";"Livree";"P0026";"1";"0,00";"275,00";"275,00";"137,45";"M13";"V31";"C0018"
"V001975";"15-08-2024";"magasin";"livree";"P0059";"2";"5,00";"80,00";"76,00";"38,46";"M04";"V09";"C0196"
"V001976";"15-08-2024";"Magasin";"Livree";"P0055";"1";"0,00";"40,00";"40,00";"19,21";"M22";"V53";"C0037"
"V001977";"15-08-2024";"Magasin";"livree";"P0054";"1";"5,00";"160,00";"152,00";"77,44";"M01";"V03";"C0138"
"V001978";"15-08-2024";"Web";"Livree";"P0056";"1";"0,00";"25,00";"25,00";"12,15";"M07";"V15";"C0076"
"V001979";"15-08-2024";"MAGASIN";"Livree";"P0037";"2";"5,00";"460,00";"437,00";"231,90";"M01";"V01";"C0152"
"V001980";"16-08-2024";"Web";"LIVREE";"P0031";"1";"0,00";"150,00";"150,00";"92,24";"M22";"V54";"C0083"
"V001981";"16-08-2024";"Magasin";"Livree";"P0034";"1";"0,00";"200,00";"200,00";"118,44";"M19";"V45";"C0107"
"V001982";"16-08-2024";"WEB";"Livree";"P0060";"1";"0,00";"40,00";"40,00";"20,46";"M17";"V40";"C0106"
"V001983";"16-08-2024";"magasin";"Livree";"P0062";"1";"0,00";"130,00";"130,00";"66,13";"M23";"V55";"C0191"
"V001984";"16-08-2024";"magasin";"LIVREE";"P0050";"2";"5,00";"460,00";"437,00";"231,66";"M07";"V14";"C0140"
"V001985";"16-08-2024";"MAGASIN";"LIVREE";"P0058";"1";"0,00";"65,00";"65,00";"31,31";"M25";"V59";"C0147"
"V001986";"16-08-2024";"Magasin";"livree";"P0064";"1";"5,00";"70,00";"66,50";"35,86";"M12";"V27";"C0209"
"V001987";"16-08-2024";"magasin";"Livree";"P0059";"2";"10,00";"80,00";"72,00";"38,46";"M25";"V59";"C0077"
"V001988";"16-08-2024";"Magasin";"Livree";"P0002";"1";"0,00";"700,00";"700,00";"352,76";"M07";"V15";"C0108"
"V001989";"16-08-2024";"MAGASIN";"Livree";"P0057";"1";"0,00";"20,00";"20,00";"10,89";"M15";"V34";"C0163"
"V001990";"16-08-2024";"Magasin";"Livree";"P0044";"3";"5,00";"5400,00";"5130,00";"3159,63";"M01";"V02";"C0038"
"V001991";"17-08-2024";"Magasin";"EnCours";"P0048";"2";"0,00";"3520,00";"3520,00";"1891,52";"M17";"V41";"C0062"
"V001992";"17-08-2024";"Magasin";"LIVREE";"P0054";"1";"0,00";"160,00";"160,00";"77,44";"M10";"V22";"C0192"
"V001993";"17-08-2024";"Magasin";"Annulee";"P0051";"1";"0,00";"155,00";"155,00";"77,85";"M04";"V08";"C0065"
"V001994";"17-08-2024";"magasin";"LIVREE";"P0032";"3";"0,00";"570,00";"570,00";"324,54";"M03";"V07";"C0062"
"V001995";"17-08-2024";"web";"Annulee";"P0003";"3";"5,00";"2130,00";"2023,50";"1185,99";"M07";"V15";"C0035"
"V001996";"17-08-2024";"MAGASIN";"encours";"P0015";"2";"10,00";"1100,00";"990,00";"611,50";"M02";"V04";"C0079"
"V001997";"17-08-2024";"Magasin";"EnCours";"P0046";"2";"0,00";"2070,00";"2070,00";"1230,72";"M14";"V32";"C0175"
"V001998";"17-08-2024";"Magasin";"Livree";"P0061";"1";"0,00";"140,00";"140,00";"75,47";"M11";"V23";"C0089"
"V001999";"17-08-2024";"Magasin";"Livree";"P0044";"3";"0,00";"5400,00";"5400,00";"3159,63";"M11";"V24";"C0149"
"V002000";"17-08-2024";"Magasin";"Livree";"P0061";"1";"0,00";"140,00";"140,00";"75,47";"M01";"V02";"C0124"
"V002001";"17-08-2024";"Web";"Livree";"P0046";"1";"0,00";"1035,00";"1035,00";"615,36";"M03";"V06";"C0004"
"V002002";"17-08-2024";"web";"EnCours";"P0041";"1";"0,00";"2225,00";"2225,00";"1348,70";"M20";"V48";"C0213"
"V002003";"18-08-2024";"MAGASIN";"Livree";"P0030";"1";"0,00";"265,00";"265,00";"125,99";"M02";"V04";"C0186"
"V002004";"18-08-2024";"magasin";"LIVREE";"P0034";"1";"0,00";"200,00";"200,00";"118,44";"M12";"V27";"C0039"
"V002005";"18-08-2024";"Magasin";"encours";"P0037";"1";"0,00";"230,00";"230,00";"115,95";"M22";"V53";"C0081"
"V002006";"18-08-2024";"magasin";"Livree";"P0058";"3";"0,00";"195,00";"195,00";"93,93";"M10";"V21";"C0121"
"V002007";"18-08-2024";"web";"Livree";"P0040";"2";"5,00";"3820,00";"3629,00";"2077,84";"M10";"V21";"C0219"
"V002008";"18-08-2024";"Web";"livree";"P0049";"1";"0,00";"1770,00";"1770,00";"798,07";"M17";"V42";"C0204"
"V002009";"18-08-2024";"web";"Livree";"P0049";"2";"10,00";"3540,00";"3186,00";"1596,14";"M24";"V58";"C0043"
"V002010";"18-08-2024";"magasin";"livree";"P0047";"2";"0,00";"3330,00";"3330,00";"2008,14";"M19";"V46";"C0211"
"V002011";"18-08-2024";"magasin";"EnCours";"P0042";"1";"0,00";"2045,00";"2045,00";"1236,64";"M15";"V35";"C0072"
"V002012";"19-08-2024";"Magasin";"LIVREE";"P0032";"1";"0,00";"190,00";"190,00";"108,18";"M21";"V52";"C0075"
"V002013";"19-08-2024";"web";"Livree";"P0063";"1";"0,00";"105,00";"105,00";"58,21";"M24";"V58";"C0037"
"V002014";"19-08-2024";"Magasin";"Livree";"P0061";"2";"0,00";"280,00";"280,00";"150,94";"M18";"V43";"C0107"
"V002015";"19-08-2024";"Magasin";"Livree";"P0032";"1";"0,00";"190,00";"190,00";"108,18";"M10";"V21";"C0179"
"V002016";"19-08-2024";"magasin";"livree";"P0062";"1";"0,00";"130,00";"130,00";"66,13";"M23";"V55";"C0107"
"V002017";"19-08-2024";"Magasin";"LIVREE";"P0058";"1";"0,00";"65,00";"65,00";"31,31";"M23";"V55";"C0029"
"V002018";"19-08-2024";"Magasin";"Livree";"P0045";"2";"0,00";"650,00";"650,00";"298,38";"M12";"V28";"C0147"
"V002019";"19-08-2024";"MAGASIN";"LIVREE";"P0051";"1";"0,00";"155,00";"155,00";"77,85";"M06";"V13";"C0016"
"V002020";"19-08-2024";"WEB";"LIVREE";"P0061";"1";"5,00";"140,00";"133,00";"75,47";"M07";"V14";"C0026"
"V002021";"19-08-2024";"web";"livree";"P0053";"3";"10,00";"465,00";"418,50";"249,03";"M07";"V15";"C0165"
"V002022";"19-08-2024";"Magasin";"LIVREE";"P0057";"2";"0,00";"40,00";"40,00";"21,78";"M05";"V10";"C0136"
"V002023";"20-08-2024";"Magasin";"LIVREE";"P0051";"1";"0,00";"155,00";"155,00";"77,85";"M21";"V51";"C0043"
"V002024";"20-08-2024";"magasin";"Livree";"P0060";"2";"0,00";"80,00";"80,00";"40,92";"M06";"V12";"C0154"
"V002025";"20-08-2024";"Magasin";"Annulee";"P0048";"1";"0,00";"1760,00";"1760,00";"945,76";"M02";"V04";"C0144"
"V002026";"20-08-2024";"magasin";"livree";"P0043";"2";"5,00";"4460,00";"4237,00";"2397,94";"M14";"V32";"C0053"
"V002027";"20-08-2024";"Web";"livree";"P0051";"1";"0,00";"155,00";"155,00";"77,85";"M14";"V32";"C0096"
"V002028";"20-08-2024";"web";"Livree";"P0029";"2";"0,00";"570,00";"570,00";"338,00";"M14";"V33";"C0194"
"V002029";"20-08-2024";"web";"Livree";"P0060";"1";"0,00";"40,00";"40,00";"20,46";"M03";"V07";"C0179"
"V002030";"20-08-2024";"Web";"encours";"P0051";"1";"0,00";"155,00";"155,00";"77,85";"M23";"V56";"C0091"
"V002031";"20-08-2024";"Magasin";"livree";"P0049";"1";"5,00";"1770,00";"1681,50";"798,07";"M14";"V32";"C0189"
"V002032";"20-08-2024";"MAGASIN";"LIVREE";"P0025";"1";"0,00";"55,00";"55,00";"32,37";"M11";"V24";"C0208"
"V002033";"20-08-2024";"Magasin";"Livree";"P0006";"2";"0,00";"2150,00";"2150,00";"1314,38";"M17";"V40";"C0041"
"V002034";"20-08-2024";"magasin";"LIVREE";"P0006";"2";"5,00";"2150,00";"2042,50";"1314,38";"M08";"V17";"C0111"
"V002035";"20-08-2024";"Magasin";"Livree";"P0060";"1";"5,00";"40,00";"38,00";"20,46";"M19";"V45";"C0082"
"V002036";"20-08-2024";"WEB";"livree";"P0052";"3";"10,00";"405,00";"364,50";"217,53";"M16";"V38";"C0180"
"V002037";"20-08-2024";"web";"LIVREE";"P0039";"4";"5,00";"5940,00";"5643,00";"2694,04";"M21";"V52";"C0205"
"V002038";"20-08-2024";"Magasin";"livree";"P0032";"2";"0,00";"380,00";"380,00";"216,36";"M14";"V32";"C0062"
"V002039";"21-08-2024";"Magasin";"LIVREE";"P0061";"1";"5,00";"140,00";"133,00";"75,47";"M21";"V51";"C0219"
"V002040";"21-08-2024";"Magasin";"livree";"P0058";"1";"10,00";"65,00";"58,50";"31,31";"M09";"V18";"C0211"
"V002041";"21-08-2024";"MAGASIN";"EnCours";"P0051";"1";"0,00";"155,00";"155,00";"77,85";"M04";"V09";"C0029"
"V002042";"21-08-2024";"Magasin";"livree";"P0021";"2";"0,00";"820,00";"820,00";"378,82";"M24";"V57";"C0203"
"V002043";"21-08-2024";"Magasin";"LIVREE";"P0043";"1";"5,00";"2230,00";"2118,50";"1198,97";"M24";"V58";"C0127"
"V002044";"21-08-2024";"Web";"Annulee";"P0057";"3";"0,00";"60,00";"60,00";"32,67";"M04";"V08";"C0131"
"V002045";"21-08-2024";"magasin";"Livree";"P0029";"3";"0,00";"855,00";"855,00";"507,00";"M13";"V30";"C0114"
"V002046";"21-08-2024";"Magasin";"encours";"P0064";"3";"5,00";"210,00";"199,50";"107,58";"M06";"V12";"C0204"
"V002047";"21-08-2024";"Magasin";"LIVREE";"P0038";"1";"5,00";"230,00";"218,50";"119,32";"M03";"V07";"C0047"
"V002048";"22-08-2024";"Magasin";"LIVREE";"P0023";"2";"0,00";"1400,00";"1400,00";"809,14";"M14";"V33";"C0220"
"V002049";"22-08-2024";"Magasin";"Livree";"P0045";"1";"0,00";"325,00";"325,00";"149,19";"M18";"V43";"C0161"
"V002050";"22-08-2024";"MAGASIN";"Livree";"P0035";"2";"0,00";"340,00";"340,00";"183,96";"M14";"V33";"C0138"
"V002051";"22-08-2024";"Magasin";"encours";"P0028";"3";"5,00";"390,00";"370,50";"201,78";"M01";"V03";"C0154"
"V002052";"22-08-2024";"Web";"Livree";"P0039";"2";"0,00";"2970,00";"2970,00";"1347,02";"M06";"V12";"C0110"
"V002053";"22-08-2024";"magasin";"Livree";"P0048";"1";"5,00";"1760,00";"1672,00";"945,76";"M07";"V14";"C0109"
"V002054";"22-08-2024";"magasin";"Livree";"P0054";"1";"10,00";"160,00";"144,00";"77,44";"M21";"V51";"C0022"
"V002055";"22-08-2024";"Web";"EnCours";"P0018";"1";"5,00";"865,00";"821,75";"441,11";"M04";"V09";"C0094"
"V002056";"23-08-2024";"Magasin";"Livree";"P0054";"1";"0,00";"160,00";"160,00";"77,44";"M20";"V48";"C0142"
"V002057";"23-08-2024";"MAGASIN";"Livree";"P0059";"1";"5,00";"40,00";"38,00";"19,23";"M05";"V10";"C0061"
"V002058";"23-08-2024";"Magasin";"Livree";"P0036";"4";"5,00";"420,00";"399,00";"231,64";"M11";"V25";"C0188"
"V002059";"23-08-2024";"WEB";"Annulee";"P0063";"2";"10,00";"210,00";"189,00";"116,42";"M02";"V04";"C0020"
"V002060";"23-08-2024";"Magasin";"LIVREE";"P0022";"3";"0,00";"1290,00";"1290,00";"617,10";"M02";"V04";"C0185"
"V002061";"23-08-2024";"Magasin";"Livree";"P0060";"2";"5,00";"80,00";"76,00";"40,92";"M13";"V29";"C0102"
"V002062";"23-08-2024";"MAGASIN";"Livree";"P0048";"2";"5,00";"3520,00";"3344,00";"1891,52";"M02";"V04";"C0028"
"V002063";"23-08-2024";"magasin";"livree";"P0051";"1";"0,00";"155,00";"155,00";"77,85";"M03";"V07";"C0009"
"V002064";"23-08-2024";"magasin";"livree";"P0056";"1";"0,00";"25,00";"25,00";"12,15";"M17";"V40";"C0036"
"V002065";"23-08-2024";"Magasin";"LIVREE";"P0045";"1";"0,00";"325,00";"325,00";"149,19";"M05";"V11";"C0084"
"V002066";"23-08-2024";"MAGASIN";"livree";"P0060";"1";"0,00";"40,00";"40,00";"20,46";"M17";"V40";"C0073"
"V002067";"23-08-2024";"WEB";"livree";"P0044";"1";"0,00";"1800,00";"1800,00";"1053,21";"M10";"V22";"C0063"
"V002068";"23-08-2024";"MAGASIN";"LIVREE";"P0050";"2";"0,00";"460,00";"460,00";"231,66";"M22";"V54";"C0041"
"V002069";"24-08-2024";"WEB";"Livree";"P0044";"2";"0,00";"3600,00";"3600,00";"2106,42";"M12";"V28";"C0038"
"V002070";"24-08-2024";"Magasin";"Livree";"P0025";"4";"0,00";"220,00";"220,00";"129,48";"M19";"V45";"C0219"
"V002071";"24-08-2024";"MAGASIN";"Livree";"P0064";"1";"0,00";"70,00";"70,00";"35,86";"M14";"V32";"C0161"
"V002072";"24-08-2024";"MAGASIN";"LIVREE";"P0047";"1";"0,00";"1665,00";"1665,00";"1004,07";"M06";"V12";"C0082"
"V002073";"25-08-2024";"Magasin";"Livree";"P0030";"1";"0,00";"265,00";"265,00";"125,99";"M09";"V18";"C0013"
"V002074";"25-08-2024";"WEB";"Livree";"P0051";"2";"0,00";"310,00";"310,00";"155,70";"M20";"V49";"C0127"
"V002075";"25-08-2024";"web";"Livree";"P0044";"2";"0,00";"3600,00";"3600,00";"2106,42";"M10";"V22";"C0055"
"V002076";"25-08-2024";"magasin";"Livree";"P0036";"1";"0,00";"105,00";"105,00";"57,91";"M12";"V27";"C0096"
"V002077";"25-08-2024";"Magasin";"Livree";"P0062";"1";"5,00";"130,00";"123,50";"66,13";"M02";"V05";"C0127"
"V002078";"25-08-2024";"Magasin";"Livree";"P0042";"2";"5,00";"4090,00";"3885,50";"2473,28";"M08";"V16";"C0084"
"V002079";"25-08-2024";"web";"Livree";"P0019";"1";"0,00";"535,00";"535,00";"307,48";"M18";"V44";"C0001"
"V002080";"25-08-2024";"WEB";"Livree";"P0035";"1";"0,00";"170,00";"170,00";"91,98";"M13";"V29";"C0023"
"V002081";"25-08-2024";"Magasin";"Livree";"P0046";"1";"0,00";"1035,00";"1035,00";"615,36";"M17";"V41";"C0102"
"V002082";"26-08-2024";"Magasin";"Livree";"P0053";"1";"0,00";"155,00";"155,00";"83,01";"M07";"V14";"C0158"
"V002083";"26-08-2024";"MAGASIN";"Livree";"P0029";"2";"0,00";"570,00";"570,00";"338,00";"M20";"V48";"C0149"
"V002084";"26-08-2024";"Web";"Livree";"P0052";"1";"0,00";"135,00";"135,00";"72,51";"M03";"V07";"C0145"
"V002085";"26-08-2024";"Magasin";"Livree";"P0033";"2";"0,00";"100,00";"100,00";"45,46";"M14";"V32";"C0046"
"V002086";"26-08-2024";"Magasin";"LIVREE";"P0053";"1";"0,00";"155,00";"155,00";"83,01";"M22";"V53";"C0199"
"V002087";"26-08-2024";"Magasin";"LIVREE";"P0034";"1";"10,00";"200,00";"180,00";"118,44";"M13";"V30";"C0057"
"V002088";"26-08-2024";"Magasin";"Livree";"P0043";"1";"10,00";"2230,00";"2007,00";"1198,97";"M03";"V07";"C0069"
"V002089";"26-08-2024";"Magasin";"Livree";"P0063";"1";"0,00";"105,00";"105,00";"58,21";"M17";"V42";"C0013"
"V002090";"26-08-2024";"Web";"Livree";"P0039";"1";"0,00";"1485,00";"1485,00";"673,51";"M15";"V35";"C0078"
"V002091";"26-08-2024";"MAGASIN";"LIVREE";"P0042";"4";"0,00";"8180,00";"8180,00";"4946,56";"M15";"V36";"C0069"
"V002092";"26-08-2024";"WEB";"Livree";"P0028";"3";"0,00";"390,00";"390,00";"201,78";"M16";"V37";"C0035"
"V002093";"27-08-2024";"web";"Livree";"P0055";"1";"10,00";"40,00";"36,00";"19,21";"M22";"V54";"C0035"
"V002094";"27-08-2024";"Magasin";"LIVREE";"P0062";"1";"0,00";"130,00";"130,00";"66,13";"M03";"V07";"C0033"
"V002095";"27-08-2024";"Web";"Livree";"P0033";"3";"5,00";"150,00";"142,50";"68,19";"M23";"V56";"C0049"
"V002096";"27-08-2024";"MAGASIN";"Livree";"P0018";"2";"0,00";"1730,00";"1730,00";"882,22";"M17";"V41";"C0172"
"V002097";"27-08-2024";"MAGASIN";"LIVREE";"P0046";"1";"0,00";"1035,00";"1035,00";"615,36";"M25";"V60";"C0178"
"V002098";"27-08-2024";"Magasin";"livree";"P0054";"2";"0,00";"320,00";"320,00";"154,88";"M02";"V05";"C0044"
"V002099";"27-08-2024";"Magasin";"LIVREE";"P0055";"2";"0,00";"80,00";"80,00";"38,42";"M08";"V17";"C0192"
"V002100";"27-08-2024";"WEB";"LIVREE";"P0054";"1";"5,00";"160,00";"152,00";"77,44";"M08";"V17";"C0008"
"V002101";"27-08-2024";"Magasin";"Livree";"P0060";"3";"0,00";"120,00";"120,00";"61,38";"M24";"V58";"C0065"
"V002102";"28-08-2024";"WEB";"LIVREE";"P0035";"3";"10,00";"510,00";"459,00";"275,94";"M25";"V59";"C0080"
"V002103";"28-08-2024";"Web";"LIVREE";"P0053";"1";"5,00";"155,00";"147,25";"83,01";"M08";"V17";"C0100"
"V002104";"28-08-2024";"MAGASIN";"Annulee";"P0041";"1";"5,00";"2225,00";"2113,75";"1348,70";"M06";"V12";"C0209"
"V002105";"28-08-2024";"magasin";"LIVREE";"P0025";"3";"5,00";"165,00";"156,75";"97,11";"M04";"V08";"C0141"
"V002106";"28-08-2024";"web";"Livree";"P0030";"2";"0,00";"530,00";"530,00";"251,98";"M16";"V39";"C0072"
"V002107";"28-08-2024";"magasin";"EnCours";"P0011";"1";"10,00";"1150,00";"1035,00";"671,97";"M17";"V42";"C0074"
"V002108";"28-08-2024";"WEB";"encours";"P0025";"1";"0,00";"55,00";"55,00";"32,37";"M01";"V01";"C0126"
"V002109";"28-08-2024";"Web";"Livree";"P0037";"3";"10,00";"690,00";"621,00";"347,85";"M20";"V48";"C0143"
"V002110";"28-08-2024";"magasin";"EnCours";"P0034";"2";"10,00";"400,00";"360,00";"236,88";"M08";"V16";"C0065"
"V002111";"28-08-2024";"MAGASIN";"EnCours";"P0036";"1";"10,00";"105,00";"94,50";"57,91";"M09";"V18";"C0212"
"V002112";"28-08-2024";"MAGASIN";"Livree";"P0040";"2";"0,00";"3820,00";"3820,00";"2077,84";"M08";"V17";"C0063"
"V002113";"29-08-2024";"Magasin";"livree";"P0018";"3";"0,00";"2595,00";"2595,00";"1323,33";"M10";"V20";"C0186"
"V002114";"29-08-2024";"Web";"livree";"P0028";"3";"0,00";"390,00";"390,00";"201,78";"M05";"V10";"C0186"
"V002115";"29-08-2024";"Magasin";"livree";"P0048";"2";"5,00";"3520,00";"3344,00";"1891,52";"M15";"V34";"C0016"
"V002116";"29-08-2024";"Magasin";"Livree";"P0049";"1";"0,00";"1770,00";"1770,00";"798,07";"M04";"V09";"C0088"
"V002117";"29-08-2024";"MAGASIN";"Livree";"P0056";"1";"0,00";"25,00";"25,00";"12,15";"M02";"V04";"C0200"
"V002118";"29-08-2024";"Magasin";"Livree";"P0057";"1";"0,00";"20,00";"20,00";"10,89";"M25";"V60";"C0210"
"V002119";"29-08-2024";"Web";"livree";"P0064";"2";"5,00";"140,00";"133,00";"71,72";"M25";"V59";"C0191"
"V002120";"29-08-2024";"Magasin";"LIVREE";"P0029";"2";"10,00";"570,00";"513,00";"338,00";"M06";"V12";"C0035"
"V002121";"29-08-2024";"MAGASIN";"Annulee";"P0033";"1";"0,00";"50,00";"50,00";"22,73";"M17";"V42";"C0142"
"V002122";"29-08-2024";"Magasin";"Livree";"P0033";"1";"0,00";"50,00";"50,00";"22,73";"M08";"V16";"C0201"
"V002123";"29-08-2024";"MAGASIN";"EnCours";"P0038";"1";"10,00";"230,00";"207,00";"119,32";"M14";"V32";"C0049"
"V002124";"29-08-2024";"WEB";"Livree";"P0028";"4";"0,00";"520,00";"520,00";"269,04";"M08";"V16";"C0141"
"V002125";"30-08-2024";"web";"Livree";"P0050";"2";"5,00";"460,00";"437,00";"231,66";"M18";"V43";"C0097"
"V002126";"30-08-2024";"web";"encours";"P0053";"4";"5,00";"620,00";"589,00";"332,04";"M19";"V45";"C0004"
"V002127";"30-08-2024";"Magasin";"LIVREE";"P0049";"1";"5,00";"1770,00";"1681,50";"798,07";"M06";"V12";"C0084"
"V002128";"30-08-2024";"Magasin";"Livree";"P0053";"2";"0,00";"310,00";"310,00";"166,02";"M25";"V59";"C0152"
"V002129";"30-08-2024";"Web";"EnCours";"P0027";"2";"0,00";"440,00";"440,00";"213,32";"M18";"V44";"C0133"
"V002130";"30-08-2024";"Magasin";"Livree";"P0038";"1";"0,00";"230,00";"230,00";"119,32";"M09";"V18";"C0195"
"V002131";"30-08-2024";"MAGASIN";"LIVREE";"P0027";"4";"0,00";"880,00";"880,00";"426,64";"M07";"V15";"C0164"
"V002132";"30-08-2024";"Web";"LIVREE";"P0028";"1";"0,00";"130,00";"130,00";"67,26";"M13";"V29";"C0185"
"V002133";"30-08-2024";"magasin";"LIVREE";"P0012";"1";"0,00";"1010,00";"1010,00";"588,54";"M19";"V45";"C0191"
"V002134";"30-08-2024";"Magasin";"EnCours";"P0055";"1";"0,00";"40,00";"40,00";"19,21";"M12";"V27";"C0036"
"V002135";"30-08-2024";"Magasin";"EnCours";"P0056";"1";"0,00";"25,00";"25,00";"12,15";"M05";"V10";"C0087"
"V002136";"30-08-2024";"magasin";"Livree";"P0032";"1";"5,00";"190,00";"180,50";"108,18";"M25";"V60";"C0187"
"V002137";"31-08-2024";"MAGASIN";"livree";"P0034";"3";"0,00";"600,00";"600,00";"355,32";"M17";"V41";"C0076"
"V002138";"31-08-2024";"MAGASIN";"Livree";"P0052";"4";"0,00";"540,00";"540,00";"290,04";"M08";"V17";"C0002"
"V002139";"31-08-2024";"MAGASIN";"livree";"P0061";"1";"0,00";"140,00";"140,00";"75,47";"M25";"V60";"C0088"
"V002140";"31-08-2024";"magasin";"livree";"P0029";"2";"0,00";"570,00";"570,00";"338,00";"M08";"V16";"C0187"
"V002141";"31-08-2024";"Magasin";"Livree";"P0058";"3";"10,00";"195,00";"175,50";"93,93";"M02";"V05";"C0048"
"V002142";"31-08-2024";"Magasin";"Livree";"P0056";"3";"10,00";"75,00";"67,50";"36,45";"M03";"V07";"C0089"
"V002143";"31-08-2024";"web";"Livree";"P0031";"3";"0,00";"450,00";"450,00";"276,72";"M22";"V53";"C0220"
"V002144";"31-08-2024";"Magasin";"encours";"P0033";"3";"0,00";"150,00";"150,00";"68,19";"M18";"V43";"C0018"
"V002145";"31-08-2024";"magasin";"Livree";"P0054";"3";"0,00";"480,00";"480,00";"232,32";"M07";"V14";"C0180"
"V002146";"01-09-2024";"Magasin";"Livree";"P0050";"1";"0,00";"230,00";"230,00";"115,83";"M18";"V43";"C0197"
"V002147";"01-09-2024";"Magasin";"LIVREE";"P0063";"1";"0,00";"105,00";"105,00";"58,21";"M19";"V45";"C0113"
"V002148";"01-09-2024";"Magasin";"Livree";"P0028";"1";"0,00";"130,00";"130,00";"67,26";"M16";"V38";"C0174"
"V002149";"01-09-2024";"Magasin";"Livree";"P0043";"2";"0,00";"4460,00";"4460,00";"2397,94";"M05";"V11";"C0196"
"V002150";"01-09-2024";"magasin";"Livree";"P0056";"2";"0,00";"50,00";"50,00";"24,30";"M21";"V51";"C0011"
"V002151";"01-09-2024";"magasin";"livree";"P0056";"1";"0,00";"25,00";"25,00";"12,15";"M11";"V25";"C0087"
"V002152";"01-09-2024";"web";"Livree";"P0036";"1";"0,00";"105,00";"105,00";"57,91";"M16";"V37";"C0103"
"V002153";"01-09-2024";"Magasin";"Livree";"P0049";"3";"0,00";"5310,00";"5310,00";"2394,21";"M12";"V28";"C0105"
"V002154";"02-09-2024";"Magasin";"livree";"P0057";"1";"5,00";"20,00";"19,00";"10,89";"M23";"V55";"C0025"
"V002155";"02-09-2024";"MAGASIN";"Livree";"P0053";"2";"0,00";"310,00";"310,00";"166,02";"M18";"V44";"C0027"
"V002156";"02-09-2024";"web";"Livree";"P0052";"1";"0,00";"135,00";"135,00";"72,51";"M15";"V35";"C0025"
"V002157";"02-09-2024";"Magasin";"Livree";"P0063";"2";"5,00";"210,00";"199,50";"116,42";"M08";"V16";"C0142"
"V002158";"02-09-2024";"web";"Livree";"P0031";"3";"0,00";"450,00";"450,00";"276,72";"M01";"V02";"C0143"
"V002159";"02-09-2024";"Magasin";"LIVREE";"P0004";"2";"5,00";"1920,00";"1824,00";"1123,74";"M22";"V54";"C0180"
"V002160";"03-09-2024";"MAGASIN";"Livree";"P0030";"1";"0,00";"265,00";"265,00";"125,99";"M18";"V43";"C0159"
"V002161";"03-09-2024";"magasin";"Livree";"P0053";"1";"10,00";"155,00";"139,50";"83,01";"M02";"V05";"C0097"
"V002162";"03-09-2024";"magasin";"Livree";"P0030";"2";"0,00";"530,00";"530,00";"251,98";"M09";"V19";"C0008"
"V002163";"03-09-2024";"WEB";"Livree";"P0011";"1";"0,00";"1150,00";"1150,00";"671,97";"M01";"V03";"C0156"
"V002164";"03-09-2024";"Web";"LIVREE";"P0025";"1";"0,00";"55,00";"55,00";"32,37";"M09";"V19";"C0210"
"V002165";"03-09-2024";"magasin";"LIVREE";"P0038";"1";"5,00";"230,00";"218,50";"119,32";"M11";"V25";"C0022"
"V002166";"03-09-2024";"MAGASIN";"Livree";"P0025";"4";"0,00";"220,00";"220,00";"129,48";"M22";"V53";"C0164"
"V002167";"04-09-2024";"Magasin";"Livree";"P0061";"1";"5,00";"140,00";"133,00";"75,47";"M13";"V30";"C0075"
"V002168";"04-09-2024";"Magasin";"LIVREE";"P0049";"4";"0,00";"7080,00";"7080,00";"3192,28";"M15";"V34";"C0086"
"V002169";"04-09-2024";"Magasin";"Livree";"P0059";"2";"0,00";"80,00";"80,00";"38,46";"M12";"V28";"C0006"
"V002170";"04-09-2024";"WEB";"Livree";"P0041";"1";"0,00";"2225,00";"2225,00";"1348,70";"M09";"V19";"C0150"
"V002171";"04-09-2024";"Magasin";"LIVREE";"P0054";"3";"0,00";"480,00";"480,00";"232,32";"M20";"V50";"C0030"
"V002172";"04-09-2024";"MAGASIN";"livree";"P0053";"3";"5,00";"465,00";"441,75";"249,03";"M10";"V21";"C0218"
"V002173";"04-09-2024";"Magasin";"Annulee";"P0056";"1";"0,00";"25,00";"25,00";"12,15";"M15";"V36";"C0099"
"V002174";"04-09-2024";"Magasin";"LIVREE";"P0053";"1";"5,00";"155,00";"147,25";"83,01";"M05";"V10";"C0096"
"V002175";"04-09-2024";"Magasin";"Annulee";"P0063";"1";"0,00";"105,00";"105,00";"58,21";"M04";"V08";"C0118"
"V002176";"04-09-2024";"magasin";"LIVREE";"P0056";"2";"0,00";"50,00";"50,00";"24,30";"M02";"V05";"C0103"
"V002177";"05-09-2024";"Magasin";"Livree";"P0034";"3";"5,00";"600,00";"570,00";"355,32";"M10";"V22";"C0153"
"V002178";"05-09-2024";"Web";"Livree";"P0059";"2";"0,00";"80,00";"80,00";"38,46";"M21";"V51";"C0132"
"V002179";"05-09-2024";"magasin";"Annulee";"P0061";"1";"5,00";"140,00";"133,00";"75,47";"M12";"V27";"C0068"
"V002180";"06-09-2024";"Magasin";"Livree";"P0014";"1";"0,00";"635,00";"635,00";"333,47";"M04";"V09";"C0203"
"V002181";"06-09-2024";"WEB";"Livree";"P0032";"3";"0,00";"570,00";"570,00";"324,54";"M05";"V11";"C0002"
"V002182";"06-09-2024";"Magasin";"LIVREE";"P0014";"2";"0,00";"1270,00";"1270,00";"666,94";"M14";"V32";"C0144"
"V002183";"06-09-2024";"web";"Livree";"P0048";"1";"0,00";"1760,00";"1760,00";"945,76";"M07";"V14";"C0094"
"V002184";"06-09-2024";"Magasin";"encours";"P0060";"2";"0,00";"80,00";"80,00";"40,92";"M21";"V52";"C0135"
"V002185";"06-09-2024";"Magasin";"livree";"P0044";"1";"10,00";"1800,00";"1620,00";"1053,21";"M14";"V33";"C0128"
"V002186";"07-09-2024";"Magasin";"encours";"P0010";"1";"10,00";"955,00";"859,50";"512,94";"M16";"V39";"C0097"
"V002187";"07-09-2024";"Magasin";"LIVREE";"P0060";"1";"5,00";"40,00";"38,00";"20,46";"M21";"V51";"C0124"
"V002188";"07-09-2024";"Magasin";"Livree";"P0036";"1";"10,00";"105,00";"94,50";"57,91";"M03";"V07";"C0113"
"V002189";"07-09-2024";"Magasin";"Annulee";"P0061";"1";"10,00";"140,00";"126,00";"75,47";"M12";"V27";"C0134"
"V002190";"07-09-2024";"web";"Livree";"P0054";"4";"5,00";"640,00";"608,00";"309,76";"M25";"V60";"C0031"
"V002191";"07-09-2024";"WEB";"Livree";"P0064";"2";"5,00";"140,00";"133,00";"71,72";"M25";"V59";"C0116"
"V002192";"07-09-2024";"MAGASIN";"Livree";"P0058";"3";"0,00";"195,00";"195,00";"93,93";"M11";"V24";"C0022"
"V002193";"08-09-2024";"Magasin";"Livree";"P0054";"2";"0,00";"320,00";"320,00";"154,88";"M13";"V29";"C0119"
"V002194";"08-09-2024";"MAGASIN";"LIVREE";"P0051";"2";"10,00";"310,00";"279,00";"155,70";"M15";"V34";"C0109"
"V002195";"08-09-2024";"Magasin";"Annulee";"P0039";"1";"0,00";"1485,00";"1485,00";"673,51";"M01";"V02";"C0218"
"V002196";"08-09-2024";"MAGASIN";"Livree";"P0024";"1";"0,00";"770,00";"770,00";"465,89";"M15";"V35";"C0078"
"V002197";"08-09-2024";"Magasin";"Livree";"P0014";"1";"0,00";"635,00";"635,00";"333,47";"M10";"V22";"C0063"
"V002198";"09-09-2024";"Magasin";"EnCours";"P0056";"3";"0,00";"75,00";"75,00";"36,45";"M19";"V46";"C0056"
"V002199";"09-09-2024";"Magasin";"encours";"P0004";"2";"0,00";"1920,00";"1920,00";"1123,74";"M21";"V51";"C0136"
"V002200";"09-09-2024";"Magasin";"Livree";"P0036";"2";"0,00";"210,00";"210,00";"115,82";"M16";"V38";"C0206"
"V002201";"09-09-2024";"Web";"LIVREE";"P0002";"2";"5,00";"1400,00";"1330,00";"705,52";"M25";"V59";"C0142"
"V002202";"10-09-2024";"web";"LIVREE";"P0062";"1";"0,00";"130,00";"130,00";"66,13";"M16";"V37";"C0180"
"V002203";"10-09-2024";"Magasin";"Livree";"P0056";"3";"5,00";"75,00";"71,25";"36,45";"M05";"V11";"C0100"
"V002204";"10-09-2024";"web";"LIVREE";"P0060";"1";"0,00";"40,00";"40,00";"20,46";"M02";"V05";"C0030"
"V002205";"10-09-2024";"Web";"livree";"P0054";"2";"0,00";"320,00";"320,00";"154,88";"M01";"V03";"C0125"
"V002206";"10-09-2024";"magasin";"Livree";"P0048";"1";"10,00";"1760,00";"1584,00";"945,76";"M06";"V12";"C0207"
"V002207";"10-09-2024";"Magasin";"Livree";"P0051";"1";"0,00";"155,00";"155,00";"77,85";"M19";"V47";"C0201"
"V002208";"11-09-2024";"magasin";"LIVREE";"P0015";"1";"0,00";"550,00";"550,00";"305,75";"M11";"V24";"C0196"
"V002209";"11-09-2024";"MAGASIN";"LIVREE";"P0057";"2";"0,00";"40,00";"40,00";"21,78";"M25";"V60";"C0063"
"V002210";"11-09-2024";"Magasin";"Livree";"P0058";"1";"5,00";"65,00";"61,75";"31,31";"M14";"V33";"C0137"
"V002211";"11-09-2024";"web";"livree";"P0036";"1";"0,00";"105,00";"105,00";"57,91";"M25";"V59";"C0174"
"V002212";"11-09-2024";"Magasin";"LIVREE";"P0061";"1";"0,00";"140,00";"140,00";"75,47";"M02";"V04";"C0117"
"V002213";"12-09-2024";"WEB";"Livree";"P0035";"2";"0,00";"340,00";"340,00";"183,96";"M03";"V06";"C0165"
"V002214";"13-09-2024";"Magasin";"livree";"P0064";"2";"0,00";"140,00";"140,00";"71,72";"M18";"V44";"C0218"
"V002215";"14-09-2024";"web";"EnCours";"P0038";"1";"0,00";"230,00";"230,00";"119,32";"M06";"V12";"C0045"
"V002216";"14-09-2024";"MAGASIN";"Livree";"P0010";"3";"0,00";"2865,00";"2865,00";"1538,82";"M01";"V03";"C0153"
"V002217";"14-09-2024";"Magasin";"Livree";"P0059";"2";"5,00";"80,00";"76,00";"38,46";"M24";"V57";"C0018"
"V002218";"14-09-2024";"magasin";"encours";"P0058";"1";"0,00";"65,00";"65,00";"31,31";"M21";"V52";"C0122"
"V002219";"14-09-2024";"MAGASIN";"Livree";"P0007";"1";"0,00";"955,00";"955,00";"443,15";"M21";"V51";"C0142"
"V002220";"14-09-2024";"magasin";"Livree";"P0062";"2";"10,00";"260,00";"234,00";"132,26";"M07";"V15";"C0064"
"V002221";"14-09-2024";"web";"livree";"P0058";"1";"0,00";"65,00";"65,00";"31,31";"M25";"V59";"C0069"
"V002222";"15-09-2024";"WEB";"Livree";"P0057";"1";"0,00";"20,00";"20,00";"10,89";"M18";"V44";"C0062"
"V002223";"15-09-2024";"web";"LIVREE";"P0056";"1";"10,00";"25,00";"22,50";"12,15";"M19";"V47";"C0203"
"V002224";"15-09-2024";"Web";"livree";"P0048";"1";"5,00";"1760,00";"1672,00";"945,76";"M23";"V55";"C0057"
"V002225";"15-09-2024";"MAGASIN";"Livree";"P0053";"1";"0,00";"155,00";"155,00";"83,01";"M13";"V29";"C0196"
"V002226";"15-09-2024";"Magasin";"Livree";"P0046";"1";"0,00";"1035,00";"1035,00";"615,36";"M09";"V19";"C0078"
"V002227";"15-09-2024";"Web";"Livree";"P0052";"2";"0,00";"270,00";"270,00";"145,02";"M18";"V44";"C0217"
"V002228";"15-09-2024";"Magasin";"Livree";"P0061";"2";"0,00";"280,00";"280,00";"150,94";"M02";"V04";"C0172"
"V002229";"16-09-2024";"MAGASIN";"encours";"P0053";"1";"5,00";"155,00";"147,25";"83,01";"M23";"V56";"C0042"
"V002230";"16-09-2024";"WEB";"Livree";"P0060";"3";"0,00";"120,00";"120,00";"61,38";"M25";"V59";"C0028"
"V002231";"16-09-2024";"Magasin";"Livree";"P0057";"2";"0,00";"40,00";"40,00";"21,78";"M10";"V20";"C0187"
"V002232";"16-09-2024";"WEB";"livree";"P0062";"1";"0,00";"130,00";"130,00";"66,13";"M09";"V18";"C0200"
"V002233";"16-09-2024";"Magasin";"Livree";"P0027";"1";"5,00";"220,00";"209,00";"106,66";"M16";"V39";"C0215"
"V002234";"17-09-2024";"WEB";"LIVREE";"P0051";"2";"0,00";"310,00";"310,00";"155,70";"M24";"V58";"C0018"
"V002235";"17-09-2024";"Web";"Livree";"P0055";"1";"5,00";"40,00";"38,00";"19,21";"M06";"V12";"C0186"
"V002236";"17-09-2024";"WEB";"Livree";"P0047";"1";"0,00";"1665,00";"1665,00";"1004,07";"M17";"V40";"C0098"
"V002237";"17-09-2024";"MAGASIN";"Livree";"P0055";"2";"0,00";"80,00";"80,00";"38,42";"M16";"V37";"C0218"
"V002238";"17-09-2024";"Magasin";"EnCours";"P0008";"1";"0,00";"495,00";"495,00";"243,76";"M16";"V38";"C0135"
"V002239";"17-09-2024";"MAGASIN";"livree";"P0013";"2";"5,00";"1500,00";"1425,00";"676,36";"M18";"V44";"C0037"
"V002240";"17-09-2024";"Web";"LIVREE";"P0023";"1";"0,00";"700,00";"700,00";"404,57";"M17";"V40";"C0127"
"V002241";"17-09-2024";"Web";"LIVREE";"P0045";"2";"0,00";"650,00";"650,00";"298,38";"M07";"V15";"C0112"
"V002242";"18-09-2024";"magasin";"Annulee";"P0061";"3";"0,00";"420,00";"420,00";"226,41";"M11";"V23";"C0051"
"V002243";"18-09-2024";"Magasin";"Livree";"P0055";"1";"0,00";"40,00";"40,00";"19,21";"M19";"V46";"C0147"
"V002244";"18-09-2024";"magasin";"Annulee";"P0043";"3";"5,00";"6690,00";"6355,50";"3596,91";"M05";"V11";"C0204"
"V002245";"18-09-2024";"Magasin";"Livree";"P0023";"2";"0,00";"1400,00";"1400,00";"809,14";"M19";"V47";"C0115"
"V002246";"18-09-2024";"Web";"encours";"P0053";"2";"10,00";"310,00";"279,00";"166,02";"M25";"V59";"C0124"
"V002247";"18-09-2024";"Magasin";"Livree";"P0045";"2";"0,00";"650,00";"650,00";"298,38";"M19";"V47";"C0211"
"V002248";"18-09-2024";"MAGASIN";"Livree";"P0060";"2";"0,00";"80,00";"80,00";"40,92";"M16";"V37";"C0120"
"V002249";"18-09-2024";"MAGASIN";"Livree";"P0006";"4";"5,00";"4300,00";"4085,00";"2628,76";"M07";"V14";"C0120"
"V002250";"19-09-2024";"Magasin";"Livree";"P0050";"2";"5,00";"460,00";"437,00";"231,66";"M21";"V51";"C0026"
"V002251";"19-09-2024";"MAGASIN";"Livree";"P0025";"2";"0,00";"110,00";"110,00";"64,74";"M13";"V29";"C0203"
"V002252";"19-09-2024";"WEB";"Livree";"P0062";"1";"0,00";"130,00";"130,00";"66,13";"M25";"V60";"C0172"
"V002253";"19-09-2024";"WEB";"LIVREE";"P0031";"1";"5,00";"150,00";"142,50";"92,24";"M02";"V05";"C0072"
"V002254";"19-09-2024";"magasin";"Annulee";"P0062";"1";"0,00";"130,00";"130,00";"66,13";"M19";"V47";"C0149"
"V002255";"19-09-2024";"magasin";"Livree";"P0047";"1";"0,00";"1665,00";"1665,00";"1004,07";"M23";"V55";"C0130"
"V002256";"20-09-2024";"Magasin";"livree";"P0010";"2";"0,00";"1910,00";"1910,00";"1025,88";"M02";"V05";"C0101"
"V002257";"20-09-2024";"Magasin";"livree";"P0040";"1";"0,00";"1910,00";"1910,00";"1038,92";"M20";"V49";"C0005"
"V002258";"20-09-2024";"magasin";"livree";"P0053";"1";"0,00";"155,00";"155,00";"83,01";"M02";"V05";"C0093"
"V002259";"21-09-2024";"magasin";"Annulee";"P0063";"2";"10,00";"210,00";"189,00";"116,42";"M05";"V10";"C0084"
"V002260";"21-09-2024";"Magasin";"livree";"P0049";"3";"0,00";"5310,00";"5310,00";"2394,21";"M18";"V43";"C0161"
"V002261";"22-09-2024";"Magasin";"LIVREE";"P0021";"3";"5,00";"1230,00";"1168,50";"568,23";"M10";"V22";"C0215"
"V002262";"22-09-2024";"Magasin";"LIVREE";"P0061";"2";"5,00";"280,00";"266,00";"150,94";"M22";"V53";"C0168"
"V002263";"22-09-2024";"Magasin";"Livree";"P0041";"1";"10,00";"2225,00";"2002,50";"1348,70";"M22";"V54";"C0021"
"V002264";"23-09-2024";"Web";"Livree";"P0023";"4";"0,00";"2800,00";"2800,00";"1618,28";"M04";"V08";"C0150"
"V002265";"23-09-2024";"MAGASIN";"Livree";"P0033";"3";"0,00";"150,00";"150,00";"68,19";"M09";"V18";"C0018"
"V002266";"23-09-2024";"WEB";"Livree";"P0008";"1";"10,00";"495,00";"445,50";"243,76";"M07";"V15";"C0214"
"V002267";"23-09-2024";"web";"livree";"P0042";"2";"0,00";"4090,00";"4090,00";"2473,28";"M14";"V32";"C0037"
"V002268";"23-09-2024";"Web";"encours";"P0061";"1";"0,00";"140,00";"140,00";"75,47";"M21";"V52";"C0010"
"V002269";"23-09-2024";"Web";"EnCours";"P0056";"2";"0,00";"50,00";"50,00";"24,30";"M02";"V04";"C0155"
"V002270";"23-09-2024";"Magasin";"LIVREE";"P0061";"1";"0,00";"140,00";"140,00";"75,47";"M09";"V18";"C0022"
"V002271";"24-09-2024";"Web";"Livree";"P0064";"2";"10,00";"140,00";"126,00";"71,72";"M11";"V23";"C0108"
"V002272";"24-09-2024";"MAGASIN";"LIVREE";"P0045";"1";"0,00";"325,00";"325,00";"149,19";"M19";"V46";"C0108"
"V002273";"24-09-2024";"MAGASIN";"LIVREE";"P0062";"1";"5,00";"130,00";"123,50";"66,13";"M24";"V57";"C0071"
"V002274";"24-09-2024";"MAGASIN";"Livree";"P0014";"1";"5,00";"635,00";"603,25";"333,47";"M20";"V50";"C0077"
"V002275";"25-09-2024";"Web";"Livree";"P0023";"2";"0,00";"1400,00";"1400,00";"809,14";"M21";"V52";"C0062"
"V002276";"25-09-2024";"Magasin";"livree";"P0041";"1";"0,00";"2225,00";"2225,00";"1348,70";"M19";"V47";"C0109"
"V002277";"25-09-2024";"web";"Livree";"P0038";"4";"0,00";"920,00";"920,00";"477,28";"M08";"V17";"C0146"
"V002278";"25-09-2024";"Magasin";"LIVREE";"P0029";"1";"0,00";"285,00";"285,00";"169,00";"M03";"V06";"C0215"
"V002279";"25-09-2024";"Magasin";"encours";"P0063";"1";"0,00";"105,00";"105,00";"58,21";"M15";"V35";"C0094"
"V002280";"25-09-2024";"WEB";"Livree";"P0058";"2";"5,00";"130,00";"123,50";"62,62";"M21";"V51";"C0110"
"V002281";"26-09-2024";"web";"LIVREE";"P0037";"1";"5,00";"230,00";"218,50";"115,95";"M20";"V49";"C0131"
"V002282";"26-09-2024";"magasin";"encours";"P0036";"1";"0,00";"105,00";"105,00";"57,91";"M23";"V56";"C0182"
"V002283";"26-09-2024";"magasin";"Livree";"P0048";"1";"0,00";"1760,00";"1760,00";"945,76";"M20";"V50";"C0014"
"V002284";"26-09-2024";"Web";"Livree";"P0050";"3";"5,00";"690,00";"655,50";"347,49";"M03";"V07";"C0181"
"V002285";"26-09-2024";"WEB";"EnCours";"P0043";"1";"0,00";"2230,00";"2230,00";"1198,97";"M24";"V57";"C0048"
"V002286";"27-09-2024";"web";"Livree";"P0003";"1";"0,00";"710,00";"710,00";"395,33";"M01";"V02";"C0074"
"V002287";"27-09-2024";"Magasin";"encours";"P0036";"1";"0,00";"105,00";"105,00";"57,91";"M24";"V57";"C0026"
"V002288";"27-09-2024";"Magasin";"LIVREE";"P0013";"2";"0,00";"1500,00";"1500,00";"676,36";"M12";"V27";"C0111"
"V002289";"27-09-2024";"magasin";"Annulee";"P0038";"1";"0,00";"230,00";"230,00";"119,32";"M02";"V04";"C0007"
"V002290";"27-09-2024";"Magasin";"Livree";"P0042";"2";"0,00";"4090,00";"4090,00";"2473,28";"M21";"V51";"C0168"
"V002291";"27-09-2024";"Magasin";"encours";"P0006";"2";"0,00";"2150,00";"2150,00";"1314,38";"M19";"V47";"C0199"
"V002292";"27-09-2024";"magasin";"Livree";"P0003";"3";"0,00";"2130,00";"2130,00";"1185,99";"M11";"V25";"C0103"
"V002293";"28-09-2024";"magasin";"EnCours";"P0015";"1";"0,00";"550,00";"550,00";"305,75";"M14";"V32";"C0153"
"V002294";"28-09-2024";"web";"Annulee";"P0012";"3";"10,00";"3030,00";"2727,00";"1765,62";"M09";"V19";"C0179"
"V002295";"28-09-2024";"WEB";"LIVREE";"P0009";"4";"0,00";"2020,00";"2020,00";"1188,68";"M07";"V14";"C0215"
"V002296";"28-09-2024";"magasin";"Livree";"P0033";"1";"0,00";"50,00";"50,00";"22,73";"M25";"V60";"C0020"
"V002297";"28-09-2024";"WEB";"Livree";"P0009";"3";"5,00";"1515,00";"1439,25";"891,51";"M01";"V01";"C0004"
"V002298";"28-09-2024";"magasin";"LIVREE";"P0054";"2";"0,00";"320,00";"320,00";"154,88";"M14";"V32";"C0194"
"V002299";"28-09-2024";"MAGASIN";"Livree";"P0044";"1";"10,00";"1800,00";"1620,00";"1053,21";"M15";"V34";"C0121"
"V002300";"28-09-2024";"Magasin";"livree";"P0006";"2";"0,00";"2150,00";"2150,00";"1314,38";"M21";"V51";"C0056"
"V002301";"29-09-2024";"MAGASIN";"Livree";"P0026";"1";"10,00";"275,00";"247,50";"137,45";"M03";"V07";"C0116"
"V002302";"29-09-2024";"magasin";"Annulee";"P0036";"1";"0,00";"105,00";"105,00";"57,91";"M25";"V59";"C0079"
"V002303";"29-09-2024";"MAGASIN";"Livree";"P0018";"3";"5,00";"2595,00";"2465,25";"1323,33";"M17";"V42";"C0189"
"V002304";"29-09-2024";"Magasin";"LIVREE";"P0060";"1";"0,00";"40,00";"40,00";"20,46";"M09";"V19";"C0187"
"V002305";"29-09-2024";"magasin";"livree";"P0033";"1";"10,00";"50,00";"45,00";"22,73";"M18";"V44";"C0157"
"V002306";"29-09-2024";"MAGASIN";"LIVREE";"P0039";"3";"0,00";"4455,00";"4455,00";"2020,53";"M08";"V17";"C0161"
"V002307";"30-09-2024";"Magasin";"livree";"P0053";"2";"0,00";"310,00";"310,00";"166,02";"M10";"V21";"C0192"
"V002308";"30-09-2024";"Magasin";"EnCours";"P0017";"1";"0,00";"450,00";"450,00";"256,83";"M22";"V53";"C0171"
"V002309";"30-09-2024";"web";"Livree";"P0004";"2";"0,00";"1920,00";"1920,00";"1123,74";"M24";"V58";"C0117"
"V002310";"30-09-2024";"MAGASIN";"Livree";"P0031";"2";"5,00";"300,00";"285,00";"184,48";"M08";"V17";"C0125"
"V002311";"30-09-2024";"Magasin";"EnCours";"P0054";"2";"5,00";"320,00";"304,00";"154,88";"M04";"V08";"C0019"
"V002312";"30-09-2024";"magasin";"Livree";"P0055";"1";"0,00";"40,00";"40,00";"19,21";"M09";"V18";"C0203"
"V002313";"30-09-2024";"Magasin";"LIVREE";"P0040";"3";"0,00";"5730,00";"5730,00";"3116,76";"M20";"V48";"C0160"
"V002314";"30-09-2024";"Web";"LIVREE";"P0026";"2";"0,00";"550,00";"550,00";"274,90";"M11";"V24";"C0115"
"V002315";"30-09-2024";"Magasin";"LIVREE";"P0044";"1";"0,00";"1800,00";"1800,00";"1053,21";"M21";"V52";"C0093"
"V002316";"30-09-2024";"Magasin";"LIVREE";"P0035";"2";"0,00";"340,00";"340,00";"183,96";"M10";"V21";"C0012"
"V002317";"01-10-2024";"Magasin";"LIVREE";"P0058";"2";"0,00";"130,00";"130,00";"62,62";"M17";"V40";"C0218"
"V002318";"01-10-2024";"MAGASIN";"LIVREE";"P0063";"1";"0,00";"105,00";"105,00";"58,21";"M11";"V23";"C0154"
"V002319";"01-10-2024";"Magasin";"Livree";"P0054";"1";"10,00";"160,00";"144,00";"77,44";"M05";"V10";"C0042"
"V002320";"01-10-2024";"web";"Livree";"P0030";"3";"5,00";"795,00";"755,25";"377,97";"M18";"V43";"C0205"
"V002321";"01-10-2024";"magasin";"Livree";"P0060";"1";"0,00";"40,00";"40,00";"20,46";"M16";"V39";"C0128"
"V002322";"01-10-2024";"Magasin";"Livree";"P0049";"2";"0,00";"3540,00";"3540,00";"1596,14";"M11";"V23";"C0094"
"V002323";"02-10-2024";"magasin";"encours";"P0036";"2";"0,00";"210,00";"210,00";"115,82";"M09";"V19";"C0102"
"V002324";"02-10-2024";"magasin";"livree";"P0027";"1";"0,00";"220,00";"220,00";"106,66";"M09";"V19";"C0071"
"V002325";"02-10-2024";"Magasin";"Livree";"P0025";"2";"10,00";"110,00";"99,00";"64,74";"M10";"V21";"C0037"
"V002326";"03-10-2024";"Magasin";"livree";"P0041";"2";"0,00";"4450,00";"4450,00";"2697,40";"M21";"V51";"C0001"
"V002327";"03-10-2024";"Magasin";"Livree";"P0036";"1";"0,00";"105,00";"105,00";"57,91";"M10";"V20";"C0159"
"V002328";"03-10-2024";"Magasin";"LIVREE";"P0003";"1";"0,00";"710,00";"710,00";"395,33";"M14";"V32";"C0078"
"V002329";"03-10-2024";"web";"Livree";"P0028";"1";"5,00";"130,00";"123,50";"67,26";"M21";"V51";"C0055"
"V002330";"03-10-2024";"Magasin";"LIVREE";"P0060";"1";"5,00";"40,00";"38,00";"20,46";"M03";"V06";"C0043"
"V002331";"04-10-2024";"MAGASIN";"Livree";"P0015";"4";"0,00";"2200,00";"2200,00";"1223,00";"M05";"V11";"C0155"
"V002332";"04-10-2024";"Web";"LIVREE";"P0004";"1";"0,00";"960,00";"960,00";"561,87";"M21";"V52";"C0166"
"V002333";"04-10-2024";"Magasin";"Livree";"P0049";"2";"5,00";"3540,00";"3363,00";"1596,14";"M14";"V32";"C0143"
"V002334";"04-10-2024";"Magasin";"Livree";"P0007";"1";"5,00";"955,00";"907,25";"443,15";"M12";"V28";"C0125"
"V002335";"04-10-2024";"Magasin";"LIVREE";"P0010";"3";"0,00";"2865,00";"2865,00";"1538,82";"M03";"V07";"C0012"
"V002336";"04-10-2024";"magasin";"EnCours";"P0058";"2";"0,00";"130,00";"130,00";"62,62";"M21";"V52";"C0114"
"V002337";"04-10-2024";"WEB";"LIVREE";"P0060";"1";"0,00";"40,00";"40,00";"20,46";"M22";"V53";"C0145"
"V002338";"05-10-2024";"web";"LIVREE";"P0057";"2";"0,00";"40,00";"40,00";"21,78";"M01";"V01";"C0218"
"V002339";"05-10-2024";"web";"Livree";"P0010";"1";"10,00";"955,00";"859,50";"512,94";"M23";"V56";"C0184"
"V002340";"05-10-2024";"Web";"livree";"P0006";"1";"0,00";"1075,00";"1075,00";"657,19";"M16";"V38";"C0054"
"V002341";"05-10-2024";"Magasin";"LIVREE";"P0026";"1";"0,00";"275,00";"275,00";"137,45";"M11";"V24";"C0074"
"V002342";"05-10-2024";"Web";"Livree";"P0007";"2";"0,00";"1910,00";"1910,00";"886,30";"M20";"V48";"C0214"
"V002343";"05-10-2024";"Web";"livree";"P0050";"1";"0,00";"230,00";"230,00";"115,83";"M12";"V26";"C0063"
"V002344";"05-10-2024";"Magasin";"livree";"P0033";"2";"5,00";"100,00";"95,00";"45,46";"M24";"V57";"C0024"
"V002345";"06-10-2024";"Magasin";"Livree";"P0026";"1";"5,00";"275,00";"261,25";"137,45";"M18";"V44";"C0065"
"V002346";"06-10-2024";"Magasin";"Livree";"P0064";"3";"0,00";"210,00";"210,00";"107,58";"M04";"V09";"C0143"
"V002347";"06-10-2024";"magasin";"Livree";"P0054";"1";"5,00";"160,00";"152,00";"77,44";"M12";"V27";"C0159"
"V002348";"06-10-2024";"Magasin";"LIVREE";"P0019";"1";"5,00";"535,00";"508,25";"307,48";"M20";"V48";"C0187"
"V002349";"06-10-2024";"Magasin";"LIVREE";"P0013";"3";"0,00";"2250,00";"2250,00";"1014,54";"M22";"V53";"C0104"
"V002350";"06-10-2024";"WEB";"Livree";"P0042";"3";"10,00";"6135,00";"5521,50";"3709,92";"M07";"V15";"C0135"
"V002351";"06-10-2024";"Web";"EnCours";"P0056";"2";"0,00";"50,00";"50,00";"24,30";"M04";"V09";"C0001"
"V002352";"06-10-2024";"Web";"LIVREE";"P0024";"4";"5,00";"3080,00";"2926,00";"1863,56";"M03";"V06";"C0072"
"V002353";"07-10-2024";"Magasin";"livree";"P0011";"3";"5,00";"3450,00";"3277,50";"2015,91";"M04";"V09";"C0165"
"V002354";"07-10-2024";"MAGASIN";"LIVREE";"P0061";"2";"0,00";"280,00";"280,00";"150,94";"M08";"V17";"C0193"
"V002355";"07-10-2024";"Magasin";"Livree";"P0019";"1";"0,00";"535,00";"535,00";"307,48";"M14";"V33";"C0056"
"V002356";"07-10-2024";"Magasin";"Livree";"P0046";"1";"0,00";"1035,00";"1035,00";"615,36";"M19";"V47";"C0099"
"V002357";"08-10-2024";"magasin";"Livree";"P0064";"1";"0,00";"70,00";"70,00";"35,86";"M02";"V04";"C0117"
"V002358";"09-10-2024";"Magasin";"Livree";"P0046";"2";"0,00";"2070,00";"2070,00";"1230,72";"M16";"V39";"C0211"
"V002359";"09-10-2024";"web";"Livree";"P0037";"2";"0,00";"460,00";"460,00";"231,90";"M07";"V15";"C0108"
"V002360";"09-10-2024";"MAGASIN";"Livree";"P0064";"2";"0,00";"140,00";"140,00";"71,72";"M25";"V59";"C0144"
"V002361";"09-10-2024";"MAGASIN";"Livree";"P0062";"3";"5,00";"390,00";"370,50";"198,39";"M20";"V49";"C0057"
"V002362";"09-10-2024";"MAGASIN";"LIVREE";"P0052";"3";"0,00";"405,00";"405,00";"217,53";"M01";"V03";"C0211"
"V002363";"09-10-2024";"magasin";"livree";"P0055";"1";"10,00";"40,00";"36,00";"19,21";"M17";"V41";"C0086"
"V002364";"09-10-2024";"Magasin";"livree";"P0060";"2";"0,00";"80,00";"80,00";"40,92";"M18";"V44";"C0009"
"V002365";"09-10-2024";"Magasin";"Livree";"P0061";"1";"10,00";"140,00";"126,00";"75,47";"M16";"V39";"C0069"
"V002366";"10-10-2024";"web";"EnCours";"P0052";"1";"0,00";"135,00";"135,00";"72,51";"M23";"V55";"C0038"
"V002367";"11-10-2024";"magasin";"LIVREE";"P0009";"1";"5,00";"505,00";"479,75";"297,17";"M09";"V19";"C0026"
"V002368";"11-10-2024";"Magasin";"livree";"P0055";"2";"0,00";"80,00";"80,00";"38,42";"M01";"V02";"C0028"
"V002369";"11-10-2024";"Magasin";"Livree";"P0063";"2";"0,00";"210,00";"210,00";"116,42";"M09";"V19";"C0099"
"V002370";"11-10-2024";"Magasin";"Livree";"P0010";"3";"0,00";"2865,00";"2865,00";"1538,82";"M20";"V48";"C0079"
"V002371";"11-10-2024";"WEB";"Livree";"P0033";"3";"0,00";"150,00";"150,00";"68,19";"M15";"V36";"C0098"
"V002372";"11-10-2024";"Magasin";"Livree";"P0029";"2";"5,00";"570,00";"541,50";"338,00";"M10";"V22";"C0013"
"V002373";"11-10-2024";"WEB";"Livree";"P0063";"2";"0,00";"210,00";"210,00";"116,42";"M17";"V40";"C0017"
"V002374";"12-10-2024";"MAGASIN";"LIVREE";"P0031";"2";"5,00";"300,00";"285,00";"184,48";"M12";"V26";"C0127"
"V002375";"12-10-2024";"Web";"Livree";"P0057";"1";"0,00";"20,00";"20,00";"10,89";"M07";"V14";"C0005"
"V002376";"12-10-2024";"Web";"Livree";"P0014";"1";"0,00";"635,00";"635,00";"333,47";"M22";"V53";"C0143"
"V002377";"12-10-2024";"Web";"LIVREE";"P0032";"2";"0,00";"380,00";"380,00";"216,36";"M10";"V20";"C0176"
"V002378";"12-10-2024";"Magasin";"Livree";"P0040";"1";"5,00";"1910,00";"1814,50";"1038,92";"M14";"V32";"C0036"
"V002379";"12-10-2024";"MAGASIN";"Livree";"P0026";"1";"0,00";"275,00";"275,00";"137,45";"M09";"V18";"C0030"
"V002380";"12-10-2024";"MAGASIN";"Livree";"P0017";"1";"0,00";"450,00";"450,00";"256,83";"M24";"V57";"C0151"
"V002381";"12-10-2024";"Magasin";"Livree";"P0047";"2";"0,00";"3330,00";"3330,00";"2008,14";"M22";"V53";"C0139"
"V002382";"13-10-2024";"Web";"livree";"P0057";"3";"5,00";"60,00";"57,00";"32,67";"M24";"V57";"C0026"
"V002383";"13-10-2024";"Web";"EnCours";"P0009";"2";"10,00";"1010,00";"909,00";"594,34";"M20";"V50";"C0021"
"V002384";"13-10-2024";"web";"Livree";"P0006";"2";"10,00";"2150,00";"1935,00";"1314,38";"M18";"V43";"C0139"
"V002385";"14-10-2024";"MAGASIN";"Livree";"P0059";"2";"5,00";"80,00";"76,00";"38,46";"M06";"V13";"C0060"
"V002386";"14-10-2024";"web";"Livree";"P0049";"1";"0,00";"1770,00";"1770,00";"798,07";"M07";"V15";"C0024"
"V002387";"14-10-2024";"MAGASIN";"Livree";"P0058";"1";"5,00";"65,00";"61,75";"31,31";"M10";"V20";"C0129"
"V002388";"14-10-2024";"Web";"livree";"P0020";"1";"0,00";"385,00";"385,00";"217,97";"M23";"V56";"C0007"
"V002389";"14-10-2024";"WEB";"LIVREE";"P0043";"1";"0,00";"2230,00";"2230,00";"1198,97";"M16";"V37";"C0069"
"V002390";"15-10-2024";"web";"Livree";"P0027";"1";"0,00";"220,00";"220,00";"106,66";"M01";"V02";"C0038"
"V002391";"15-10-2024";"Magasin";"Livree";"P0030";"4";"10,00";"1060,00";"954,00";"503,96";"M07";"V15";"C0187"
"V002392";"15-10-2024";"Magasin";"encours";"P0064";"3";"10,00";"210,00";"189,00";"107,58";"M11";"V25";"C0029"
"V002393";"15-10-2024";"MAGASIN";"Annulee";"P0022";"3";"0,00";"1290,00";"1290,00";"617,10";"M05";"V11";"C0118"
"V002394";"15-10-2024";"magasin";"Livree";"P0063";"1";"0,00";"105,00";"105,00";"58,21";"M18";"V44";"C0040"
"V002395";"16-10-2024";"magasin";"Livree";"P0046";"1";"0,00";"1035,00";"1035,00";"615,36";"M08";"V16";"C0140"
"V002396";"16-10-2024";"Web";"Livree";"P0050";"1";"0,00";"230,00";"230,00";"115,83";"M04";"V08";"C0066"
"V002397";"17-10-2024";"Magasin";"LIVREE";"P0044";"3";"0,00";"5400,00";"5400,00";"3159,63";"M21";"V52";"C0022"
"V002398";"17-10-2024";"Magasin";"LIVREE";"P0005";"1";"5,00";"325,00";"308,75";"148,71";"M09";"V19";"C0006"
"V002399";"17-10-2024";"Magasin";"EnCours";"P0025";"1";"0,00";"55,00";"55,00";"32,37";"M08";"V16";"C0144"
"V002400";"17-10-2024";"Magasin";"Livree";"P0030";"1";"5,00";"265,00";"251,75";"125,99";"M11";"V25";"C0120"
"V002401";"18-10-2024";"Magasin";"Livree";"P0046";"2";"0,00";"2070,00";"2070,00";"1230,72";"M17";"V41";"C0022"
"V002402";"18-10-2024";"magasin";"Livree";"P0025";"3";"0,00";"165,00";"165,00";"97,11";"M24";"V57";"C0013"
"V002403";"18-10-2024";"MAGASIN";"LIVREE";"P0057";"1";"0,00";"20,00";"20,00";"10,89";"M09";"V18";"C0190"
"V002404";"18-10-2024";"MAGASIN";"Livree";"P0030";"3";"0,00";"795,00";"795,00";"377,97";"M10";"V22";"C0033"
"V002405";"18-10-2024";"MAGASIN";"EnCours";"P0013";"1";"0,00";"750,00";"750,00";"338,18";"M11";"V23";"C0112"
"V002406";"19-10-2024";"Magasin";"LIVREE";"P0018";"1";"5,00";"865,00";"821,75";"441,11";"M01";"V02";"C0067"
"V002407";"19-10-2024";"Web";"Livree";"P0064";"1";"0,00";"70,00";"70,00";"35,86";"M08";"V17";"C0121"
"V002408";"19-10-2024";"Magasin";"encours";"P0043";"1";"0,00";"2230,00";"2230,00";"1198,97";"M11";"V24";"C0121"
"V002409";"19-10-2024";"magasin";"Annulee";"P0003";"1";"5,00";"710,00";"674,50";"395,33";"M07";"V15";"C0040"
"V002410";"20-10-2024";"magasin";"EnCours";"P0001";"1";"0,00";"1055,00";"1055,00";"627,64";"M23";"V56";"C0023"
"V002411";"20-10-2024";"Web";"LIVREE";"P0043";"3";"0,00";"6690,00";"6690,00";"3596,91";"M08";"V17";"C0052"
"V002412";"20-10-2024";"Magasin";"Livree";"P0034";"2";"10,00";"400,00";"360,00";"236,88";"M19";"V46";"C0030"
"V002413";"20-10-2024";"MAGASIN";"Annulee";"P0061";"1";"5,00";"140,00";"133,00";"75,47";"M05";"V10";"C0127"
"V002414";"21-10-2024";"Magasin";"livree";"P0007";"2";"0,00";"1910,00";"1910,00";"886,30";"M07";"V14";"C0031"
"V002415";"21-10-2024";"web";"Livree";"P0057";"1";"5,00";"20,00";"19,00";"10,89";"M13";"V30";"C0125"
"V002416";"21-10-2024";"MAGASIN";"Annulee";"P0058";"1";"0,00";"65,00";"65,00";"31,31";"M01";"V03";"C0145"
"V002417";"21-10-2024";"WEB";"Livree";"P0039";"1";"0,00";"1485,00";"1485,00";"673,51";"M16";"V37";"C0069"
"V002418";"21-10-2024";"magasin";"Livree";"P0061";"2";"0,00";"280,00";"280,00";"150,94";"M12";"V27";"C0059"
"V002419";"22-10-2024";"WEB";"Livree";"P0061";"1";"0,00";"140,00";"140,00";"75,47";"M21";"V51";"C0094"
"V002420";"22-10-2024";"MAGASIN";"livree";"P0038";"1";"10,00";"230,00";"207,00";"119,32";"M09";"V18";"C0032"
"V002421";"22-10-2024";"MAGASIN";"Annulee";"P0005";"1";"0,00";"325,00";"325,00";"148,71";"M07";"V14";"C0140"
"V002422";"22-10-2024";"web";"Livree";"P0034";"2";"5,00";"400,00";"380,00";"236,88";"M15";"V35";"C0061"
"V002423";"22-10-2024";"Magasin";"Livree";"P0051";"4";"0,00";"620,00";"620,00";"311,40";"M11";"V23";"C0134"
"V002424";"23-10-2024";"web";"LIVREE";"P0052";"2";"5,00";"270,00";"256,50";"145,02";"M07";"V15";"C0067"
"V002425";"23-10-2024";"WEB";"Livree";"P0038";"1";"5,00";"230,00";"218,50";"119,32";"M16";"V39";"C0182"
"V002426";"23-10-2024";"Magasin";"livree";"P0011";"1";"5,00";"1150,00";"1092,50";"671,97";"M11";"V23";"C0218"
"V002427";"23-10-2024";"magasin";"Livree";"P0027";"1";"0,00";"220,00";"220,00";"106,66";"M24";"V57";"C0160"
"V002428";"23-10-2024";"magasin";"LIVREE";"P0011";"3";"0,00";"3450,00";"3450,00";"2015,91";"M01";"V03";"C0047"
"V002429";"23-10-2024";"Magasin";"Annulee";"P0041";"2";"0,00";"4450,00";"4450,00";"2697,40";"M13";"V29";"C0079"
"V002430";"23-10-2024";"Web";"Annulee";"P0060";"2";"0,00";"80,00";"80,00";"40,92";"M02";"V05";"C0168"
"V002431";"24-10-2024";"magasin";"Livree";"P0036";"3";"10,00";"315,00";"283,50";"173,73";"M22";"V54";"C0090"
"V002432";"24-10-2024";"magasin";"Annulee";"P0025";"1";"0,00";"55,00";"55,00";"32,37";"M02";"V05";"C0199"
"V002433";"24-10-2024";"Magasin";"encours";"P0052";"1";"0,00";"135,00";"135,00";"72,51";"M23";"V56";"C0092"
"V002434";"25-10-2024";"Magasin";"Livree";"P0060";"4";"0,00";"160,00";"160,00";"81,84";"M08";"V17";"C0055"
"V002435";"25-10-2024";"web";"encours";"P0063";"3";"0,00";"315,00";"315,00";"174,63";"M03";"V06";"C0206"
"V002436";"25-10-2024";"Magasin";"livree";"P0060";"1";"0,00";"40,00";"40,00";"20,46";"M10";"V20";"C0059"
"V002437";"25-10-2024";"Magasin";"EnCours";"P0037";"1";"0,00";"230,00";"230,00";"115,95";"M22";"V53";"C0110"
"V002438";"25-10-2024";"Magasin";"Livree";"P0005";"2";"5,00";"650,00";"617,50";"297,42";"M24";"V58";"C0087"
"V002439";"26-10-2024";"Magasin";"LIVREE";"P0048";"2";"10,00";"3520,00";"3168,00";"1891,52";"M04";"V08";"C0107"
"V002440";"27-10-2024";"MAGASIN";"Livree";"P0043";"2";"0,00";"4460,00";"4460,00";"2397,94";"M06";"V13";"C0212"
"V002441";"27-10-2024";"WEB";"Livree";"P0064";"4";"5,00";"280,00";"266,00";"143,44";"M03";"V06";"C0172"
"V002442";"27-10-2024";"MAGASIN";"livree";"P0034";"3";"0,00";"600,00";"600,00";"355,32";"M16";"V37";"C0035"
"V002443";"28-10-2024";"magasin";"Livree";"P0059";"1";"0,00";"40,00";"40,00";"19,23";"M18";"V43";"C0016"
"V002444";"29-10-2024";"MAGASIN";"Livree";"P0031";"1";"0,00";"150,00";"150,00";"92,24";"M03";"V06";"C0195"
"V002445";"29-10-2024";"web";"livree";"P0053";"1";"0,00";"155,00";"155,00";"83,01";"M19";"V47";"C0121"
"V002446";"29-10-2024";"web";"LIVREE";"P0041";"2";"0,00";"4450,00";"4450,00";"2697,40";"M23";"V55";"C0077"
"V002447";"29-10-2024";"Web";"Livree";"P0035";"1";"0,00";"170,00";"170,00";"91,98";"M01";"V01";"C0210"
"V002448";"29-10-2024";"WEB";"livree";"P0062";"2";"0,00";"260,00";"260,00";"132,26";"M06";"V12";"C0135"
"V002449";"29-10-2024";"Magasin";"LIVREE";"P0022";"3";"0,00";"1290,00";"1290,00";"617,10";"M23";"V55";"C0064"
"V002450";"30-10-2024";"Web";"Livree";"P0060";"2";"0,00";"80,00";"80,00";"40,92";"M25";"V60";"C0153"
"V002451";"30-10-2024";"magasin";"Livree";"P0054";"2";"0,00";"320,00";"320,00";"154,88";"M10";"V22";"C0070"
"V002452";"30-10-2024";"Web";"Livree";"P0052";"1";"0,00";"135,00";"135,00";"72,51";"M22";"V53";"C0174"
"V002453";"30-10-2024";"Magasin";"LIVREE";"P0029";"1";"10,00";"285,00";"256,50";"169,00";"M02";"V05";"C0160"
"V002454";"30-10-2024";"magasin";"Livree";"P0041";"1";"10,00";"2225,00";"2002,50";"1348,70";"M23";"V55";"C0059"
"V002455";"30-10-2024";"Magasin";"Livree";"P0064";"2";"0,00";"140,00";"140,00";"71,72";"M20";"V49";"C0067"
"V002456";"30-10-2024";"Magasin";"Livree";"P0059";"1";"5,00";"40,00";"38,00";"19,23";"M14";"V32";"C0021"
"V002457";"30-10-2024";"MAGASIN";"Livree";"P0003";"1";"0,00";"710,00";"710,00";"395,33";"M22";"V54";"C0216"
"V002458";"31-10-2024";"Web";"Annulee";"P0015";"3";"10,00";"1650,00";"1485,00";"917,25";"M13";"V30";"C0129"
"V002459";"31-10-2024";"Magasin";"Livree";"P0021";"2";"0,00";"820,00";"820,00";"378,82";"M22";"V54";"C0008"
"V002460";"31-10-2024";"Magasin";"Livree";"P0063";"2";"0,00";"210,00";"210,00";"116,42";"M14";"V33";"C0180"
"V002461";"31-10-2024";"Magasin";"livree";"P0027";"1";"0,00";"220,00";"220,00";"106,66";"M05";"V10";"C0117"
"V002462";"31-10-2024";"Web";"livree";"P0058";"1";"0,00";"65,00";"65,00";"31,31";"M19";"V45";"C0205"
"V002463";"01-11-2024";"MAGASIN";"Livree";"P0046";"1";"5,00";"1035,00";"983,25";"615,36";"M06";"V13";"C0202"
"V002464";"01-11-2024";"Magasin";"Livree";"P0024";"1";"0,00";"770,00";"770,00";"465,89";"M02";"V04";"C0069"
"V002465";"01-11-2024";"Magasin";"Livree";"P0030";"2";"5,00";"530,00";"503,50";"251,98";"M05";"V11";"C0208"
"V002466";"01-11-2024";"Magasin";"LIVREE";"P0052";"1";"0,00";"135,00";"135,00";"72,51";"M10";"V22";"C0123"
"V002467";"01-11-2024";"Magasin";"Livree";"P0025";"1";"0,00";"55,00";"55,00";"32,37";"M12";"V26";"C0203"
"V002468";"01-11-2024";"Magasin";"Livree";"P0059";"2";"0,00";"80,00";"80,00";"38,46";"M02";"V04";"C0079"
"V002469";"01-11-2024";"MAGASIN";"Livree";"P0048";"1";"0,00";"1760,00";"1760,00";"945,76";"M17";"V40";"C0095"
"V002470";"02-11-2024";"Magasin";"livree";"P0051";"1";"0,00";"155,00";"155,00";"77,85";"M12";"V26";"C0104"
"V002471";"02-11-2024";"Magasin";"livree";"P0048";"1";"0,00";"1760,00";"1760,00";"945,76";"M02";"V04";"C0084"
"V002472";"02-11-2024";"web";"Livree";"P0036";"3";"10,00";"315,00";"283,50";"173,73";"M11";"V23";"C0077"
"V002473";"02-11-2024";"Web";"Livree";"P0005";"4";"10,00";"1300,00";"1170,00";"594,84";"M10";"V22";"C0191"
"V002474";"02-11-2024";"web";"Livree";"P0040";"2";"0,00";"3820,00";"3820,00";"2077,84";"M23";"V56";"C0139"
"V002475";"02-11-2024";"MAGASIN";"Livree";"P0048";"1";"0,00";"1760,00";"1760,00";"945,76";"M04";"V09";"C0133"
"V002476";"02-11-2024";"magasin";"Livree";"P0063";"1";"0,00";"105,00";"105,00";"58,21";"M02";"V04";"C0158"
"V002477";"02-11-2024";"WEB";"LIVREE";"P0052";"1";"0,00";"135,00";"135,00";"72,51";"M14";"V32";"C0150"
"V002478";"02-11-2024";"Magasin";"Livree";"P0025";"3";"0,00";"165,00";"165,00";"97,11";"M07";"V15";"C0019"
"V002479";"02-11-2024";"MAGASIN";"EnCours";"P0062";"3";"0,00";"390,00";"390,00";"198,39";"M01";"V02";"C0048"
"V002480";"02-11-2024";"Web";"LIVREE";"P0056";"3";"0,00";"75,00";"75,00";"36,45";"M03";"V06";"C0141"
"V002481";"02-11-2024";"Magasin";"Annulee";"P0046";"1";"0,00";"1035,00";"1035,00";"615,36";"M07";"V14";"C0089"
"V002482";"02-11-2024";"Magasin";"Livree";"P0047";"2";"0,00";"3330,00";"3330,00";"2008,14";"M07";"V15";"C0002"
"V002483";"02-11-2024";"magasin";"Livree";"P0062";"1";"0,00";"130,00";"130,00";"66,13";"M18";"V44";"C0169"
"V002484";"02-11-2024";"magasin";"Livree";"P0035";"2";"0,00";"340,00";"340,00";"183,96";"M13";"V31";"C0044"
"V002485";"02-11-2024";"WEB";"encours";"P0056";"1";"0,00";"25,00";"25,00";"12,15";"M08";"V17";"C0026"
"V002486";"03-11-2024";"Web";"LIVREE";"P0006";"4";"0,00";"4300,00";"4300,00";"2628,76";"M01";"V01";"C0011"
"V002487";"03-11-2024";"Web";"LIVREE";"P0015";"2";"0,00";"1100,00";"1100,00";"611,50";"M14";"V32";"C0087"
"V002488";"03-11-2024";"WEB";"Livree";"P0055";"2";"10,00";"80,00";"72,00";"38,42";"M17";"V42";"C0162"
"V002489";"03-11-2024";"Magasin";"livree";"P0058";"1";"0,00";"65,00";"65,00";"31,31";"M25";"V60";"C0011"
"V002490";"03-11-2024";"Magasin";"Livree";"P0024";"1";"0,00";"770,00";"770,00";"465,89";"M24";"V57";"C0084"
"V002491";"03-11-2024";"magasin";"Livree";"P0002";"2";"5,00";"1400,00";"1330,00";"705,52";"M23";"V56";"C0153"
"V002492";"03-11-2024";"web";"LIVREE";"P0044";"2";"0,00";"3600,00";"3600,00";"2106,42";"M17";"V40";"C0209"
"V002493";"03-11-2024";"Magasin";"Livree";"P0006";"1";"0,00";"1075,00";"1075,00";"657,19";"M04";"V08";"C0059"
"V002494";"04-11-2024";"WEB";"livree";"P0039";"2";"5,00";"2970,00";"2821,50";"1347,02";"M12";"V26";"C0185"
"V002495";"04-11-2024";"Magasin";"Livree";"P0037";"4";"5,00";"920,00";"874,00";"463,80";"M24";"V57";"C0178"
"V002496";"04-11-2024";"WEB";"Livree";"P0002";"3";"5,00";"2100,00";"1995,00";"1058,28";"M08";"V16";"C0210"
"V002497";"04-11-2024";"Magasin";"Livree";"P0021";"1";"0,00";"410,00";"410,00";"189,41";"M18";"V43";"C0043"
"V002498";"04-11-2024";"Web";"Annulee";"P0054";"3";"0,00";"480,00";"480,00";"232,32";"M01";"V01";"C0003"
"V002499";"04-11-2024";"Magasin";"Livree";"P0020";"1";"10,00";"385,00";"346,50";"217,97";"M04";"V08";"C0062"
"V002500";"05-11-2024";"MAGASIN";"livree";"P0044";"2";"0,00";"3600,00";"3600,00";"2106,42";"M25";"V60";"C0121"
"V002501";"05-11-2024";"Magasin";"Livree";"P0037";"2";"0,00";"460,00";"460,00";"231,90";"M14";"V32";"C0132"
"V002502";"05-11-2024";"Magasin";"Livree";"P0048";"2";"0,00";"3520,00";"3520,00";"1891,52";"M17";"V40";"C0031"
"V002503";"05-11-2024";"magasin";"Livree";"P0064";"3";"5,00";"210,00";"199,50";"107,58";"M12";"V28";"C0181"
"V002504";"05-11-2024";"magasin";"Livree";"P0058";"1";"0,00";"65,00";"65,00";"31,31";"M06";"V13";"C0126"
"V002505";"05-11-2024";"magasin";"Livree";"P0060";"2";"10,00";"80,00";"72,00";"40,92";"M15";"V36";"C0129"
"V002506";"05-11-2024";"Magasin";"Livree";"P0041";"2";"0,00";"4450,00";"4450,00";"2697,40";"M17";"V40";"C0097"
"V002507";"05-11-2024";"magasin";"Annulee";"P0061";"2";"0,00";"280,00";"280,00";"150,94";"M08";"V16";"C0026"
"V002508";"06-11-2024";"web";"LIVREE";"P0058";"3";"5,00";"195,00";"185,25";"93,93";"M14";"V32";"C0130"
"V002509";"06-11-2024";"Web";"Livree";"P0029";"2";"0,00";"570,00";"570,00";"338,00";"M05";"V10";"C0039"
"V002510";"06-11-2024";"web";"Livree";"P0051";"1";"0,00";"155,00";"155,00";"77,85";"M05";"V10";"C0046"
"V002511";"06-11-2024";"magasin";"Livree";"P0055";"2";"0,00";"80,00";"80,00";"38,42";"M10";"V22";"C0105"
"V002512";"06-11-2024";"web";"Livree";"P0006";"4";"0,00";"4300,00";"4300,00";"2628,76";"M19";"V46";"C0042"
"V002513";"06-11-2024";"Magasin";"Livree";"P0020";"2";"0,00";"770,00";"770,00";"435,94";"M24";"V58";"C0076"
"V002514";"07-11-2024";"Magasin";"livree";"P0054";"1";"0,00";"160,00";"160,00";"77,44";"M08";"V16";"C0127"
"V002515";"07-11-2024";"MAGASIN";"Livree";"P0012";"2";"5,00";"2020,00";"1919,00";"1177,08";"M16";"V37";"C0047"
"V002516";"07-11-2024";"Web";"livree";"P0013";"3";"5,00";"2250,00";"2137,50";"1014,54";"M25";"V59";"C0093"
"V002517";"07-11-2024";"web";"LIVREE";"P0045";"1";"0,00";"325,00";"325,00";"149,19";"M20";"V49";"C0179"
"V002518";"07-11-2024";"WEB";"LIVREE";"P0023";"1";"0,00";"700,00";"700,00";"404,57";"M04";"V09";"C0120"
"V002519";"07-11-2024";"WEB";"EnCours";"P0009";"1";"0,00";"505,00";"505,00";"297,17";"M25";"V59";"C0009"
"V002520";"08-11-2024";"Magasin";"LIVREE";"P0041";"1";"0,00";"2225,00";"2225,00";"1348,70";"M14";"V32";"C0033"
"V002521";"08-11-2024";"Magasin";"livree";"P0028";"1";"10,00";"130,00";"117,00";"67,26";"M09";"V18";"C0164"
"V002522";"08-11-2024";"MAGASIN";"livree";"P0064";"1";"10,00";"70,00";"63,00";"35,86";"M11";"V23";"C0056"
"V002523";"08-11-2024";"Magasin";"LIVREE";"P0011";"2";"0,00";"2300,00";"2300,00";"1343,94";"M04";"V09";"C0178"
"V002524";"09-11-2024";"MAGASIN";"Livree";"P0004";"1";"5,00";"960,00";"912,00";"561,87";"M07";"V14";"C0040"
"V002525";"09-11-2024";"magasin";"LIVREE";"P0044";"1";"5,00";"1800,00";"1710,00";"1053,21";"M22";"V54";"C0218"
"V002526";"09-11-2024";"Magasin";"Livree";"P0037";"2";"0,00";"460,00";"460,00";"231,90";"M07";"V14";"C0128"
"V002527";"09-11-2024";"Magasin";"EnCours";"P0045";"2";"0,00";"650,00";"650,00";"298,38";"M17";"V40";"C0107"
"V002528";"09-11-2024";"Magasin";"Livree";"P0002";"1";"0,00";"700,00";"700,00";"352,76";"M09";"V19";"C0166"
"V002529";"09-11-2024";"WEB";"EnCours";"P0015";"1";"5,00";"550,00";"522,50";"305,75";"M05";"V11";"C0079"
"V002530";"09-11-2024";"magasin";"LIVREE";"P0056";"3";"0,00";"75,00";"75,00";"36,45";"M03";"V06";"C0112"
"V002531";"09-11-2024";"web";"LIVREE";"P0060";"1";"5,00";"40,00";"38,00";"20,46";"M03";"V06";"C0063"
"V002532";"10-11-2024";"WEB";"LIVREE";"P0043";"2";"0,00";"4460,00";"4460,00";"2397,94";"M24";"V58";"C0132"
"V002533";"10-11-2024";"MAGASIN";"livree";"P0061";"2";"0,00";"280,00";"280,00";"150,94";"M21";"V52";"C0136"
"V002534";"10-11-2024";"WEB";"livree";"P0053";"2";"0,00";"310,00";"310,00";"166,02";"M03";"V06";"C0098"
"V002535";"10-11-2024";"magasin";"Livree";"P0044";"1";"0,00";"1800,00";"1800,00";"1053,21";"M07";"V14";"C0046"
"V002536";"10-11-2024";"Magasin";"encours";"P0062";"1";"0,00";"130,00";"130,00";"66,13";"M12";"V26";"C0190"
"V002537";"10-11-2024";"Magasin";"LIVREE";"P0050";"1";"0,00";"230,00";"230,00";"115,83";"M19";"V47";"C0131"
"V002538";"11-11-2024";"Magasin";"Livree";"P0030";"1";"0,00";"265,00";"265,00";"125,99";"M07";"V14";"C0169"
"V002539";"11-11-2024";"Web";"Livree";"P0019";"3";"5,00";"1605,00";"1524,75";"922,44";"M24";"V57";"C0022"
"V002540";"11-11-2024";"Magasin";"livree";"P0058";"1";"0,00";"65,00";"65,00";"31,31";"M10";"V20";"C0174"
"V002541";"11-11-2024";"Web";"Livree";"P0044";"1";"10,00";"1800,00";"1620,00";"1053,21";"M25";"V59";"C0058"
"V002542";"11-11-2024";"MAGASIN";"LIVREE";"P0050";"1";"0,00";"230,00";"230,00";"115,83";"M09";"V19";"C0132"
"V002543";"12-11-2024";"Magasin";"Livree";"P0064";"1";"0,00";"70,00";"70,00";"35,86";"M17";"V40";"C0068"
"V002544";"12-11-2024";"web";"livree";"P0058";"2";"5,00";"130,00";"123,50";"62,62";"M17";"V41";"C0143"
"V002545";"12-11-2024";"Magasin";"Livree";"P0015";"1";"0,00";"550,00";"550,00";"305,75";"M02";"V04";"C0185"
"V002546";"12-11-2024";"web";"LIVREE";"P0064";"1";"5,00";"70,00";"66,50";"35,86";"M20";"V49";"C0010"
"V002547";"12-11-2024";"Web";"LIVREE";"P0063";"1";"0,00";"105,00";"105,00";"58,21";"M10";"V20";"C0073"
"V002548";"12-11-2024";"Magasin";"Livree";"P0037";"1";"0,00";"230,00";"230,00";"115,95";"M07";"V14";"C0021"
"V002549";"12-11-2024";"MAGASIN";"livree";"P0035";"1";"5,00";"170,00";"161,50";"91,98";"M06";"V12";"C0206"
"V002550";"12-11-2024";"Magasin";"LIVREE";"P0034";"1";"0,00";"200,00";"200,00";"118,44";"M14";"V32";"C0124"
"V002551";"12-11-2024";"Web";"Livree";"P0012";"4";"5,00";"4040,00";"3838,00";"2354,16";"M19";"V45";"C0074"
"V002552";"12-11-2024";"Magasin";"Livree";"P0056";"1";"0,00";"25,00";"25,00";"12,15";"M18";"V44";"C0006"
"V002553";"13-11-2024";"Magasin";"Livree";"P0027";"3";"0,00";"660,00";"660,00";"319,98";"M07";"V15";"C0147"
"V002554";"13-11-2024";"Magasin";"livree";"P0054";"1";"5,00";"160,00";"152,00";"77,44";"M18";"V43";"C0114"
"V002555";"13-11-2024";"magasin";"Livree";"P0049";"1";"0,00";"1770,00";"1770,00";"798,07";"M18";"V43";"C0120"
"V002556";"13-11-2024";"MAGASIN";"Annulee";"P0051";"1";"0,00";"155,00";"155,00";"77,85";"M13";"V29";"C0170"
"V002557";"13-11-2024";"web";"Livree";"P0035";"1";"0,00";"170,00";"170,00";"91,98";"M20";"V49";"C0131"
"V002558";"13-11-2024";"web";"EnCours";"P0046";"1";"0,00";"1035,00";"1035,00";"615,36";"M20";"V48";"C0043"
"V002559";"13-11-2024";"magasin";"LIVREE";"P0018";"1";"0,00";"865,00";"865,00";"441,11";"M13";"V29";"C0169"
"V002560";"13-11-2024";"web";"Livree";"P0041";"1";"5,00";"2225,00";"2113,75";"1348,70";"M22";"V53";"C0054"
"V002561";"13-11-2024";"Magasin";"livree";"P0051";"1";"0,00";"155,00";"155,00";"77,85";"M17";"V40";"C0175"
"V002562";"13-11-2024";"web";"Livree";"P0039";"1";"0,00";"1485,00";"1485,00";"673,51";"M16";"V37";"C0108"
"V002563";"13-11-2024";"Magasin";"LIVREE";"P0055";"2";"0,00";"80,00";"80,00";"38,42";"M19";"V45";"C0109"
"V002564";"14-11-2024";"Magasin";"Livree";"P0055";"1";"0,00";"40,00";"40,00";"19,21";"M23";"V55";"C0148"
"V002565";"14-11-2024";"Magasin";"livree";"P0001";"2";"0,00";"2110,00";"2110,00";"1255,28";"M12";"V28";"C0201"
"V002566";"14-11-2024";"Magasin";"encours";"P0058";"1";"0,00";"65,00";"65,00";"31,31";"M21";"V51";"C0013"
"V002567";"14-11-2024";"WEB";"Livree";"P0045";"2";"0,00";"650,00";"650,00";"298,38";"M15";"V34";"C0097"
"V002568";"14-11-2024";"magasin";"Livree";"P0047";"1";"0,00";"1665,00";"1665,00";"1004,07";"M21";"V51";"C0111"
"V002569";"14-11-2024";"Magasin";"LIVREE";"P0035";"1";"10,00";"170,00";"153,00";"91,98";"M21";"V52";"C0199"
"V002570";"14-11-2024";"Magasin";"Livree";"P0017";"2";"0,00";"900,00";"900,00";"513,66";"M16";"V37";"C0054"
"V002571";"14-11-2024";"magasin";"encours";"P0059";"1";"0,00";"40,00";"40,00";"19,23";"M24";"V58";"C0106"
"V002572";"14-11-2024";"magasin";"Livree";"P0061";"2";"0,00";"280,00";"280,00";"150,94";"M18";"V43";"C0003"
"V002573";"14-11-2024";"Web";"Livree";"P0045";"2";"0,00";"650,00";"650,00";"298,38";"M01";"V02";"C0015"
"V002574";"15-11-2024";"Magasin";"livree";"P0055";"3";"0,00";"120,00";"120,00";"57,63";"M22";"V53";"C0109"
"V002575";"15-11-2024";"Magasin";"Livree";"P0049";"2";"0,00";"3540,00";"3540,00";"1596,14";"M02";"V04";"C0085"
"V002576";"15-11-2024";"Web";"Livree";"P0064";"3";"0,00";"210,00";"210,00";"107,58";"M22";"V54";"C0085"
"V002577";"15-11-2024";"web";"LIVREE";"P0053";"1";"0,00";"155,00";"155,00";"83,01";"M11";"V25";"C0047"
"V002578";"15-11-2024";"WEB";"Livree";"P0031";"1";"10,00";"150,00";"135,00";"92,24";"M03";"V06";"C0070"
"V002579";"15-11-2024";"Magasin";"EnCours";"P0040";"1";"5,00";"1910,00";"1814,50";"1038,92";"M03";"V06";"C0149"
"V002580";"16-11-2024";"Web";"Annulee";"P0054";"3";"5,00";"480,00";"456,00";"232,32";"M16";"V37";"C0168"
"V002581";"16-11-2024";"web";"LIVREE";"P0052";"1";"0,00";"135,00";"135,00";"72,51";"M01";"V01";"C0093"
"V002582";"16-11-2024";"Magasin";"EnCours";"P0020";"1";"10,00";"385,00";"346,50";"217,97";"M07";"V15";"C0099"
"V002583";"16-11-2024";"Magasin";"Livree";"P0063";"1";"5,00";"105,00";"99,75";"58,21";"M22";"V54";"C0133"
"V002584";"17-11-2024";"web";"Livree";"P0029";"1";"10,00";"285,00";"256,50";"169,00";"M13";"V31";"C0033"
"V002585";"17-11-2024";"magasin";"Livree";"P0054";"1";"5,00";"160,00";"152,00";"77,44";"M15";"V34";"C0174"
"V002586";"18-11-2024";"web";"EnCours";"P0012";"1";"0,00";"1010,00";"1010,00";"588,54";"M09";"V19";"C0051"
"V002587";"18-11-2024";"Magasin";"LIVREE";"P0064";"2";"5,00";"140,00";"133,00";"71,72";"M16";"V37";"C0002"
"V002588";"18-11-2024";"magasin";"Livree";"P0029";"1";"5,00";"285,00";"270,75";"169,00";"M24";"V58";"C0017"
"V002589";"19-11-2024";"Magasin";"Livree";"P0054";"1";"0,00";"160,00";"160,00";"77,44";"M25";"V59";"C0201"
"V002590";"19-11-2024";"Magasin";"Livree";"P0045";"3";"0,00";"975,00";"975,00";"447,57";"M23";"V55";"C0130"
"V002591";"19-11-2024";"Magasin";"Livree";"P0008";"1";"5,00";"495,00";"470,25";"243,76";"M22";"V53";"C0195"
"V002592";"19-11-2024";"Magasin";"livree";"P0055";"1";"5,00";"40,00";"38,00";"19,21";"M11";"V24";"C0062"
"V002593";"19-11-2024";"WEB";"Livree";"P0011";"3";"0,00";"3450,00";"3450,00";"2015,91";"M16";"V39";"C0139"
"V002594";"19-11-2024";"Web";"Livree";"P0042";"2";"5,00";"4090,00";"3885,50";"2473,28";"M12";"V27";"C0028"
"V002595";"19-11-2024";"magasin";"livree";"P0003";"2";"0,00";"1420,00";"1420,00";"790,66";"M21";"V52";"C0026"
"V002596";"19-11-2024";"magasin";"Livree";"P0036";"1";"0,00";"105,00";"105,00";"57,91";"M11";"V24";"C0023"
"V002597";"19-11-2024";"Web";"EnCours";"P0042";"2";"0,00";"4090,00";"4090,00";"2473,28";"M25";"V59";"C0206"
"V002598";"19-11-2024";"Magasin";"encours";"P0053";"2";"0,00";"310,00";"310,00";"166,02";"M07";"V14";"C0020"
"V002599";"19-11-2024";"web";"Livree";"P0007";"1";"0,00";"955,00";"955,00";"443,15";"M10";"V21";"C0056"
"V002600";"19-11-2024";"Web";"Livree";"P0049";"1";"0,00";"1770,00";"1770,00";"798,07";"M22";"V54";"C0033"
"V002601";"20-11-2024";"Magasin";"LIVREE";"P0030";"3";"10,00";"795,00";"715,50";"377,97";"M11";"V23";"C0119"
"V002602";"20-11-2024";"Web";"Livree";"P0062";"1";"5,00";"130,00";"123,50";"66,13";"M02";"V05";"C0102"
"V002603";"20-11-2024";"Web";"Livree";"P0052";"2";"0,00";"270,00";"270,00";"145,02";"M01";"V02";"C0079"
"V002604";"20-11-2024";"Magasin";"Livree";"P0015";"2";"0,00";"1100,00";"1100,00";"611,50";"M21";"V51";"C0080"
"V002605";"20-11-2024";"Magasin";"LIVREE";"P0053";"1";"0,00";"155,00";"155,00";"83,01";"M21";"V51";"C0021"
"V002606";"21-11-2024";"Magasin";"LIVREE";"P0059";"1";"0,00";"40,00";"40,00";"19,23";"M23";"V56";"C0096"
"V002607";"21-11-2024";"MAGASIN";"Livree";"P0045";"2";"0,00";"650,00";"650,00";"298,38";"M11";"V23";"C0054"
"V002608";"21-11-2024";"Web";"Livree";"P0036";"3";"0,00";"315,00";"315,00";"173,73";"M04";"V09";"C0125"
"V002609";"21-11-2024";"WEB";"Livree";"P0058";"1";"0,00";"65,00";"65,00";"31,31";"M01";"V02";"C0127"
"V002610";"21-11-2024";"Magasin";"Livree";"P0064";"2";"0,00";"140,00";"140,00";"71,72";"M18";"V43";"C0136"
"V002611";"21-11-2024";"MAGASIN";"LIVREE";"P0013";"3";"0,00";"2250,00";"2250,00";"1014,54";"M14";"V32";"C0036"
"V002612";"21-11-2024";"WEB";"Livree";"P0010";"3";"0,00";"2865,00";"2865,00";"1538,82";"M10";"V21";"C0037"
"V002613";"22-11-2024";"Magasin";"Livree";"P0004";"1";"10,00";"960,00";"864,00";"561,87";"M05";"V10";"C0045"
"V002614";"22-11-2024";"magasin";"Livree";"P0048";"2";"0,00";"3520,00";"3520,00";"1891,52";"M06";"V12";"C0096"
"V002615";"22-11-2024";"Web";"livree";"P0001";"3";"0,00";"3165,00";"3165,00";"1882,92";"M18";"V44";"C0159"
"V002616";"22-11-2024";"Magasin";"Livree";"P0049";"1";"0,00";"1770,00";"1770,00";"798,07";"M14";"V32";"C0055"
"V002617";"22-11-2024";"Magasin";"Livree";"P0064";"1";"0,00";"70,00";"70,00";"35,86";"M15";"V36";"C0152"
"V002618";"22-11-2024";"Magasin";"Annulee";"P0057";"3";"0,00";"60,00";"60,00";"32,67";"M18";"V44";"C0211"
"V002619";"23-11-2024";"Magasin";"Livree";"P0045";"2";"0,00";"650,00";"650,00";"298,38";"M02";"V05";"C0095"
"V002620";"23-11-2024";"Magasin";"Livree";"P0049";"3";"0,00";"5310,00";"5310,00";"2394,21";"M11";"V23";"C0042"
"V002621";"23-11-2024";"magasin";"livree";"P0053";"1";"0,00";"155,00";"155,00";"83,01";"M13";"V30";"C0005"
"V002622";"23-11-2024";"MAGASIN";"EnCours";"P0012";"1";"0,00";"1010,00";"1010,00";"588,54";"M10";"V21";"C0195"
"V002623";"23-11-2024";"Web";"Livree";"P0062";"1";"0,00";"130,00";"130,00";"66,13";"M07";"V15";"C0044"
"V002624";"23-11-2024";"web";"LIVREE";"P0026";"3";"0,00";"825,00";"825,00";"412,35";"M11";"V24";"C0172"
"V002625";"24-11-2024";"MAGASIN";"Annulee";"P0059";"3";"0,00";"120,00";"120,00";"57,69";"M08";"V17";"C0182"
"V002626";"24-11-2024";"MAGASIN";"Annulee";"P0033";"3";"0,00";"150,00";"150,00";"68,19";"M22";"V53";"C0217"
"V002627";"24-11-2024";"magasin";"Livree";"P0045";"2";"10,00";"650,00";"585,00";"298,38";"M03";"V07";"C0099"
"V002628";"24-11-2024";"Magasin";"EnCours";"P0064";"4";"0,00";"280,00";"280,00";"143,44";"M05";"V11";"C0024"
"V002629";"24-11-2024";"MAGASIN";"EnCours";"P0037";"1";"5,00";"230,00";"218,50";"115,95";"M14";"V33";"C0081"
"V002630";"24-11-2024";"Web";"livree";"P0061";"1";"0,00";"140,00";"140,00";"75,47";"M09";"V19";"C0132"
"V002631";"24-11-2024";"magasin";"LIVREE";"P0056";"1";"0,00";"25,00";"25,00";"12,15";"M06";"V12";"C0011"
"V002632";"25-11-2024";"web";"LIVREE";"P0030";"2";"0,00";"530,00";"530,00";"251,98";"M12";"V26";"C0079"
"V002633";"26-11-2024";"MAGASIN";"Livree";"P0063";"4";"10,00";"420,00";"378,00";"232,84";"M16";"V37";"C0143"
"V002634";"26-11-2024";"WEB";"Livree";"P0054";"2";"5,00";"320,00";"304,00";"154,88";"M25";"V59";"C0165"
"V002635";"26-11-2024";"Magasin";"livree";"P0002";"1";"0,00";"700,00";"700,00";"352,76";"M15";"V35";"C0107"
"V002636";"26-11-2024";"WEB";"Livree";"P0044";"1";"10,00";"1800,00";"1620,00";"1053,21";"M09";"V19";"C0183"
"V002637";"26-11-2024";"WEB";"livree";"P0036";"1";"5,00";"105,00";"99,75";"57,91";"M25";"V60";"C0006"
"V002638";"26-11-2024";"magasin";"Livree";"P0059";"1";"0,00";"40,00";"40,00";"19,23";"M11";"V24";"C0115"
"V002639";"26-11-2024";"Magasin";"Livree";"P0045";"2";"0,00";"650,00";"650,00";"298,38";"M25";"V60";"C0117"
"V002640";"26-11-2024";"Magasin";"LIVREE";"P0052";"2";"0,00";"270,00";"270,00";"145,02";"M04";"V09";"C0211"
"V002641";"26-11-2024";"Magasin";"Livree";"P0050";"1";"5,00";"230,00";"218,50";"115,83";"M07";"V14";"C0142"
"V002642";"27-11-2024";"web";"encours";"P0058";"1";"0,00";"65,00";"65,00";"31,31";"M06";"V12";"C0089"
"V002643";"27-11-2024";"Magasin";"Livree";"P0037";"2";"10,00";"460,00";"414,00";"231,90";"M09";"V19";"C0013"
"V002644";"27-11-2024";"Magasin";"Livree";"P0051";"2";"10,00";"310,00";"279,00";"155,70";"M14";"V33";"C0203"
"V002645";"27-11-2024";"Magasin";"Livree";"P0049";"1";"5,00";"1770,00";"1681,50";"798,07";"M11";"V24";"C0056"
"V002646";"27-11-2024";"Magasin";"livree";"P0064";"1";"0,00";"70,00";"70,00";"35,86";"M03";"V07";"C0080"
"V002647";"27-11-2024";"Magasin";"livree";"P0003";"2";"0,00";"1420,00";"1420,00";"790,66";"M11";"V23";"C0138"
"V002648";"27-11-2024";"Web";"livree";"P0004";"1";"0,00";"960,00";"960,00";"561,87";"M12";"V26";"C0056"
"V002649";"27-11-2024";"magasin";"livree";"P0064";"1";"5,00";"70,00";"66,50";"35,86";"M10";"V20";"C0209"
"V002650";"27-11-2024";"Magasin";"LIVREE";"P0061";"2";"0,00";"280,00";"280,00";"150,94";"M18";"V43";"C0088"
"V002651";"28-11-2024";"WEB";"LIVREE";"P0042";"1";"0,00";"2045,00";"2045,00";"1236,64";"M13";"V29";"C0061"
"V002652";"28-11-2024";"magasin";"LIVREE";"P0038";"3";"0,00";"690,00";"690,00";"357,96";"M13";"V30";"C0171"
"V002653";"28-11-2024";"Magasin";"LIVREE";"P0057";"2";"0,00";"40,00";"40,00";"21,78";"M15";"V34";"C0007"
"V002654";"29-11-2024";"Magasin";"livree";"P0052";"2";"0,00";"270,00";"270,00";"145,02";"M22";"V54";"C0048"
"V002655";"29-11-2024";"Magasin";"Annulee";"P0060";"1";"0,00";"40,00";"40,00";"20,46";"M12";"V28";"C0031"
"V002656";"29-11-2024";"Magasin";"Livree";"P0052";"2";"5,00";"270,00";"256,50";"145,02";"M18";"V43";"C0178"
"V002657";"29-11-2024";"Magasin";"Livree";"P0019";"2";"10,00";"1070,00";"963,00";"614,96";"M23";"V55";"C0145"
"V002658";"29-11-2024";"MAGASIN";"Livree";"P0018";"1";"10,00";"865,00";"778,50";"441,11";"M21";"V51";"C0017"
"V002659";"29-11-2024";"Magasin";"LIVREE";"P0018";"1";"0,00";"865,00";"865,00";"441,11";"M05";"V11";"C0026"
"V002660";"29-11-2024";"magasin";"Livree";"P0036";"1";"5,00";"105,00";"99,75";"57,91";"M17";"V40";"C0083"
"V002661";"30-11-2024";"MAGASIN";"LIVREE";"P0024";"1";"0,00";"770,00";"770,00";"465,89";"M07";"V14";"C0131"
"V002662";"30-11-2024";"web";"Livree";"P0051";"1";"0,00";"155,00";"155,00";"77,85";"M24";"V58";"C0204"
"V002663";"30-11-2024";"Magasin";"LIVREE";"P0062";"3";"0,00";"390,00";"390,00";"198,39";"M07";"V15";"C0136"
"V002664";"30-11-2024";"web";"LIVREE";"P0061";"1";"0,00";"140,00";"140,00";"75,47";"M14";"V33";"C0122"
"V002665";"30-11-2024";"Web";"LIVREE";"P0049";"1";"5,00";"1770,00";"1681,50";"798,07";"M22";"V53";"C0193"
"V002666";"30-11-2024";"magasin";"Livree";"P0058";"1";"0,00";"65,00";"65,00";"31,31";"M06";"V13";"C0104"
"V002667";"30-11-2024";"magasin";"Livree";"P0062";"1";"0,00";"130,00";"130,00";"66,13";"M12";"V28";"C0053"
"V002668";"30-11-2024";"MAGASIN";"encours";"P0016";"1";"0,00";"385,00";"385,00";"178,74";"M14";"V32";"C0090"
"V002669";"30-11-2024";"web";"Livree";"P0064";"2";"5,00";"140,00";"133,00";"71,72";"M16";"V39";"C0164"
"V002670";"01-12-2024";"MAGASIN";"Livree";"P0062";"4";"5,00";"520,00";"494,00";"264,52";"M08";"V17";"C0081"
"V002671";"01-12-2024";"Web";"livree";"P0058";"1";"0,00";"65,00";"65,00";"31,31";"M24";"V58";"C0141"
"V002672";"01-12-2024";"magasin";"LIVREE";"P0063";"1";"5,00";"105,00";"99,75";"58,21";"M16";"V37";"C0196"
"V002673";"01-12-2024";"MAGASIN";"Livree";"P0013";"3";"0,00";"2250,00";"2250,00";"1014,54";"M20";"V49";"C0219"
"V002674";"01-12-2024";"MAGASIN";"Livree";"P0058";"1";"0,00";"65,00";"65,00";"31,31";"M07";"V15";"C0199"
"V002675";"01-12-2024";"Web";"Livree";"P0002";"1";"10,00";"700,00";"630,00";"352,76";"M13";"V31";"C0200"
"V002676";"01-12-2024";"Magasin";"Livree";"P0035";"1";"0,00";"170,00";"170,00";"91,98";"M03";"V07";"C0085"
"V002677";"01-12-2024";"MAGASIN";"Livree";"P0018";"1";"10,00";"865,00";"778,50";"441,11";"M15";"V34";"C0019"
"V002678";"01-12-2024";"web";"livree";"P0007";"4";"0,00";"3820,00";"3820,00";"1772,60";"M03";"V07";"C0054"
"V002679";"01-12-2024";"Magasin";"livree";"P0056";"1";"0,00";"25,00";"25,00";"12,15";"M13";"V31";"C0044"
"V002680";"01-12-2024";"web";"livree";"P0056";"1";"0,00";"25,00";"25,00";"12,15";"M17";"V41";"C0213"
"V002681";"01-12-2024";"Web";"Livree";"P0055";"2";"0,00";"80,00";"80,00";"38,42";"M21";"V52";"C0101"
"V002682";"01-12-2024";"Magasin";"Livree";"P0010";"1";"0,00";"955,00";"955,00";"512,94";"M04";"V09";"C0017"
"V002683";"01-12-2024";"WEB";"Livree";"P0003";"2";"0,00";"1420,00";"1420,00";"790,66";"M18";"V44";"C0038"
"V002684";"01-12-2024";"Magasin";"LIVREE";"P0018";"2";"0,00";"1730,00";"1730,00";"882,22";"M02";"V04";"C0123"
"V002685";"01-12-2024";"Magasin";"Livree";"P0019";"1";"5,00";"535,00";"508,25";"307,48";"M05";"V10";"C0022"
"V002686";"01-12-2024";"magasin";"livree";"P0004";"1";"0,00";"960,00";"960,00";"561,87";"M08";"V16";"C0121"
"V002687";"01-12-2024";"Web";"LIVREE";"P0022";"2";"0,00";"860,00";"860,00";"411,40";"M01";"V01";"C0117"
"V002688";"02-12-2024";"Magasin";"encours";"P0011";"2";"0,00";"2300,00";"2300,00";"1343,94";"M23";"V56";"C0159"
"V002689";"02-12-2024";"Magasin";"EnCours";"P0053";"2";"0,00";"310,00";"310,00";"166,02";"M22";"V54";"C0219"
"V002690";"02-12-2024";"Magasin";"EnCours";"P0011";"3";"5,00";"3450,00";"3277,50";"2015,91";"M01";"V02";"C0129"
"V002691";"02-12-2024";"Web";"LIVREE";"P0003";"4";"0,00";"2840,00";"2840,00";"1581,32";"M20";"V50";"C0011"
"V002692";"02-12-2024";"Web";"LIVREE";"P0002";"2";"0,00";"1400,00";"1400,00";"705,52";"M17";"V42";"C0109"
"V002693";"02-12-2024";"magasin";"Livree";"P0051";"4";"5,00";"620,00";"589,00";"311,40";"M18";"V44";"C0047"
"V002694";"02-12-2024";"Magasin";"Livree";"P0062";"2";"0,00";"260,00";"260,00";"132,26";"M20";"V48";"C0088"
"V002695";"02-12-2024";"Magasin";"livree";"P0014";"1";"5,00";"635,00";"603,25";"333,47";"M21";"V51";"C0127"
"V002696";"02-12-2024";"Magasin";"LIVREE";"P0016";"2";"0,00";"770,00";"770,00";"357,48";"M23";"V55";"C0057"
"V002697";"02-12-2024";"MAGASIN";"Livree";"P0056";"2";"5,00";"50,00";"47,50";"24,30";"M25";"V59";"C0157"
"V002698";"02-12-2024";"web";"LIVREE";"P0013";"1";"10,00";"750,00";"675,00";"338,18";"M25";"V59";"C0006"
"V002699";"02-12-2024";"WEB";"Annulee";"P0007";"1";"10,00";"955,00";"859,50";"443,15";"M18";"V43";"C0033"
"V002700";"02-12-2024";"magasin";"LIVREE";"P0061";"1";"0,00";"140,00";"140,00";"75,47";"M08";"V17";"C0183"
"V002701";"03-12-2024";"magasin";"Annulee";"P0062";"2";"5,00";"260,00";"247,00";"132,26";"M22";"V54";"C0169"
"V002702";"03-12-2024";"magasin";"Livree";"P0011";"4";"0,00";"4600,00";"4600,00";"2687,88";"M02";"V04";"C0100"
"V002703";"03-12-2024";"MAGASIN";"Livree";"P0022";"2";"5,00";"860,00";"817,00";"411,40";"M14";"V32";"C0204"
"V002704";"03-12-2024";"Magasin";"livree";"P0056";"2";"0,00";"50,00";"50,00";"24,30";"M19";"V46";"C0206"
"V002705";"03-12-2024";"Web";"Livree";"P0037";"1";"0,00";"230,00";"230,00";"115,95";"M01";"V03";"C0120"
"V002706";"03-12-2024";"web";"Livree";"P0057";"3";"5,00";"60,00";"57,00";"32,67";"M22";"V53";"C0202"
"V002707";"03-12-2024";"Magasin";"livree";"P0043";"2";"5,00";"4460,00";"4237,00";"2397,94";"M13";"V29";"C0028"
"V002708";"03-12-2024";"Magasin";"livree";"P0063";"2";"10,00";"210,00";"189,00";"116,42";"M02";"V04";"C0040"
"V002709";"03-12-2024";"Magasin";"LIVREE";"P0010";"2";"5,00";"1910,00";"1814,50";"1025,88";"M16";"V37";"C0011"
"V002710";"03-12-2024";"Magasin";"Livree";"P0060";"2";"0,00";"80,00";"80,00";"40,92";"M09";"V19";"C0048"
"V002711";"03-12-2024";"Magasin";"livree";"P0005";"1";"0,00";"325,00";"325,00";"148,71";"M11";"V25";"C0219"
"V002712";"04-12-2024";"Magasin";"encours";"P0062";"1";"0,00";"130,00";"130,00";"66,13";"M20";"V49";"C0039"
"V002713";"04-12-2024";"web";"Livree";"P0003";"3";"5,00";"2130,00";"2023,50";"1185,99";"M01";"V03";"C0194"
"V002714";"04-12-2024";"MAGASIN";"EnCours";"P0028";"1";"5,00";"130,00";"123,50";"67,26";"M04";"V09";"C0198"
"V002715";"04-12-2024";"magasin";"Livree";"P0058";"2";"0,00";"130,00";"130,00";"62,62";"M16";"V38";"C0012"
"V002716";"04-12-2024";"magasin";"Livree";"P0006";"3";"10,00";"3225,00";"2902,50";"1971,57";"M11";"V24";"C0048"
"V002717";"04-12-2024";"web";"Livree";"P0024";"1";"0,00";"770,00";"770,00";"465,89";"M23";"V55";"C0046"
"V002718";"04-12-2024";"Magasin";"encours";"P0061";"1";"5,00";"140,00";"133,00";"75,47";"M03";"V07";"C0050"
"V002719";"04-12-2024";"Magasin";"Livree";"P0017";"2";"0,00";"900,00";"900,00";"513,66";"M14";"V33";"C0082"
"V002720";"04-12-2024";"magasin";"Livree";"P0024";"2";"0,00";"1540,00";"1540,00";"931,78";"M19";"V45";"C0175"
"V002721";"04-12-2024";"magasin";"LIVREE";"P0056";"1";"0,00";"25,00";"25,00";"12,15";"M08";"V16";"C0175"
"V002722";"04-12-2024";"Magasin";"Livree";"P0001";"4";"0,00";"4220,00";"4220,00";"2510,56";"M24";"V58";"C0202"
"V002723";"04-12-2024";"Magasin";"LIVREE";"P0003";"2";"5,00";"1420,00";"1349,00";"790,66";"M19";"V46";"C0046"
"V002724";"04-12-2024";"Magasin";"EnCours";"P0009";"2";"0,00";"1010,00";"1010,00";"594,34";"M10";"V21";"C0008"
"V002725";"04-12-2024";"Magasin";"Livree";"P0053";"2";"0,00";"310,00";"310,00";"166,02";"M24";"V58";"C0098"
"V002726";"04-12-2024";"magasin";"livree";"P0031";"2";"0,00";"300,00";"300,00";"184,48";"M18";"V44";"C0126"
"V002727";"05-12-2024";"Magasin";"livree";"P0048";"1";"0,00";"1760,00";"1760,00";"945,76";"M16";"V37";"C0141"
"V002728";"05-12-2024";"Magasin";"EnCours";"P0011";"1";"0,00";"1150,00";"1150,00";"671,97";"M07";"V14";"C0030"
"V002729";"05-12-2024";"magasin";"Livree";"P0012";"2";"0,00";"2020,00";"2020,00";"1177,08";"M08";"V16";"C0181"
"V002730";"05-12-2024";"Magasin";"Livree";"P0060";"3";"5,00";"120,00";"114,00";"61,38";"M12";"V27";"C0209"
"V002731";"05-12-2024";"Web";"LIVREE";"P0024";"1";"5,00";"770,00";"731,50";"465,89";"M09";"V19";"C0198"
"V002732";"05-12-2024";"Magasin";"Livree";"P0012";"4";"5,00";"4040,00";"3838,00";"2354,16";"M19";"V47";"C0148"
"V002733";"05-12-2024";"web";"LIVREE";"P0009";"2";"0,00";"1010,00";"1010,00";"594,34";"M19";"V45";"C0214"
"V002734";"05-12-2024";"Web";"Livree";"P0010";"3";"0,00";"2865,00";"2865,00";"1538,82";"M25";"V59";"C0084"
"V002735";"05-12-2024";"Web";"Livree";"P0001";"1";"5,00";"1055,00";"1002,25";"627,64";"M24";"V57";"C0203"
"V002736";"05-12-2024";"Magasin";"Livree";"P0009";"3";"0,00";"1515,00";"1515,00";"891,51";"M18";"V44";"C0013"
"V002737";"05-12-2024";"magasin";"LIVREE";"P0061";"3";"0,00";"420,00";"420,00";"226,41";"M21";"V52";"C0157"
"V002738";"05-12-2024";"magasin";"livree";"P0064";"1";"0,00";"70,00";"70,00";"35,86";"M13";"V31";"C0077"
"V002739";"06-12-2024";"magasin";"Livree";"P0036";"3";"0,00";"315,00";"315,00";"173,73";"M09";"V18";"C0090"
"V002740";"06-12-2024";"MAGASIN";"EnCours";"P0063";"1";"0,00";"105,00";"105,00";"58,21";"M18";"V43";"C0019"
"V002741";"06-12-2024";"Magasin";"Livree";"P0010";"1";"0,00";"955,00";"955,00";"512,94";"M06";"V12";"C0134"
"V002742";"06-12-2024";"Web";"LIVREE";"P0056";"3";"0,00";"75,00";"75,00";"36,45";"M01";"V02";"C0071"
"V002743";"06-12-2024";"Magasin";"Livree";"P0006";"3";"5,00";"3225,00";"3063,75";"1971,57";"M08";"V17";"C0203"
"V002744";"06-12-2024";"Magasin";"Livree";"P0048";"1";"10,00";"1760,00";"1584,00";"945,76";"M21";"V51";"C0122"
"V002745";"06-12-2024";"Web";"livree";"P0058";"2";"0,00";"130,00";"130,00";"62,62";"M24";"V57";"C0122"
"V002746";"06-12-2024";"magasin";"LIVREE";"P0007";"2";"0,00";"1910,00";"1910,00";"886,30";"M11";"V23";"C0170"
"V002747";"06-12-2024";"Web";"Livree";"P0051";"2";"0,00";"310,00";"310,00";"155,70";"M04";"V08";"C0200"
"V002748";"06-12-2024";"web";"Livree";"P0012";"1";"0,00";"1010,00";"1010,00";"588,54";"M01";"V02";"C0153"
"V002749";"06-12-2024";"magasin";"Livree";"P0008";"4";"0,00";"1980,00";"1980,00";"975,04";"M08";"V16";"C0037"
"V002750";"07-12-2024";"Web";"Livree";"P0018";"1";"0,00";"865,00";"865,00";"441,11";"M17";"V42";"C0216"
"V002751";"07-12-2024";"Magasin";"Livree";"P0061";"2";"0,00";"280,00";"280,00";"150,94";"M09";"V19";"C0034"
"V002752";"07-12-2024";"Magasin";"Livree";"P0063";"2";"0,00";"210,00";"210,00";"116,42";"M16";"V38";"C0035"
"V002753";"07-12-2024";"MAGASIN";"LIVREE";"P0060";"2";"5,00";"80,00";"76,00";"40,92";"M22";"V54";"C0185"
"V002754";"07-12-2024";"magasin";"EnCours";"P0048";"1";"10,00";"1760,00";"1584,00";"945,76";"M03";"V07";"C0032"
"V002755";"07-12-2024";"MAGASIN";"Annulee";"P0012";"2";"0,00";"2020,00";"2020,00";"1177,08";"M25";"V60";"C0131"
"V002756";"07-12-2024";"Magasin";"Livree";"P0003";"2";"0,00";"1420,00";"1420,00";"790,66";"M01";"V02";"C0048"
"V002757";"07-12-2024";"MAGASIN";"Annulee";"P0019";"1";"0,00";"535,00";"535,00";"307,48";"M02";"V05";"C0143"
"V002758";"07-12-2024";"Magasin";"Annulee";"P0014";"1";"0,00";"635,00";"635,00";"333,47";"M03";"V06";"C0028"
"V002759";"07-12-2024";"Web";"livree";"P0006";"1";"0,00";"1075,00";"1075,00";"657,19";"M04";"V09";"C0007"
"V002760";"07-12-2024";"MAGASIN";"livree";"P0047";"1";"0,00";"1665,00";"1665,00";"1004,07";"M09";"V19";"C0010"
"V002761";"07-12-2024";"web";"Livree";"P0011";"1";"5,00";"1150,00";"1092,50";"671,97";"M17";"V41";"C0044"
"V002762";"07-12-2024";"WEB";"Annulee";"P0015";"2";"5,00";"1100,00";"1045,00";"611,50";"M12";"V28";"C0031"
"V002763";"07-12-2024";"Web";"livree";"P0055";"2";"0,00";"80,00";"80,00";"38,42";"M08";"V17";"C0218"
"V002764";"07-12-2024";"MAGASIN";"LIVREE";"P0052";"1";"0,00";"135,00";"135,00";"72,51";"M01";"V03";"C0146"
"V002765";"08-12-2024";"Web";"livree";"P0058";"1";"0,00";"65,00";"65,00";"31,31";"M16";"V38";"C0011"
"V002766";"08-12-2024";"WEB";"EnCours";"P0064";"1";"10,00";"70,00";"63,00";"35,86";"M10";"V21";"C0035"
"V002767";"08-12-2024";"Magasin";"livree";"P0064";"3";"0,00";"210,00";"210,00";"107,58";"M25";"V59";"C0043"
"V002768";"08-12-2024";"MAGASIN";"livree";"P0014";"4";"0,00";"2540,00";"2540,00";"1333,88";"M02";"V04";"C0216"
"V002769";"08-12-2024";"Magasin";"Livree";"P0043";"1";"0,00";"2230,00";"2230,00";"1198,97";"M07";"V14";"C0059"
"V002770";"08-12-2024";"web";"livree";"P0023";"3";"0,00";"2100,00";"2100,00";"1213,71";"M15";"V35";"C0028"
"V002771";"08-12-2024";"Web";"Livree";"P0033";"2";"5,00";"100,00";"95,00";"45,46";"M01";"V02";"C0013"
"V002772";"08-12-2024";"Web";"Livree";"P0051";"1";"0,00";"155,00";"155,00";"77,85";"M02";"V04";"C0009"
"V002773";"08-12-2024";"MAGASIN";"Livree";"P0044";"2";"0,00";"3600,00";"3600,00";"2106,42";"M02";"V04";"C0132"
"V002774";"08-12-2024";"Magasin";"livree";"P0022";"2";"0,00";"860,00";"860,00";"411,40";"M07";"V14";"C0019"
"V002775";"08-12-2024";"web";"LIVREE";"P0002";"2";"0,00";"1400,00";"1400,00";"705,52";"M16";"V38";"C0211"
"V002776";"08-12-2024";"Magasin";"Livree";"P0029";"1";"0,00";"285,00";"285,00";"169,00";"M01";"V03";"C0188"
"V002777";"08-12-2024";"Web";"Livree";"P0003";"1";"5,00";"710,00";"674,50";"395,33";"M14";"V33";"C0154"
"V002778";"09-12-2024";"MAGASIN";"Livree";"P0009";"2";"0,00";"1010,00";"1010,00";"594,34";"M06";"V13";"C0007"
"V002779";"09-12-2024";"Magasin";"LIVREE";"P0022";"2";"0,00";"860,00";"860,00";"411,40";"M19";"V45";"C0027"
"V002780";"09-12-2024";"Magasin";"Livree";"P0013";"1";"0,00";"750,00";"750,00";"338,18";"M03";"V06";"C0114"
"V002781";"09-12-2024";"WEB";"LIVREE";"P0019";"4";"0,00";"2140,00";"2140,00";"1229,92";"M01";"V02";"C0070"
"V002782";"09-12-2024";"web";"Livree";"P0058";"2";"0,00";"130,00";"130,00";"62,62";"M22";"V53";"C0053"
"V002783";"09-12-2024";"magasin";"LIVREE";"P0015";"1";"5,00";"550,00";"522,50";"305,75";"M13";"V31";"C0108"
"V002784";"09-12-2024";"Magasin";"Livree";"P0021";"1";"0,00";"410,00";"410,00";"189,41";"M02";"V05";"C0170"
"V002785";"09-12-2024";"Magasin";"Livree";"P0048";"3";"10,00";"5280,00";"4752,00";"2837,28";"M10";"V21";"C0086"
"V002786";"09-12-2024";"Magasin";"LIVREE";"P0012";"1";"0,00";"1010,00";"1010,00";"588,54";"M13";"V31";"C0166"
"V002787";"09-12-2024";"magasin";"LIVREE";"P0059";"1";"0,00";"40,00";"40,00";"19,23";"M16";"V39";"C0196"
"V002788";"10-12-2024";"Magasin";"Livree";"P0010";"2";"0,00";"1910,00";"1910,00";"1025,88";"M16";"V37";"C0162"
"V002789";"10-12-2024";"MAGASIN";"encours";"P0025";"2";"0,00";"110,00";"110,00";"64,74";"M20";"V50";"C0185"
"V002790";"10-12-2024";"Web";"Annulee";"P0008";"1";"0,00";"495,00";"495,00";"243,76";"M09";"V18";"C0116"
"V002791";"10-12-2024";"WEB";"LIVREE";"P0003";"2";"0,00";"1420,00";"1420,00";"790,66";"M07";"V14";"C0197"
"V002792";"10-12-2024";"MAGASIN";"Livree";"P0015";"1";"0,00";"550,00";"550,00";"305,75";"M10";"V21";"C0160"
"V002793";"10-12-2024";"Web";"livree";"P0062";"2";"0,00";"260,00";"260,00";"132,26";"M11";"V25";"C0196"
"V002794";"10-12-2024";"Magasin";"Livree";"P0062";"2";"0,00";"260,00";"260,00";"132,26";"M19";"V45";"C0144"
"V002795";"10-12-2024";"Magasin";"Livree";"P0059";"4";"0,00";"160,00";"160,00";"76,92";"M10";"V22";"C0090"
"V002796";"10-12-2024";"magasin";"EnCours";"P0007";"3";"0,00";"2865,00";"2865,00";"1329,45";"M19";"V45";"C0054"
"V002797";"10-12-2024";"Magasin";"LIVREE";"P0005";"4";"0,00";"1300,00";"1300,00";"594,84";"M08";"V17";"C0096"
"V002798";"10-12-2024";"web";"livree";"P0031";"2";"0,00";"300,00";"300,00";"184,48";"M22";"V53";"C0038"
"V002799";"10-12-2024";"magasin";"LIVREE";"P0051";"2";"10,00";"310,00";"279,00";"155,70";"M02";"V05";"C0032"
"V002800";"10-12-2024";"magasin";"Livree";"P0020";"2";"10,00";"770,00";"693,00";"435,94";"M18";"V44";"C0092"
"V002801";"10-12-2024";"Magasin";"Livree";"P0029";"2";"0,00";"570,00";"570,00";"338,00";"M20";"V49";"C0150"
"V002802";"11-12-2024";"MAGASIN";"Livree";"P0010";"2";"0,00";"1910,00";"1910,00";"1025,88";"M21";"V52";"C0006"
"V002803";"11-12-2024";"web";"LIVREE";"P0059";"1";"5,00";"40,00";"38,00";"19,23";"M02";"V04";"C0113"
"V002804";"11-12-2024";"magasin";"Livree";"P0009";"3";"5,00";"1515,00";"1439,25";"891,51";"M01";"V02";"C0181"
"V002805";"11-12-2024";"Magasin";"LIVREE";"P0017";"1";"0,00";"450,00";"450,00";"256,83";"M05";"V11";"C0037"
"V002806";"11-12-2024";"Magasin";"LIVREE";"P0003";"1";"0,00";"710,00";"710,00";"395,33";"M02";"V05";"C0202"
"V002807";"11-12-2024";"Magasin";"LIVREE";"P0022";"2";"5,00";"860,00";"817,00";"411,40";"M01";"V03";"C0169"
"V002808";"11-12-2024";"Web";"Livree";"P0009";"1";"0,00";"505,00";"505,00";"297,17";"M20";"V48";"C0135"
"V002809";"11-12-2024";"web";"Livree";"P0048";"4";"0,00";"7040,00";"7040,00";"3783,04";"M23";"V56";"C0140"
"V002810";"11-12-2024";"MAGASIN";"LIVREE";"P0015";"2";"0,00";"1100,00";"1100,00";"611,50";"M23";"V56";"C0048"
"V002811";"11-12-2024";"Magasin";"Livree";"P0060";"1";"0,00";"40,00";"40,00";"20,46";"M02";"V05";"C0206"
"V002812";"11-12-2024";"MAGASIN";"LIVREE";"P0028";"1";"0,00";"130,00";"130,00";"67,26";"M07";"V14";"C0211"
"V002813";"12-12-2024";"web";"livree";"P0063";"2";"0,00";"210,00";"210,00";"116,42";"M05";"V11";"C0109"
"V002814";"12-12-2024";"Magasin";"Livree";"P0019";"4";"0,00";"2140,00";"2140,00";"1229,92";"M17";"V40";"C0030"
"V002815";"12-12-2024";"magasin";"LIVREE";"P0021";"1";"10,00";"410,00";"369,00";"189,41";"M15";"V36";"C0088"
"V002816";"12-12-2024";"web";"LIVREE";"P0056";"1";"0,00";"25,00";"25,00";"12,15";"M13";"V31";"C0112"
"V002817";"12-12-2024";"WEB";"LIVREE";"P0061";"2";"10,00";"280,00";"252,00";"150,94";"M21";"V52";"C0127"
"V002818";"12-12-2024";"web";"EnCours";"P0064";"2";"0,00";"140,00";"140,00";"71,72";"M20";"V50";"C0020"
"V002819";"12-12-2024";"Magasin";"livree";"P0031";"1";"0,00";"150,00";"150,00";"92,24";"M19";"V47";"C0149"
"V002820";"12-12-2024";"Web";"Livree";"P0051";"2";"10,00";"310,00";"279,00";"155,70";"M19";"V45";"C0155"
"V002821";"12-12-2024";"Web";"LIVREE";"P0024";"1";"10,00";"770,00";"693,00";"465,89";"M07";"V15";"C0127"
"V002822";"12-12-2024";"web";"Livree";"P0020";"1";"5,00";"385,00";"365,75";"217,97";"M25";"V60";"C0202"
"V002823";"12-12-2024";"magasin";"Livree";"P0006";"3";"10,00";"3225,00";"2902,50";"1971,57";"M23";"V56";"C0137"
"V002824";"12-12-2024";"Magasin";"Livree";"P0031";"1";"0,00";"150,00";"150,00";"92,24";"M12";"V28";"C0019"
"V002825";"13-12-2024";"Magasin";"Livree";"P0016";"2";"0,00";"770,00";"770,00";"357,48";"M04";"V09";"C0073"
"V002826";"13-12-2024";"Magasin";"livree";"P0042";"1";"5,00";"2045,00";"1942,75";"1236,64";"M19";"V46";"C0014"
"V002827";"13-12-2024";"Magasin";"Livree";"P0016";"1";"10,00";"385,00";"346,50";"178,74";"M20";"V48";"C0019"
"V002828";"13-12-2024";"magasin";"LIVREE";"P0054";"2";"0,00";"320,00";"320,00";"154,88";"M21";"V52";"C0177"
"V002829";"13-12-2024";"MAGASIN";"Livree";"P0013";"4";"5,00";"3000,00";"2850,00";"1352,72";"M05";"V11";"C0025"
"V002830";"13-12-2024";"magasin";"livree";"P0052";"1";"0,00";"135,00";"135,00";"72,51";"M09";"V19";"C0122"
"V002831";"13-12-2024";"web";"LIVREE";"P0019";"2";"0,00";"1070,00";"1070,00";"614,96";"M14";"V33";"C0082"
"V002832";"13-12-2024";"Web";"LIVREE";"P0020";"1";"0,00";"385,00";"385,00";"217,97";"M20";"V48";"C0185"
"V002833";"13-12-2024";"Magasin";"LIVREE";"P0063";"1";"0,00";"105,00";"105,00";"58,21";"M01";"V03";"C0132"
"V002834";"13-12-2024";"web";"Livree";"P0042";"1";"5,00";"2045,00";"1942,75";"1236,64";"M15";"V34";"C0209"
"V002835";"13-12-2024";"Web";"livree";"P0017";"1";"0,00";"450,00";"450,00";"256,83";"M20";"V50";"C0115"
"V002836";"13-12-2024";"Web";"Livree";"P0014";"2";"0,00";"1270,00";"1270,00";"666,94";"M07";"V15";"C0110"
"V002837";"13-12-2024";"MAGASIN";"Livree";"P0037";"4";"0,00";"920,00";"920,00";"463,80";"M06";"V12";"C0160"
"V002838";"13-12-2024";"web";"Livree";"P0053";"2";"5,00";"310,00";"294,50";"166,02";"M16";"V39";"C0001"
"V002839";"13-12-2024";"MAGASIN";"encours";"P0007";"2";"0,00";"1910,00";"1910,00";"886,30";"M10";"V22";"C0042"
"V002840";"14-12-2024";"Web";"Livree";"P0010";"1";"0,00";"955,00";"955,00";"512,94";"M02";"V04";"C0125"
"V002841";"14-12-2024";"MAGASIN";"LIVREE";"P0001";"2";"0,00";"2110,00";"2110,00";"1255,28";"M15";"V36";"C0203"
"V002842";"14-12-2024";"MAGASIN";"LIVREE";"P0061";"2";"0,00";"280,00";"280,00";"150,94";"M06";"V12";"C0023"
"V002843";"14-12-2024";"Magasin";"Livree";"P0051";"3";"5,00";"465,00";"441,75";"233,55";"M25";"V59";"C0053"
"V002844";"14-12-2024";"MAGASIN";"Livree";"P0058";"2";"5,00";"130,00";"123,50";"62,62";"M01";"V01";"C0206"
"V002845";"14-12-2024";"MAGASIN";"LIVREE";"P0015";"1";"0,00";"550,00";"550,00";"305,75";"M25";"V59";"C0091"
"V002846";"14-12-2024";"WEB";"LIVREE";"P0020";"1";"0,00";"385,00";"385,00";"217,97";"M12";"V27";"C0208"
"V002847";"14-12-2024";"Magasin";"Livree";"P0064";"2";"10,00";"140,00";"126,00";"71,72";"M09";"V19";"C0181"
"V002848";"14-12-2024";"Web";"LIVREE";"P0010";"1";"0,00";"955,00";"955,00";"512,94";"M22";"V54";"C0140"
"V002849";"14-12-2024";"WEB";"LIVREE";"P0010";"2";"0,00";"1910,00";"1910,00";"1025,88";"M03";"V07";"C0045"
"V002850";"14-12-2024";"MAGASIN";"EnCours";"P0064";"1";"10,00";"70,00";"63,00";"35,86";"M04";"V09";"C0187"
"V002851";"14-12-2024";"MAGASIN";"livree";"P0052";"1";"0,00";"135,00";"135,00";"72,51";"M21";"V51";"C0019"
"V002852";"14-12-2024";"MAGASIN";"Annulee";"P0055";"1";"5,00";"40,00";"38,00";"19,21";"M08";"V17";"C0053"
"V002853";"14-12-2024";"Magasin";"Livree";"P0056";"4";"0,00";"100,00";"100,00";"48,60";"M14";"V32";"C0126"
"V002854";"14-12-2024";"magasin";"Livree";"P0010";"2";"0,00";"1910,00";"1910,00";"1025,88";"M13";"V29";"C0117"
"V002855";"15-12-2024";"Magasin";"Livree";"P0052";"1";"0,00";"135,00";"135,00";"72,51";"M20";"V50";"C0063"
"V002856";"15-12-2024";"Magasin";"Livree";"P0042";"2";"10,00";"4090,00";"3681,00";"2473,28";"M02";"V05";"C0219"
"V002857";"15-12-2024";"magasin";"livree";"P0004";"1";"0,00";"960,00";"960,00";"561,87";"M09";"V19";"C0040"
"V002858";"15-12-2024";"Web";"encours";"P0061";"1";"0,00";"140,00";"140,00";"75,47";"M09";"V19";"C0069"
"V002859";"15-12-2024";"Magasin";"Livree";"P0006";"1";"0,00";"1075,00";"1075,00";"657,19";"M09";"V18";"C0134"
"V002860";"15-12-2024";"MAGASIN";"Livree";"P0028";"3";"5,00";"390,00";"370,50";"201,78";"M13";"V29";"C0011"
"V002861";"15-12-2024";"Magasin";"Livree";"P0040";"2";"5,00";"3820,00";"3629,00";"2077,84";"M19";"V45";"C0185"
"V002862";"15-12-2024";"Magasin";"encours";"P0048";"2";"0,00";"3520,00";"3520,00";"1891,52";"M13";"V30";"C0099"
"V002863";"15-12-2024";"WEB";"LIVREE";"P0059";"4";"0,00";"160,00";"160,00";"76,92";"M17";"V41";"C0159"
"V002864";"15-12-2024";"MAGASIN";"Livree";"P0007";"2";"0,00";"1910,00";"1910,00";"886,30";"M11";"V23";"C0147"
"V002865";"15-12-2024";"Web";"LIVREE";"P0011";"2";"0,00";"2300,00";"2300,00";"1343,94";"M21";"V51";"C0057"
"V002866";"16-12-2024";"Web";"Livree";"P0064";"1";"5,00";"70,00";"66,50";"35,86";"M15";"V36";"C0142"
"V002867";"16-12-2024";"Magasin";"Livree";"P0021";"4";"5,00";"1640,00";"1558,00";"757,64";"M21";"V52";"C0025"
"V002868";"16-12-2024";"WEB";"Livree";"P0054";"1";"0,00";"160,00";"160,00";"77,44";"M10";"V22";"C0199"
"V002869";"16-12-2024";"web";"Livree";"P0027";"1";"0,00";"220,00";"220,00";"106,66";"M22";"V54";"C0014"
"V002870";"16-12-2024";"WEB";"livree";"P0007";"1";"0,00";"955,00";"955,00";"443,15";"M19";"V47";"C0100"
"V002871";"17-12-2024";"magasin";"LIVREE";"P0021";"1";"0,00";"410,00";"410,00";"189,41";"M19";"V47";"C0046"
"V002872";"17-12-2024";"Magasin";"LIVREE";"P0052";"1";"0,00";"135,00";"135,00";"72,51";"M07";"V14";"C0103"
"V002873";"17-12-2024";"web";"Livree";"P0009";"1";"0,00";"505,00";"505,00";"297,17";"M25";"V59";"C0196"
"V002874";"17-12-2024";"Magasin";"Livree";"P0064";"3";"10,00";"210,00";"189,00";"107,58";"M19";"V45";"C0062"
"V002875";"17-12-2024";"WEB";"Livree";"P0044";"3";"10,00";"5400,00";"4860,00";"3159,63";"M23";"V55";"C0172"
"V002876";"17-12-2024";"Magasin";"LIVREE";"P0023";"1";"0,00";"700,00";"700,00";"404,57";"M25";"V59";"C0129"
"V002877";"17-12-2024";"magasin";"Livree";"P0005";"1";"0,00";"325,00";"325,00";"148,71";"M04";"V09";"C0188"
"V002878";"17-12-2024";"Magasin";"LIVREE";"P0018";"2";"0,00";"1730,00";"1730,00";"882,22";"M08";"V16";"C0174"
"V002879";"17-12-2024";"magasin";"Livree";"P0022";"1";"0,00";"430,00";"430,00";"205,70";"M13";"V29";"C0187"
"V002880";"17-12-2024";"Web";"Livree";"P0012";"1";"5,00";"1010,00";"959,50";"588,54";"M11";"V24";"C0192"
"V002881";"17-12-2024";"Magasin";"Livree";"P0016";"3";"5,00";"1155,00";"1097,25";"536,22";"M24";"V57";"C0095"
"V002882";"17-12-2024";"MAGASIN";"Livree";"P0057";"4";"0,00";"80,00";"80,00";"43,56";"M14";"V33";"C0095"
"V002883";"17-12-2024";"WEB";"LIVREE";"P0024";"2";"5,00";"1540,00";"1463,00";"931,78";"M03";"V07";"C0123"
"V002884";"18-12-2024";"web";"LIVREE";"P0010";"2";"0,00";"1910,00";"1910,00";"1025,88";"M21";"V51";"C0144"
"V002885";"18-12-2024";"Magasin";"Livree";"P0059";"1";"0,00";"40,00";"40,00";"19,23";"M06";"V13";"C0215"
"V002886";"18-12-2024";"magasin";"Livree";"P0021";"2";"0,00";"820,00";"820,00";"378,82";"M10";"V21";"C0017"
"V002887";"18-12-2024";"MAGASIN";"LIVREE";"P0057";"2";"10,00";"40,00";"36,00";"21,78";"M02";"V04";"C0199"
"V002888";"18-12-2024";"Magasin";"livree";"P0052";"2";"0,00";"270,00";"270,00";"145,02";"M23";"V55";"C0166"
"V002889";"18-12-2024";"Magasin";"Livree";"P0024";"1";"0,00";"770,00";"770,00";"465,89";"M07";"V15";"C0206"
"V002890";"18-12-2024";"Magasin";"Livree";"P0054";"1";"0,00";"160,00";"160,00";"77,44";"M19";"V47";"C0207"
"V002891";"18-12-2024";"Magasin";"Livree";"P0022";"2";"0,00";"860,00";"860,00";"411,40";"M01";"V03";"C0049"
"V002892";"18-12-2024";"Magasin";"Livree";"P0051";"2";"5,00";"310,00";"294,50";"155,70";"M18";"V43";"C0103"
"V002893";"18-12-2024";"Magasin";"Livree";"P0023";"2";"5,00";"1400,00";"1330,00";"809,14";"M16";"V38";"C0130"
"V002894";"18-12-2024";"MAGASIN";"Livree";"P0011";"1";"0,00";"1150,00";"1150,00";"671,97";"M11";"V24";"C0037"
"V002895";"18-12-2024";"Magasin";"livree";"P0063";"1";"5,00";"105,00";"99,75";"58,21";"M02";"V04";"C0076"
"V002896";"18-12-2024";"MAGASIN";"Livree";"P0058";"1";"5,00";"65,00";"61,75";"31,31";"M25";"V59";"C0073"
"V002897";"18-12-2024";"Magasin";"livree";"P0054";"1";"0,00";"160,00";"160,00";"77,44";"M10";"V22";"C0205"
"V002898";"18-12-2024";"MAGASIN";"LIVREE";"P0003";"1";"5,00";"710,00";"674,50";"395,33";"M22";"V53";"C0010"
"V002899";"18-12-2024";"magasin";"Livree";"P0059";"1";"10,00";"40,00";"36,00";"19,23";"M01";"V03";"C0162"
"V002900";"18-12-2024";"Magasin";"livree";"P0063";"1";"5,00";"105,00";"99,75";"58,21";"M14";"V33";"C0145"
"V002901";"19-12-2024";"Magasin";"LIVREE";"P0060";"3";"0,00";"120,00";"120,00";"61,38";"M11";"V23";"C0031"
"V002902";"19-12-2024";"WEB";"Livree";"P0019";"2";"0,00";"1070,00";"1070,00";"614,96";"M01";"V02";"C0092"
"V002903";"19-12-2024";"Magasin";"encours";"P0014";"1";"0,00";"635,00";"635,00";"333,47";"M14";"V32";"C0081"
"V002904";"19-12-2024";"magasin";"EnCours";"P0020";"2";"0,00";"770,00";"770,00";"435,94";"M09";"V18";"C0220"
"V002905";"19-12-2024";"Magasin";"LIVREE";"P0007";"1";"0,00";"955,00";"955,00";"443,15";"M22";"V53";"C0049"
"V002906";"19-12-2024";"Magasin";"Livree";"P0054";"1";"0,00";"160,00";"160,00";"77,44";"M09";"V18";"C0003"
"V002907";"19-12-2024";"Magasin";"Livree";"P0052";"1";"0,00";"135,00";"135,00";"72,51";"M10";"V20";"C0008"
"V002908";"19-12-2024";"magasin";"EnCours";"P0043";"1";"0,00";"2230,00";"2230,00";"1198,97";"M07";"V14";"C0091"
"V002909";"19-12-2024";"Magasin";"LIVREE";"P0006";"1";"5,00";"1075,00";"1021,25";"657,19";"M24";"V58";"C0097"
"V002910";"19-12-2024";"Magasin";"LIVREE";"P0020";"1";"0,00";"385,00";"385,00";"217,97";"M25";"V60";"C0088"
"V002911";"20-12-2024";"WEB";"Livree";"P0020";"2";"0,00";"770,00";"770,00";"435,94";"M18";"V44";"C0175"
"V002912";"20-12-2024";"Web";"LIVREE";"P0040";"3";"10,00";"5730,00";"5157,00";"3116,76";"M19";"V45";"C0161"
"V002913";"20-12-2024";"web";"Annulee";"P0058";"3";"10,00";"195,00";"175,50";"93,93";"M21";"V52";"C0075"
"V002914";"20-12-2024";"magasin";"Livree";"P0053";"1";"5,00";"155,00";"147,25";"83,01";"M25";"V59";"C0073"
"V002915";"20-12-2024";"web";"LIVREE";"P0022";"2";"0,00";"860,00";"860,00";"411,40";"M03";"V07";"C0105"
"V002916";"20-12-2024";"Magasin";"Livree";"P0060";"3";"5,00";"120,00";"114,00";"61,38";"M10";"V21";"C0172"
"V002917";"20-12-2024";"Magasin";"Livree";"P0016";"1";"10,00";"385,00";"346,50";"178,74";"M20";"V49";"C0160"
"V002918";"20-12-2024";"web";"LIVREE";"P0037";"3";"0,00";"690,00";"690,00";"347,85";"M20";"V49";"C0011"
"V002919";"20-12-2024";"magasin";"Livree";"P0053";"2";"0,00";"310,00";"310,00";"166,02";"M04";"V08";"C0188"
"V002920";"20-12-2024";"web";"LIVREE";"P0059";"1";"5,00";"40,00";"38,00";"19,23";"M04";"V08";"C0100"
"V002921";"20-12-2024";"Magasin";"Annulee";"P0007";"1";"0,00";"955,00";"955,00";"443,15";"M16";"V39";"C0157"
"V002922";"20-12-2024";"WEB";"Livree";"P0021";"2";"10,00";"820,00";"738,00";"378,82";"M02";"V05";"C0201"
"V002923";"20-12-2024";"Magasin";"encours";"P0064";"2";"0,00";"140,00";"140,00";"71,72";"M19";"V47";"C0041"
"V002924";"21-12-2024";"Magasin";"LIVREE";"P0001";"2";"0,00";"2110,00";"2110,00";"1255,28";"M20";"V48";"C0052"
"V002925";"21-12-2024";"Web";"Annulee";"P0014";"4";"0,00";"2540,00";"2540,00";"1333,88";"M23";"V55";"C0164"
"V002926";"21-12-2024";"Magasin";"EnCours";"P0003";"1";"10,00";"710,00";"639,00";"395,33";"M08";"V17";"C0040"
"V002927";"21-12-2024";"magasin";"Livree";"P0007";"3";"0,00";"2865,00";"2865,00";"1329,45";"M03";"V06";"C0183"
"V002928";"21-12-2024";"Magasin";"Livree";"P0011";"2";"0,00";"2300,00";"2300,00";"1343,94";"M17";"V41";"C0188"
"V002929";"21-12-2024";"WEB";"LIVREE";"P0008";"2";"5,00";"990,00";"940,50";"487,52";"M20";"V48";"C0039"
"V002930";"21-12-2024";"WEB";"livree";"P0020";"2";"0,00";"770,00";"770,00";"435,94";"M18";"V44";"C0212"
"V002931";"21-12-2024";"WEB";"Livree";"P0055";"1";"0,00";"40,00";"40,00";"19,21";"M20";"V48";"C0053"
"V002932";"22-12-2024";"Magasin";"EnCours";"P0006";"1";"5,00";"1075,00";"1021,25";"657,19";"M08";"V17";"C0149"
"V002933";"22-12-2024";"Magasin";"LIVREE";"P0005";"2";"0,00";"650,00";"650,00";"297,42";"M05";"V11";"C0197"
"V002934";"22-12-2024";"Web";"Livree";"P0017";"2";"5,00";"900,00";"855,00";"513,66";"M02";"V05";"C0099"
"V002935";"22-12-2024";"Magasin";"LIVREE";"P0059";"2";"0,00";"80,00";"80,00";"38,46";"M09";"V18";"C0047"
"V002936";"22-12-2024";"Magasin";"LIVREE";"P0002";"1";"5,00";"700,00";"665,00";"352,76";"M13";"V31";"C0124"
"V002937";"22-12-2024";"magasin";"Livree";"P0064";"1";"0,00";"70,00";"70,00";"35,86";"M02";"V04";"C0046"
"V002938";"22-12-2024";"Magasin";"Livree";"P0002";"3";"0,00";"2100,00";"2100,00";"1058,28";"M01";"V01";"C0144"
"V002939";"22-12-2024";"Magasin";"livree";"P0010";"3";"0,00";"2865,00";"2865,00";"1538,82";"M22";"V54";"C0055"
"V002940";"22-12-2024";"Web";"LIVREE";"P0056";"1";"0,00";"25,00";"25,00";"12,15";"M17";"V42";"C0167"
"V002941";"22-12-2024";"magasin";"LIVREE";"P0046";"1";"10,00";"1035,00";"931,50";"615,36";"M15";"V35";"C0111"
"V002942";"22-12-2024";"MAGASIN";"Livree";"P0015";"1";"5,00";"550,00";"522,50";"305,75";"M01";"V03";"C0088"
"V002943";"22-12-2024";"web";"livree";"P0049";"1";"0,00";"1770,00";"1770,00";"798,07";"M01";"V01";"C0087"
"V002944";"22-12-2024";"Magasin";"livree";"P0062";"2";"0,00";"260,00";"260,00";"132,26";"M11";"V23";"C0158"
"V002945";"22-12-2024";"Web";"LIVREE";"P0061";"1";"0,00";"140,00";"140,00";"75,47";"M24";"V57";"C0041"
"V002946";"22-12-2024";"magasin";"Livree";"P0060";"1";"0,00";"40,00";"40,00";"20,46";"M06";"V12";"C0144"
"V002947";"22-12-2024";"web";"livree";"P0023";"1";"5,00";"700,00";"665,00";"404,57";"M05";"V11";"C0048"
"V002948";"22-12-2024";"MAGASIN";"LIVREE";"P0024";"2";"0,00";"1540,00";"1540,00";"931,78";"M01";"V02";"C0113"
"V002949";"23-12-2024";"MAGASIN";"livree";"P0031";"1";"5,00";"150,00";"142,50";"92,24";"M10";"V20";"C0123"
"V002950";"23-12-2024";"Web";"Livree";"P0012";"2";"0,00";"2020,00";"2020,00";"1177,08";"M06";"V12";"C0181"
"V002951";"23-12-2024";"Magasin";"Livree";"P0004";"2";"10,00";"1920,00";"1728,00";"1123,74";"M11";"V25";"C0176"
"V002952";"23-12-2024";"Magasin";"Livree";"P0058";"2";"5,00";"130,00";"123,50";"62,62";"M21";"V51";"C0002"
"V002953";"23-12-2024";"magasin";"Livree";"P0053";"1";"0,00";"155,00";"155,00";"83,01";"M22";"V54";"C0025"
"V002954";"23-12-2024";"Web";"Livree";"P0012";"1";"0,00";"1010,00";"1010,00";"588,54";"M08";"V17";"C0195"
"V002955";"23-12-2024";"web";"Livree";"P0010";"3";"10,00";"2865,00";"2578,50";"1538,82";"M09";"V19";"C0103"
"V002956";"23-12-2024";"Web";"livree";"P0018";"2";"5,00";"1730,00";"1643,50";"882,22";"M02";"V05";"C0106"
"V002957";"23-12-2024";"Magasin";"Livree";"P0011";"1";"5,00";"1150,00";"1092,50";"671,97";"M12";"V26";"C0135"
"V002958";"23-12-2024";"Magasin";"LIVREE";"P0006";"3";"5,00";"3225,00";"3063,75";"1971,57";"M04";"V08";"C0148"
"V002959";"23-12-2024";"Web";"Livree";"P0024";"1";"0,00";"770,00";"770,00";"465,89";"M25";"V60";"C0138"
"V002960";"23-12-2024";"Web";"LIVREE";"P0023";"3";"0,00";"2100,00";"2100,00";"1213,71";"M09";"V18";"C0214"
"V002961";"23-12-2024";"web";"EnCours";"P0004";"1";"5,00";"960,00";"912,00";"561,87";"M23";"V56";"C0190"
"V002962";"24-12-2024";"MAGASIN";"Livree";"P0021";"1";"0,00";"410,00";"410,00";"189,41";"M07";"V15";"C0113"
"V002963";"24-12-2024";"Magasin";"LIVREE";"P0015";"1";"0,00";"550,00";"550,00";"305,75";"M21";"V51";"C0155"
"V002964";"24-12-2024";"Magasin";"EnCours";"P0023";"2";"0,00";"1400,00";"1400,00";"809,14";"M07";"V15";"C0164"
"V002965";"24-12-2024";"Magasin";"livree";"P0063";"1";"5,00";"105,00";"99,75";"58,21";"M11";"V24";"C0166"
"V002966";"24-12-2024";"Magasin";"LIVREE";"P0004";"3";"5,00";"2880,00";"2736,00";"1685,61";"M18";"V43";"C0019"
"V002967";"24-12-2024";"Magasin";"LIVREE";"P0055";"1";"0,00";"40,00";"40,00";"19,21";"M05";"V10";"C0170"
"V002968";"24-12-2024";"WEB";"Livree";"P0063";"2";"0,00";"210,00";"210,00";"116,42";"M23";"V56";"C0016"
"V002969";"24-12-2024";"MAGASIN";"LIVREE";"P0005";"3";"5,00";"975,00";"926,25";"446,13";"M07";"V14";"C0074"
"V002970";"24-12-2024";"web";"Livree";"P0009";"2";"0,00";"1010,00";"1010,00";"594,34";"M22";"V53";"C0009"
"V002971";"24-12-2024";"magasin";"Livree";"P0052";"3";"0,00";"405,00";"405,00";"217,53";"M16";"V38";"C0096"
"V002972";"24-12-2024";"MAGASIN";"Livree";"P0031";"2";"0,00";"300,00";"300,00";"184,48";"M09";"V18";"C0180"
"V002973";"24-12-2024";"Web";"livree";"P0057";"2";"0,00";"40,00";"40,00";"21,78";"M15";"V36";"C0187"
"V002974";"24-12-2024";"Magasin";"Livree";"P0017";"2";"0,00";"900,00";"900,00";"513,66";"M02";"V05";"C0107"
"V002975";"24-12-2024";"magasin";"Livree";"P0011";"1";"0,00";"1150,00";"1150,00";"671,97";"M16";"V37";"C0136"
"V002976";"25-12-2024";"Magasin";"LIVREE";"P0057";"2";"0,00";"40,00";"40,00";"21,78";"M10";"V22";"C0091"
"V002977";"25-12-2024";"MAGASIN";"livree";"P0051";"2";"0,00";"310,00";"310,00";"155,70";"M14";"V33";"C0197"
"V002978";"25-12-2024";"Magasin";"Livree";"P0062";"2";"5,00";"260,00";"247,00";"132,26";"M06";"V13";"C0186"
"V002979";"25-12-2024";"Web";"LIVREE";"P0010";"1";"0,00";"955,00";"955,00";"512,94";"M10";"V22";"C0061"
"V002980";"25-12-2024";"WEB";"Livree";"P0056";"1";"5,00";"25,00";"23,75";"12,15";"M17";"V41";"C0067"
"V002981";"25-12-2024";"Web";"Livree";"P0003";"1";"0,00";"710,00";"710,00";"395,33";"M06";"V13";"C0032"
"V002982";"25-12-2024";"MAGASIN";"Livree";"P0023";"1";"0,00";"700,00";"700,00";"404,57";"M07";"V15";"C0056"
"V002983";"25-12-2024";"MAGASIN";"EnCours";"P0051";"3";"10,00";"465,00";"418,50";"233,55";"M07";"V15";"C0078"
"V002984";"25-12-2024";"Web";"Livree";"P0015";"1";"0,00";"550,00";"550,00";"305,75";"M24";"V58";"C0200"
"V002985";"25-12-2024";"web";"livree";"P0063";"1";"0,00";"105,00";"105,00";"58,21";"M23";"V55";"C0009"
"V002986";"25-12-2024";"Magasin";"encours";"P0004";"1";"0,00";"960,00";"960,00";"561,87";"M03";"V07";"C0065"
"V002987";"25-12-2024";"Web";"EnCours";"P0019";"1";"5,00";"535,00";"508,25";"307,48";"M21";"V52";"C0032"
"V002988";"25-12-2024";"Web";"encours";"P0007";"1";"0,00";"955,00";"955,00";"443,15";"M11";"V23";"C0172"
"V002989";"25-12-2024";"web";"Livree";"P0057";"1";"0,00";"20,00";"20,00";"10,89";"M08";"V16";"C0220"
"V002990";"26-12-2024";"Magasin";"Livree";"P0012";"1";"0,00";"1010,00";"1010,00";"588,54";"M13";"V30";"C0149"
"V002991";"26-12-2024";"magasin";"Livree";"P0055";"1";"0,00";"40,00";"40,00";"19,21";"M07";"V15";"C0063"
"V002992";"26-12-2024";"MAGASIN";"LIVREE";"P0012";"3";"10,00";"3030,00";"2727,00";"1765,62";"M21";"V51";"C0070"
"V002993";"26-12-2024";"Magasin";"LIVREE";"P0001";"3";"10,00";"3165,00";"2848,50";"1882,92";"M22";"V54";"C0157"
"V002994";"26-12-2024";"MAGASIN";"EnCours";"P0041";"4";"0,00";"8900,00";"8900,00";"5394,80";"M17";"V42";"C0179"
"V002995";"26-12-2024";"Magasin";"Livree";"P0051";"2";"0,00";"310,00";"310,00";"155,70";"M10";"V22";"C0004"
"V002996";"26-12-2024";"Magasin";"LIVREE";"P0001";"1";"0,00";"1055,00";"1055,00";"627,64";"M18";"V43";"C0029"
"V002997";"26-12-2024";"Web";"Livree";"P0020";"3";"0,00";"1155,00";"1155,00";"653,91";"M09";"V18";"C0076"
"V002998";"26-12-2024";"WEB";"LIVREE";"P0039";"2";"0,00";"2970,00";"2970,00";"1347,02";"M15";"V36";"C0098"
"V002999";"26-12-2024";"magasin";"Livree";"P0010";"1";"10,00";"955,00";"859,50";"512,94";"M12";"V27";"C0204"
"V003000";"26-12-2024";"Magasin";"Livree";"P0061";"1";"5,00";"140,00";"133,00";"75,47";"M01";"V03";"C0048"
"V003001";"26-12-2024";"Magasin";"Livree";"P0034";"1";"0,00";"200,00";"200,00";"118,44";"M06";"V12";"C0038"
"V003002";"26-12-2024";"Web";"LIVREE";"P0019";"2";"0,00";"1070,00";"1070,00";"614,96";"M18";"V44";"C0177"
"V003003";"27-12-2024";"magasin";"Livree";"P0059";"1";"0,00";"40,00";"40,00";"19,23";"M21";"V52";"C0059"
"V003004";"27-12-2024";"Magasin";"encours";"P0032";"2";"0,00";"380,00";"380,00";"216,36";"M10";"V22";"C0014"
"V003005";"27-12-2024";"Magasin";"Livree";"P0006";"2";"0,00";"2150,00";"2150,00";"1314,38";"M12";"V26";"C0077"
"V003006";"27-12-2024";"Magasin";"LIVREE";"P0059";"2";"10,00";"80,00";"72,00";"38,46";"M14";"V33";"C0216"
"V003007";"27-12-2024";"Magasin";"livree";"P0018";"2";"10,00";"1730,00";"1557,00";"882,22";"M18";"V43";"C0057"
"V003008";"27-12-2024";"Magasin";"LIVREE";"P0052";"3";"0,00";"405,00";"405,00";"217,53";"M25";"V59";"C0082"
"V003009";"27-12-2024";"magasin";"livree";"P0016";"2";"0,00";"770,00";"770,00";"357,48";"M08";"V16";"C0072"
"V003010";"27-12-2024";"MAGASIN";"LIVREE";"P0008";"1";"0,00";"495,00";"495,00";"243,76";"M01";"V03";"C0070"
"V003011";"27-12-2024";"Web";"Livree";"P0049";"3";"0,00";"5310,00";"5310,00";"2394,21";"M21";"V52";"C0061"
"V003012";"28-12-2024";"Magasin";"livree";"P0001";"2";"0,00";"2110,00";"2110,00";"1255,28";"M04";"V09";"C0093"
"V003013";"28-12-2024";"Magasin";"Livree";"P0019";"1";"0,00";"535,00";"535,00";"307,48";"M12";"V27";"C0109"
"V003014";"28-12-2024";"web";"encours";"P0056";"2";"10,00";"50,00";"45,00";"24,30";"M07";"V15";"C0130"
"V003015";"28-12-2024";"MAGASIN";"Livree";"P0021";"4";"0,00";"1640,00";"1640,00";"757,64";"M16";"V39";"C0173"
"V003016";"28-12-2024";"Magasin";"Livree";"P0062";"1";"10,00";"130,00";"117,00";"66,13";"M17";"V40";"C0127"
"V003017";"28-12-2024";"Magasin";"Livree";"P0024";"2";"0,00";"1540,00";"1540,00";"931,78";"M19";"V45";"C0175"
"V003018";"28-12-2024";"Magasin";"EnCours";"P0015";"2";"0,00";"1100,00";"1100,00";"611,50";"M07";"V14";"C0073"
"V003019";"28-12-2024";"Web";"LIVREE";"P0063";"1";"5,00";"105,00";"99,75";"58,21";"M02";"V04";"C0098"
"V003020";"28-12-2024";"Magasin";"LIVREE";"P0019";"2";"0,00";"1070,00";"1070,00";"614,96";"M03";"V07";"C0050"
"V003021";"28-12-2024";"WEB";"Livree";"P0010";"2";"0,00";"1910,00";"1910,00";"1025,88";"M12";"V28";"C0121"
"V003022";"28-12-2024";"magasin";"Livree";"P0059";"1";"0,00";"40,00";"40,00";"19,23";"M01";"V03";"C0017"
"V003023";"28-12-2024";"web";"livree";"P0015";"3";"0,00";"1650,00";"1650,00";"917,25";"M03";"V07";"C0174"
"V003024";"29-12-2024";"Web";"Livree";"P0021";"2";"0,00";"820,00";"820,00";"378,82";"M18";"V43";"C0207"
"V003025";"29-12-2024";"Magasin";"LIVREE";"P0002";"2";"5,00";"1400,00";"1330,00";"705,52";"M06";"V12";"C0072"
"V003026";"29-12-2024";"magasin";"LIVREE";"P0018";"2";"5,00";"1730,00";"1643,50";"882,22";"M14";"V32";"C0028"
"V003027";"29-12-2024";"Magasin";"EnCours";"P0056";"1";"0,00";"25,00";"25,00";"12,15";"M25";"V59";"C0135"
"V003028";"29-12-2024";"WEB";"Livree";"P0002";"4";"5,00";"2800,00";"2660,00";"1411,04";"M20";"V50";"C0092"
"V003029";"29-12-2024";"Magasin";"Livree";"P0013";"2";"0,00";"1500,00";"1500,00";"676,36";"M14";"V32";"C0138"
"V003030";"29-12-2024";"MAGASIN";"Livree";"P0021";"1";"0,00";"410,00";"410,00";"189,41";"M21";"V52";"C0094"
"V003031";"29-12-2024";"Web";"LIVREE";"P0062";"2";"0,00";"260,00";"260,00";"132,26";"M08";"V17";"C0126"
"V003032";"29-12-2024";"magasin";"LIVREE";"P0006";"2";"0,00";"2150,00";"2150,00";"1314,38";"M24";"V58";"C0071"
"V003033";"29-12-2024";"Magasin";"Livree";"P0016";"2";"5,00";"770,00";"731,50";"357,48";"M09";"V18";"C0127"
"V003034";"30-12-2024";"Magasin";"Livree";"P0012";"1";"0,00";"1010,00";"1010,00";"588,54";"M06";"V13";"C0105"
"V003035";"30-12-2024";"Magasin";"Livree";"P0010";"1";"0,00";"955,00";"955,00";"512,94";"M12";"V27";"C0126"
"V003036";"30-12-2024";"web";"Livree";"P0034";"1";"5,00";"200,00";"190,00";"118,44";"M16";"V38";"C0186"
"V003037";"30-12-2024";"magasin";"LIVREE";"P0016";"1";"0,00";"385,00";"385,00";"178,74";"M25";"V60";"C0204"
"V003038";"30-12-2024";"MAGASIN";"Livree";"P0062";"1";"0,00";"130,00";"130,00";"66,13";"M05";"V10";"C0092"
"V003039";"30-12-2024";"web";"EnCours";"P0040";"2";"0,00";"3820,00";"3820,00";"2077,84";"M10";"V22";"C0080"
"V003040";"30-12-2024";"WEB";"Livree";"P0004";"3";"5,00";"2880,00";"2736,00";"1685,61";"M09";"V18";"C0124"
"V003041";"30-12-2024";"WEB";"Livree";"P0032";"1";"0,00";"190,00";"190,00";"108,18";"M04";"V08";"C0161"
"V003042";"30-12-2024";"Magasin";"livree";"P0054";"1";"0,00";"160,00";"160,00";"77,44";"M15";"V34";"C0092"
"V003043";"30-12-2024";"magasin";"Livree";"P0010";"1";"0,00";"955,00";"955,00";"512,94";"M22";"V54";"C0144"
"V003044";"30-12-2024";"MAGASIN";"EnCours";"P0037";"1";"0,00";"230,00";"230,00";"115,95";"M16";"V38";"C0096"
"V003045";"30-12-2024";"MAGASIN";"LIVREE";"P0023";"4";"0,00";"2800,00";"2800,00";"1618,28";"M23";"V55";"C0219"
"V003046";"30-12-2024";"MAGASIN";"Livree";"P0006";"1";"0,00";"1075,00";"1075,00";"657,19";"M12";"V27";"C0100"
"V003047";"30-12-2024";"Magasin";"LIVREE";"P0053";"1";"5,00";"155,00";"147,25";"83,01";"M25";"V59";"C0106"
"V003048";"30-12-2024";"MAGASIN";"Livree";"P0022";"2";"10,00";"860,00";"774,00";"411,40";"M08";"V17";"C0193"
"V003049";"30-12-2024";"Magasin";"Livree";"P0056";"2";"0,00";"50,00";"50,00";"24,30";"M07";"V15";"C0193"
"V003050";"31-12-2024";"MAGASIN";"encours";"P0002";"2";"5,00";"1400,00";"1330,00";"705,52";"M01";"V02";"C0203"
"V003051";"31-12-2024";"Magasin";"LIVREE";"P0021";"3";"5,00";"1230,00";"1168,50";"568,23";"M10";"V22";"C0190"
"V003052";"31-12-2024";"magasin";"LIVREE";"P0059";"3";"0,00";"120,00";"120,00";"57,69";"M19";"V46";"C0206"
"V003053";"31-12-2024";"magasin";"Livree";"P0004";"3";"0,00";"2880,00";"2880,00";"1685,61";"M22";"V53";"C0050"
"V003054";"31-12-2024";"Web";"Livree";"P0060";"1";"0,00";"40,00";"40,00";"20,46";"M02";"V05";"C0136"
"V003055";"31-12-2024";"MAGASIN";"encours";"P0012";"2";"0,00";"2020,00";"2020,00";"1177,08";"M23";"V55";"C0147"
"V003056";"31-12-2024";"MAGASIN";"LIVREE";"P0012";"3";"0,00";"3030,00";"3030,00";"1765,62";"M15";"V34";"C0061"
"V003057";"31-12-2024";"Magasin";"Livree";"P0006";"2";"10,00";"2150,00";"1935,00";"1314,38";"M03";"V06";"C0094"
"V003058";"31-12-2024";"Magasin";"Livree";"P0009";"2";"0,00";"1010,00";"1010,00";"594,34";"M01";"V02";"C0121"
"V003059";"31-12-2024";"Magasin";"Livree";"P0003";"1";"5,00";"710,00";"674,50";"395,33";"M07";"V15";"C0114"
"V003060";"31-12-2024";"Magasin";"Livree";"P0002";"1";"0,00";"700,00";"700,00";"352,76";"M21";"V51";"C0130"
"V003061";"31-12-2024";"magasin";"Livree";"P0018";"1";"10,00";"865,00";"778,50";"441,11";"M17";"V41";"C0191"
"V003062";"01-01-2025";"MAGASIN";"livree";"P0022";"1";"0,00";"430,00";"430,00";"205,70";"M25";"V59";"C0039"
"V003063";"01-01-2025";"web";"LIVREE";"P0033";"2";"0,00";"100,00";"100,00";"45,46";"M05";"V11";"C0216"
"V003064";"01-01-2025";"Magasin";"Livree";"P0063";"1";"5,00";"105,00";"99,75";"58,21";"M16";"V37";"C0031"
"V003065";"01-01-2025";"Magasin";"LIVREE";"P0060";"3";"0,00";"120,00";"120,00";"61,38";"M19";"V45";"C0187"
"V003066";"01-01-2025";"Web";"livree";"P0001";"3";"10,00";"3165,00";"2848,50";"1882,92";"M02";"V05";"C0009"
"V003067";"01-01-2025";"Magasin";"Livree";"P0022";"2";"0,00";"860,00";"860,00";"411,40";"M02";"V05";"C0138"
"V003068";"01-01-2025";"Web";"Livree";"P0021";"1";"10,00";"410,00";"369,00";"189,41";"M21";"V51";"C0173"
"V003069";"01-01-2025";"WEB";"Livree";"P0006";"3";"0,00";"3225,00";"3225,00";"1971,57";"M01";"V01";"C0199"
"V003070";"01-01-2025";"WEB";"livree";"P0008";"2";"5,00";"990,00";"940,50";"487,52";"M14";"V33";"C0024"
"V003071";"01-01-2025";"WEB";"LIVREE";"P0055";"1";"10,00";"40,00";"36,00";"19,21";"M22";"V54";"C0070"
"V003072";"01-01-2025";"Magasin";"Livree";"P0006";"1";"0,00";"1075,00";"1075,00";"657,19";"M13";"V30";"C0109"
"V003073";"01-01-2025";"Web";"encours";"P0001";"1";"0,00";"1055,00";"1055,00";"627,64";"M22";"V53";"C0123"
"V003074";"01-01-2025";"WEB";"livree";"P0051";"2";"0,00";"310,00";"310,00";"155,70";"M18";"V44";"C0007"
"V003075";"01-01-2025";"WEB";"LIVREE";"P0064";"1";"0,00";"70,00";"70,00";"35,86";"M05";"V11";"C0092"
"V003076";"01-01-2025";"Web";"LIVREE";"P0021";"1";"0,00";"410,00";"410,00";"189,41";"M14";"V32";"C0145"
"V003077";"02-01-2025";"magasin";"Livree";"P0003";"2";"0,00";"1420,00";"1420,00";"790,66";"M08";"V16";"C0160"
"V003078";"02-01-2025";"web";"Annulee";"P0003";"1";"10,00";"710,00";"639,00";"395,33";"M20";"V50";"C0038"
"V003079";"02-01-2025";"MAGASIN";"Livree";"P0018";"2";"0,00";"1730,00";"1730,00";"882,22";"M15";"V34";"C0119"
"V003080";"02-01-2025";"Magasin";"Livree";"P0059";"2";"0,00";"80,00";"80,00";"38,46";"M06";"V13";"C0104"
"V003081";"02-01-2025";"magasin";"livree";"P0019";"2";"10,00";"1070,00";"963,00";"614,96";"M20";"V49";"C0008"
"V003082";"02-01-2025";"WEB";"Livree";"P0023";"2";"0,00";"1400,00";"1400,00";"809,14";"M19";"V45";"C0195"
"V003083";"02-01-2025";"Web";"encours";"P0009";"2";"5,00";"1010,00";"959,50";"594,34";"M10";"V20";"C0162"
"V003084";"02-01-2025";"MAGASIN";"Livree";"P0056";"2";"0,00";"50,00";"50,00";"24,30";"M10";"V22";"C0199"
"V003085";"02-01-2025";"Magasin";"LIVREE";"P0006";"1";"5,00";"1075,00";"1021,25";"657,19";"M05";"V11";"C0164"
"V003086";"02-01-2025";"web";"livree";"P0052";"1";"10,00";"135,00";"121,50";"72,51";"M06";"V13";"C0144"
"V003087";"02-01-2025";"Magasin";"livree";"P0020";"2";"5,00";"770,00";"731,50";"435,94";"M03";"V06";"C0087"
"V003088";"02-01-2025";"Magasin";"Livree";"P0020";"1";"0,00";"385,00";"385,00";"217,97";"M01";"V01";"C0105"
"V003089";"02-01-2025";"magasin";"LIVREE";"P0004";"1";"0,00";"960,00";"960,00";"561,87";"M15";"V34";"C0166"
"V003090";"02-01-2025";"magasin";"livree";"P0003";"1";"0,00";"710,00";"710,00";"395,33";"M25";"V60";"C0062"
"V003091";"02-01-2025";"Magasin";"Livree";"P0003";"2";"10,00";"1420,00";"1278,00";"790,66";"M05";"V10";"C0082"
"V003092";"02-01-2025";"magasin";"LIVREE";"P0057";"3";"0,00";"60,00";"60,00";"32,67";"M13";"V30";"C0173"
"V003093";"03-01-2025";"magasin";"Livree";"P0056";"2";"0,00";"50,00";"50,00";"24,30";"M16";"V37";"C0020"
"V003094";"03-01-2025";"WEB";"Livree";"P0064";"1";"0,00";"70,00";"70,00";"35,86";"M13";"V29";"C0220"
"V003095";"03-01-2025";"Magasin";"LIVREE";"P0001";"3";"5,00";"3165,00";"3006,75";"1882,92";"M09";"V18";"C0006"
"V003096";"03-01-2025";"Magasin";"LIVREE";"P0050";"2";"0,00";"460,00";"460,00";"231,66";"M21";"V52";"C0210"
"V003097";"03-01-2025";"Magasin";"Livree";"P0009";"1";"5,00";"505,00";"479,75";"297,17";"M20";"V49";"C0214"
"V003098";"03-01-2025";"Magasin";"LIVREE";"P0014";"2";"0,00";"1270,00";"1270,00";"666,94";"M09";"V18";"C0039"
"V003099";"03-01-2025";"WEB";"LIVREE";"P0057";"2";"0,00";"40,00";"40,00";"21,78";"M16";"V38";"C0091"
"V003100";"03-01-2025";"Magasin";"LIVREE";"P0022";"2";"0,00";"860,00";"860,00";"411,40";"M09";"V19";"C0150"
"V003101";"03-01-2025";"Magasin";"EnCours";"P0054";"2";"0,00";"320,00";"320,00";"154,88";"M16";"V38";"C0166"
"V003102";"03-01-2025";"WEB";"Livree";"P0022";"3";"5,00";"1290,00";"1225,50";"617,10";"M21";"V51";"C0166"
"V003103";"03-01-2025";"Magasin";"EnCours";"P0055";"3";"5,00";"120,00";"114,00";"57,63";"M12";"V28";"C0147"
"V003104";"03-01-2025";"web";"Livree";"P0051";"1";"0,00";"155,00";"155,00";"77,85";"M14";"V33";"C0149"
"V003105";"03-01-2025";"Magasin";"LIVREE";"P0064";"1";"5,00";"70,00";"66,50";"35,86";"M15";"V36";"C0134"
"V003106";"03-01-2025";"Magasin";"LIVREE";"P0004";"1";"5,00";"960,00";"912,00";"561,87";"M01";"V01";"C0178"
"V003107";"03-01-2025";"WEB";"Livree";"P0022";"1";"0,00";"430,00";"430,00";"205,70";"M10";"V22";"C0168"
"V003108";"03-01-2025";"magasin";"livree";"P0002";"1";"0,00";"700,00";"700,00";"352,76";"M11";"V25";"C0054"
"V003109";"03-01-2025";"Magasin";"Livree";"P0060";"2";"0,00";"80,00";"80,00";"40,92";"M13";"V30";"C0187"
"V003110";"03-01-2025";"magasin";"LIVREE";"P0019";"2";"0,00";"1070,00";"1070,00";"614,96";"M14";"V33";"C0046"
"V003111";"03-01-2025";"web";"Livree";"P0013";"1";"5,00";"750,00";"712,50";"338,18";"M09";"V19";"C0116"
"V003112";"04-01-2025";"Magasin";"livree";"P0019";"1";"5,00";"535,00";"508,25";"307,48";"M04";"V08";"C0035"
"V003113";"04-01-2025";"WEB";"Livree";"P0052";"3";"0,00";"405,00";"405,00";"217,53";"M25";"V59";"C0037"
"V003114";"04-01-2025";"magasin";"livree";"P0062";"1";"0,00";"130,00";"130,00";"66,13";"M25";"V59";"C0012"
"V003115";"04-01-2025";"Web";"Livree";"P0053";"1";"0,00";"155,00";"155,00";"83,01";"M03";"V07";"C0095"
"V003116";"04-01-2025";"Magasin";"livree";"P0030";"1";"0,00";"265,00";"265,00";"125,99";"M05";"V11";"C0023"
"V003117";"04-01-2025";"MAGASIN";"LIVREE";"P0063";"1";"0,00";"105,00";"105,00";"58,21";"M09";"V18";"C0124"
"V003118";"04-01-2025";"Magasin";"Livree";"P0044";"2";"0,00";"3600,00";"3600,00";"2106,42";"M21";"V52";"C0189"
"V003119";"04-01-2025";"web";"Livree";"P0010";"3";"0,00";"2865,00";"2865,00";"1538,82";"M03";"V06";"C0015"
"V003120";"04-01-2025";"Magasin";"Livree";"P0061";"1";"0,00";"140,00";"140,00";"75,47";"M13";"V31";"C0093"
"V003121";"04-01-2025";"web";"Livree";"P0006";"1";"0,00";"1075,00";"1075,00";"657,19";"M14";"V32";"C0058"
"V003122";"04-01-2025";"web";"Livree";"P0054";"3";"0,00";"480,00";"480,00";"232,32";"M22";"V53";"C0124"
"V003123";"04-01-2025";"MAGASIN";"EnCours";"P0054";"2";"0,00";"320,00";"320,00";"154,88";"M09";"V19";"C0015"
"V003124";"04-01-2025";"Magasin";"livree";"P0001";"2";"0,00";"2110,00";"2110,00";"1255,28";"M10";"V20";"C0033"
"V003125";"04-01-2025";"MAGASIN";"Livree";"P0056";"2";"0,00";"50,00";"50,00";"24,30";"M14";"V32";"C0041"
"V003126";"04-01-2025";"magasin";"Livree";"P0003";"1";"0,00";"710,00";"710,00";"395,33";"M13";"V30";"C0031"
"V003127";"04-01-2025";"WEB";"EnCours";"P0059";"3";"10,00";"120,00";"108,00";"57,69";"M19";"V47";"C0086"
"V003128";"04-01-2025";"Magasin";"livree";"P0028";"2";"5,00";"260,00";"247,00";"134,52";"M08";"V16";"C0213"
"V003129";"04-01-2025";"MAGASIN";"Livree";"P0051";"4";"0,00";"620,00";"620,00";"311,40";"M01";"V03";"C0077"
"V003130";"04-01-2025";"Magasin";"Livree";"P0016";"1";"0,00";"385,00";"385,00";"178,74";"M01";"V02";"C0160"
"V003131";"04-01-2025";"Magasin";"Livree";"P0025";"1";"5,00";"55,00";"52,25";"32,37";"M13";"V30";"C0124"
"V003132";"05-01-2025";"web";"livree";"P0060";"1";"0,00";"40,00";"40,00";"20,46";"M22";"V54";"C0207"
"V003133";"05-01-2025";"Magasin";"LIVREE";"P0015";"1";"0,00";"550,00";"550,00";"305,75";"M25";"V59";"C0162"
"V003134";"05-01-2025";"MAGASIN";"Livree";"P0022";"1";"10,00";"430,00";"387,00";"205,70";"M20";"V50";"C0197"
"V003135";"05-01-2025";"Magasin";"LIVREE";"P0017";"2";"5,00";"900,00";"855,00";"513,66";"M01";"V01";"C0194"
"V003136";"05-01-2025";"WEB";"LIVREE";"P0027";"1";"0,00";"220,00";"220,00";"106,66";"M21";"V51";"C0183"
"V003137";"05-01-2025";"Web";"Livree";"P0005";"2";"10,00";"650,00";"585,00";"297,42";"M14";"V32";"C0200"
"V003138";"05-01-2025";"Magasin";"LIVREE";"P0008";"2";"0,00";"990,00";"990,00";"487,52";"M13";"V31";"C0168"
"V003139";"05-01-2025";"WEB";"livree";"P0055";"1";"5,00";"40,00";"38,00";"19,21";"M20";"V49";"C0024"
"V003140";"05-01-2025";"MAGASIN";"LIVREE";"P0059";"3";"0,00";"120,00";"120,00";"57,69";"M23";"V56";"C0092"
"V003141";"05-01-2025";"Web";"Livree";"P0058";"1";"5,00";"65,00";"61,75";"31,31";"M13";"V30";"C0127"
"V003142";"05-01-2025";"Web";"livree";"P0015";"1";"0,00";"550,00";"550,00";"305,75";"M24";"V58";"C0081"
"V003143";"05-01-2025";"Magasin";"Livree";"P0013";"1";"0,00";"750,00";"750,00";"338,18";"M16";"V39";"C0033"
"V003144";"05-01-2025";"magasin";"LIVREE";"P0049";"3";"0,00";"5310,00";"5310,00";"2394,21";"M22";"V53";"C0138"
"V003145";"05-01-2025";"Magasin";"livree";"P0002";"1";"0,00";"700,00";"700,00";"352,76";"M24";"V57";"C0045"
"V003146";"05-01-2025";"Web";"livree";"P0013";"2";"0,00";"1500,00";"1500,00";"676,36";"M16";"V37";"C0207"
"V003147";"05-01-2025";"magasin";"EnCours";"P0014";"1";"0,00";"635,00";"635,00";"333,47";"M12";"V27";"C0087"
"V003148";"05-01-2025";"Magasin";"Livree";"P0005";"1";"0,00";"325,00";"325,00";"148,71";"M13";"V30";"C0140"
"V003149";"06-01-2025";"web";"LIVREE";"P0039";"2";"0,00";"2970,00";"2970,00";"1347,02";"M02";"V04";"C0173"
"V003150";"06-01-2025";"Magasin";"LIVREE";"P0004";"2";"0,00";"1920,00";"1920,00";"1123,74";"M05";"V11";"C0133"
"V003151";"06-01-2025";"Web";"Livree";"P0007";"2";"0,00";"1910,00";"1910,00";"886,30";"M14";"V32";"C0155"
"V003152";"06-01-2025";"WEB";"LIVREE";"P0058";"1";"10,00";"65,00";"58,50";"31,31";"M01";"V02";"C0219"
"V003153";"06-01-2025";"MAGASIN";"Annulee";"P0055";"4";"5,00";"160,00";"152,00";"76,84";"M21";"V52";"C0176"
"V003154";"06-01-2025";"Magasin";"EnCours";"P0051";"1";"0,00";"155,00";"155,00";"77,85";"M25";"V60";"C0169"
"V003155";"07-01-2025";"web";"LIVREE";"P0058";"1";"0,00";"65,00";"65,00";"31,31";"M21";"V52";"C0026"
"V003156";"07-01-2025";"Magasin";"Annulee";"P0023";"3";"0,00";"2100,00";"2100,00";"1213,71";"M04";"V09";"C0207"
"V003157";"07-01-2025";"magasin";"LIVREE";"P0014";"2";"5,00";"1270,00";"1206,50";"666,94";"M02";"V04";"C0031"
"V003158";"07-01-2025";"Magasin";"Livree";"P0062";"4";"0,00";"520,00";"520,00";"264,52";"M13";"V30";"C0003"
"V003159";"07-01-2025";"Magasin";"Livree";"P0011";"3";"5,00";"3450,00";"3277,50";"2015,91";"M21";"V52";"C0165"
"V003160";"07-01-2025";"magasin";"LIVREE";"P0011";"1";"0,00";"1150,00";"1150,00";"671,97";"M24";"V58";"C0217"
"V003161";"07-01-2025";"Web";"Livree";"P0007";"1";"0,00";"955,00";"955,00";"443,15";"M23";"V56";"C0132"
"V003162";"07-01-2025";"magasin";"EnCours";"P0061";"1";"0,00";"140,00";"140,00";"75,47";"M25";"V59";"C0017"
"V003163";"07-01-2025";"magasin";"LIVREE";"P0018";"3";"0,00";"2595,00";"2595,00";"1323,33";"M15";"V35";"C0182"
"V003164";"07-01-2025";"Magasin";"LIVREE";"P0024";"1";"0,00";"770,00";"770,00";"465,89";"M13";"V30";"C0180"
"V003165";"07-01-2025";"WEB";"LIVREE";"P0015";"2";"0,00";"1100,00";"1100,00";"611,50";"M03";"V07";"C0153"
"V003166";"08-01-2025";"Magasin";"Livree";"P0012";"2";"5,00";"2020,00";"1919,00";"1177,08";"M03";"V07";"C0212"
"V003167";"08-01-2025";"Magasin";"Livree";"P0011";"1";"5,00";"1150,00";"1092,50";"671,97";"M08";"V17";"C0006"
"V003168";"08-01-2025";"web";"Livree";"P0020";"3";"0,00";"1155,00";"1155,00";"653,91";"M06";"V13";"C0147"
"V003169";"08-01-2025";"magasin";"LIVREE";"P0010";"1";"0,00";"955,00";"955,00";"512,94";"M24";"V57";"C0041"
"V003170";"08-01-2025";"WEB";"LIVREE";"P0051";"2";"0,00";"310,00";"310,00";"155,70";"M12";"V28";"C0064"
"V003171";"08-01-2025";"Magasin";"Livree";"P0012";"3";"10,00";"3030,00";"2727,00";"1765,62";"M07";"V15";"C0186"
"V003172";"08-01-2025";"magasin";"livree";"P0017";"2";"10,00";"900,00";"810,00";"513,66";"M21";"V52";"C0028"
"V003173";"08-01-2025";"Web";"Livree";"P0013";"1";"5,00";"750,00";"712,50";"338,18";"M10";"V21";"C0193"
"V003174";"08-01-2025";"MAGASIN";"Livree";"P0005";"3";"0,00";"975,00";"975,00";"446,13";"M13";"V31";"C0134"
"V003175";"08-01-2025";"web";"livree";"P0063";"1";"0,00";"105,00";"105,00";"58,21";"M12";"V28";"C0068"
"V003176";"09-01-2025";"magasin";"Livree";"P0051";"2";"0,00";"310,00";"310,00";"155,70";"M08";"V16";"C0031"
"V003177";"09-01-2025";"MAGASIN";"Livree";"P0064";"3";"5,00";"210,00";"199,50";"107,58";"M05";"V11";"C0158"
"V003178";"09-01-2025";"Magasin";"LIVREE";"P0064";"3";"0,00";"210,00";"210,00";"107,58";"M25";"V60";"C0162"
"V003179";"09-01-2025";"web";"LIVREE";"P0019";"1";"5,00";"535,00";"508,25";"307,48";"M15";"V34";"C0104"
"V003180";"09-01-2025";"Magasin";"Livree";"P0038";"1";"5,00";"230,00";"218,50";"119,32";"M17";"V40";"C0128"
"V003181";"09-01-2025";"Web";"Livree";"P0018";"4";"0,00";"3460,00";"3460,00";"1764,44";"M16";"V39";"C0201"
"V003182";"09-01-2025";"Magasin";"Livree";"P0021";"1";"5,00";"410,00";"389,50";"189,41";"M19";"V46";"C0076"
"V003183";"09-01-2025";"Web";"LIVREE";"P0052";"2";"0,00";"270,00";"270,00";"145,02";"M14";"V33";"C0061"
"V003184";"09-01-2025";"Magasin";"Livree";"P0057";"2";"5,00";"40,00";"38,00";"21,78";"M24";"V58";"C0035"
"V003185";"09-01-2025";"web";"EnCours";"P0051";"1";"0,00";"155,00";"155,00";"77,85";"M14";"V32";"C0127"
"V003186";"09-01-2025";"Magasin";"Livree";"P0049";"1";"0,00";"1770,00";"1770,00";"798,07";"M07";"V14";"C0008"
"V003187";"09-01-2025";"WEB";"livree";"P0022";"1";"0,00";"430,00";"430,00";"205,70";"M15";"V35";"C0057"
"V003188";"09-01-2025";"Magasin";"Livree";"P0017";"1";"0,00";"450,00";"450,00";"256,83";"M07";"V15";"C0022"
"V003189";"09-01-2025";"MAGASIN";"Livree";"P0014";"2";"0,00";"1270,00";"1270,00";"666,94";"M20";"V50";"C0020"
"V003190";"09-01-2025";"Magasin";"livree";"P0016";"2";"5,00";"770,00";"731,50";"357,48";"M12";"V28";"C0162"
"V003191";"10-01-2025";"web";"Livree";"P0057";"1";"5,00";"20,00";"19,00";"10,89";"M12";"V27";"C0046"
"V003192";"10-01-2025";"MAGASIN";"LIVREE";"P0061";"3";"0,00";"420,00";"420,00";"226,41";"M23";"V56";"C0167"
"V003193";"10-01-2025";"magasin";"LIVREE";"P0051";"3";"5,00";"465,00";"441,75";"233,55";"M20";"V49";"C0175"
"V003194";"10-01-2025";"MAGASIN";"Livree";"P0017";"3";"0,00";"1350,00";"1350,00";"770,49";"M19";"V47";"C0064"
"V003195";"10-01-2025";"magasin";"Livree";"P0001";"1";"0,00";"1055,00";"1055,00";"627,64";"M17";"V41";"C0002"
"V003196";"10-01-2025";"magasin";"Livree";"P0002";"2";"10,00";"1400,00";"1260,00";"705,52";"M12";"V28";"C0090"
"V003197";"10-01-2025";"WEB";"livree";"P0032";"2";"0,00";"380,00";"380,00";"216,36";"M06";"V12";"C0009"
"V003198";"10-01-2025";"web";"EnCours";"P0029";"1";"5,00";"285,00";"270,75";"169,00";"M25";"V59";"C0121"
"V003199";"10-01-2025";"web";"Livree";"P0003";"1";"0,00";"710,00";"710,00";"395,33";"M24";"V57";"C0006"
"V003200";"11-01-2025";"Magasin";"livree";"P0056";"1";"0,00";"25,00";"25,00";"12,15";"M15";"V35";"C0207"
"V003201";"11-01-2025";"magasin";"LIVREE";"P0022";"1";"0,00";"430,00";"430,00";"205,70";"M14";"V32";"C0126"
"V003202";"11-01-2025";"MAGASIN";"LIVREE";"P0043";"1";"0,00";"2230,00";"2230,00";"1198,97";"M21";"V51";"C0136"
"V003203";"11-01-2025";"Magasin";"Annulee";"P0022";"1";"0,00";"430,00";"430,00";"205,70";"M16";"V37";"C0096"
"V003204";"11-01-2025";"WEB";"Livree";"P0059";"3";"5,00";"120,00";"114,00";"57,69";"M09";"V19";"C0039"
"V003205";"11-01-2025";"Magasin";"Livree";"P0002";"1";"0,00";"700,00";"700,00";"352,76";"M01";"V02";"C0054"
"V003206";"11-01-2025";"WEB";"LIVREE";"P0060";"1";"0,00";"40,00";"40,00";"20,46";"M10";"V20";"C0051"
"V003207";"11-01-2025";"magasin";"livree";"P0060";"2";"0,00";"80,00";"80,00";"40,92";"M22";"V54";"C0044"
"V003208";"11-01-2025";"Web";"LIVREE";"P0010";"1";"0,00";"955,00";"955,00";"512,94";"M04";"V08";"C0190"
"V003209";"11-01-2025";"MAGASIN";"Annulee";"P0052";"1";"0,00";"135,00";"135,00";"72,51";"M16";"V39";"C0113"
"V003210";"11-01-2025";"magasin";"LIVREE";"P0015";"1";"0,00";"550,00";"550,00";"305,75";"M13";"V31";"C0114"
"V003211";"11-01-2025";"Magasin";"Livree";"P0059";"1";"0,00";"40,00";"40,00";"19,23";"M04";"V09";"C0208"
"V003212";"12-01-2025";"magasin";"Livree";"P0032";"1";"0,00";"190,00";"190,00";"108,18";"M23";"V55";"C0152"
"V003213";"12-01-2025";"MAGASIN";"Livree";"P0023";"1";"0,00";"700,00";"700,00";"404,57";"M23";"V56";"C0201"
"V003214";"12-01-2025";"web";"LIVREE";"P0051";"1";"0,00";"155,00";"155,00";"77,85";"M24";"V57";"C0065"
"V003215";"12-01-2025";"Magasin";"livree";"P0013";"2";"0,00";"1500,00";"1500,00";"676,36";"M23";"V55";"C0140"
"V003216";"12-01-2025";"magasin";"Livree";"P0021";"2";"0,00";"820,00";"820,00";"378,82";"M03";"V06";"C0190"
"V003217";"12-01-2025";"Magasin";"Livree";"P0062";"1";"0,00";"130,00";"130,00";"66,13";"M20";"V49";"C0012"
"V003218";"12-01-2025";"Web";"Livree";"P0013";"3";"0,00";"2250,00";"2250,00";"1014,54";"M07";"V15";"C0149"
"V003219";"12-01-2025";"MAGASIN";"EnCours";"P0022";"1";"5,00";"430,00";"408,50";"205,70";"M19";"V45";"C0010"
"V003220";"12-01-2025";"Magasin";"LIVREE";"P0058";"1";"0,00";"65,00";"65,00";"31,31";"M08";"V17";"C0115"
"V003221";"12-01-2025";"magasin";"Livree";"P0012";"1";"5,00";"1010,00";"959,50";"588,54";"M13";"V29";"C0122"
"V003222";"12-01-2025";"web";"LIVREE";"P0013";"1";"0,00";"750,00";"750,00";"338,18";"M04";"V09";"C0198"
"V003223";"12-01-2025";"Web";"Livree";"P0027";"1";"0,00";"220,00";"220,00";"106,66";"M05";"V11";"C0149"
"V003224";"12-01-2025";"Magasin";"livree";"P0005";"4";"0,00";"1300,00";"1300,00";"594,84";"M19";"V47";"C0116"
"V003225";"12-01-2025";"Magasin";"Livree";"P0055";"3";"0,00";"120,00";"120,00";"57,63";"M09";"V18";"C0197"
"V003226";"12-01-2025";"Web";"LIVREE";"P0025";"1";"0,00";"55,00";"55,00";"32,37";"M25";"V60";"C0153"
"V003227";"12-01-2025";"web";"EnCours";"P0036";"3";"0,00";"315,00";"315,00";"173,73";"M23";"V56";"C0183"
"V003228";"12-01-2025";"Magasin";"LIVREE";"P0062";"1";"0,00";"130,00";"130,00";"66,13";"M13";"V30";"C0096"
"V003229";"12-01-2025";"WEB";"livree";"P0012";"1";"0,00";"1010,00";"1010,00";"588,54";"M25";"V59";"C0073"
"V003230";"13-01-2025";"Magasin";"Livree";"P0008";"1";"0,00";"495,00";"495,00";"243,76";"M11";"V24";"C0096"
"V003231";"13-01-2025";"WEB";"Livree";"P0018";"1";"5,00";"865,00";"821,75";"441,11";"M06";"V13";"C0141"
"V003232";"13-01-2025";"magasin";"LIVREE";"P0027";"1";"0,00";"220,00";"220,00";"106,66";"M09";"V19";"C0160"
"V003233";"13-01-2025";"Magasin";"LIVREE";"P0013";"3";"0,00";"2250,00";"2250,00";"1014,54";"M06";"V13";"C0218"
"V003234";"13-01-2025";"MAGASIN";"LIVREE";"P0018";"2";"5,00";"1730,00";"1643,50";"882,22";"M23";"V56";"C0214"
"V003235";"13-01-2025";"Magasin";"Livree";"P0003";"2";"5,00";"1420,00";"1349,00";"790,66";"M13";"V31";"C0136"
"V003236";"13-01-2025";"Web";"Livree";"P0053";"2";"0,00";"310,00";"310,00";"166,02";"M24";"V57";"C0182"
"V003237";"13-01-2025";"Web";"LIVREE";"P0021";"1";"0,00";"410,00";"410,00";"189,41";"M25";"V59";"C0154"
"V003238";"14-01-2025";"Magasin";"Livree";"P0023";"2";"0,00";"1400,00";"1400,00";"809,14";"M11";"V24";"C0200"
"V003239";"14-01-2025";"magasin";"Livree";"P0020";"1";"0,00";"385,00";"385,00";"217,97";"M25";"V59";"C0015"
"V003240";"14-01-2025";"magasin";"Livree";"P0029";"1";"0,00";"285,00";"285,00";"169,00";"M21";"V52";"C0062"
"V003241";"14-01-2025";"Web";"LIVREE";"P0004";"2";"0,00";"1920,00";"1920,00";"1123,74";"M21";"V51";"C0140"
"V003242";"14-01-2025";"web";"livree";"P0007";"1";"5,00";"955,00";"907,25";"443,15";"M21";"V52";"C0136"
"V003243";"14-01-2025";"Magasin";"LIVREE";"P0008";"2";"0,00";"990,00";"990,00";"487,52";"M12";"V27";"C0190"
"V003244";"14-01-2025";"magasin";"EnCours";"P0062";"1";"0,00";"130,00";"130,00";"66,13";"M08";"V16";"C0080"
"V003245";"14-01-2025";"Magasin";"Livree";"P0013";"2";"0,00";"1500,00";"1500,00";"676,36";"M08";"V16";"C0067"
"V003246";"14-01-2025";"MAGASIN";"livree";"P0006";"1";"0,00";"1075,00";"1075,00";"657,19";"M14";"V33";"C0139"
"V003247";"14-01-2025";"Magasin";"livree";"P0039";"2";"0,00";"2970,00";"2970,00";"1347,02";"M04";"V09";"C0161"
"V003248";"14-01-2025";"Magasin";"livree";"P0063";"3";"0,00";"315,00";"315,00";"174,63";"M06";"V12";"C0131"
"V003249";"14-01-2025";"Magasin";"LIVREE";"P0020";"3";"0,00";"1155,00";"1155,00";"653,91";"M02";"V04";"C0157"
"V003250";"14-01-2025";"MAGASIN";"livree";"P0009";"1";"0,00";"505,00";"505,00";"297,17";"M10";"V20";"C0145"
"V003251";"15-01-2025";"MAGASIN";"Livree";"P0010";"4";"0,00";"3820,00";"3820,00";"2051,76";"M12";"V26";"C0198"
"V003252";"15-01-2025";"Magasin";"Livree";"P0009";"2";"0,00";"1010,00";"1010,00";"594,34";"M14";"V33";"C0191"
"V003253";"15-01-2025";"Magasin";"Livree";"P0012";"3";"10,00";"3030,00";"2727,00";"1765,62";"M19";"V45";"C0013"
"V003254";"15-01-2025";"Web";"livree";"P0045";"2";"10,00";"650,00";"585,00";"298,38";"M14";"V33";"C0012"
"V003255";"15-01-2025";"Magasin";"livree";"P0001";"4";"0,00";"4220,00";"4220,00";"2510,56";"M04";"V09";"C0035"
"V003256";"15-01-2025";"web";"EnCours";"P0054";"1";"0,00";"160,00";"160,00";"77,44";"M18";"V43";"C0125"
"V003257";"15-01-2025";"web";"Livree";"P0014";"3";"0,00";"1905,00";"1905,00";"1000,41";"M07";"V15";"C0071"
"V003258";"15-01-2025";"magasin";"Livree";"P0001";"3";"10,00";"3165,00";"2848,50";"1882,92";"M09";"V19";"C0020"
"V003259";"15-01-2025";"WEB";"LIVREE";"P0020";"1";"0,00";"385,00";"385,00";"217,97";"M22";"V53";"C0113"
"V003260";"15-01-2025";"Magasin";"LIVREE";"P0051";"1";"0,00";"155,00";"155,00";"77,85";"M12";"V26";"C0097"
"V003261";"15-01-2025";"WEB";"LIVREE";"P0007";"2";"0,00";"1910,00";"1910,00";"886,30";"M21";"V52";"C0004"
"V003262";"16-01-2025";"MAGASIN";"LIVREE";"P0012";"1";"0,00";"1010,00";"1010,00";"588,54";"M01";"V02";"C0213"
"V003263";"16-01-2025";"Magasin";"EnCours";"P0022";"3";"0,00";"1290,00";"1290,00";"617,10";"M21";"V51";"C0035"
"V003264";"16-01-2025";"magasin";"Livree";"P0004";"4";"0,00";"3840,00";"3840,00";"2247,48";"M13";"V29";"C0101"
"V003265";"16-01-2025";"MAGASIN";"Livree";"P0003";"1";"0,00";"710,00";"710,00";"395,33";"M10";"V22";"C0206"
"V003266";"16-01-2025";"web";"LIVREE";"P0053";"2";"0,00";"310,00";"310,00";"166,02";"M14";"V32";"C0077"
"V003267";"16-01-2025";"web";"LIVREE";"P0053";"2";"0,00";"310,00";"310,00";"166,02";"M09";"V19";"C0180"
"V003268";"16-01-2025";"magasin";"Livree";"P0054";"2";"5,00";"320,00";"304,00";"154,88";"M23";"V55";"C0053"
"V003269";"16-01-2025";"Magasin";"Livree";"P0025";"2";"0,00";"110,00";"110,00";"64,74";"M10";"V22";"C0067"
"V003270";"16-01-2025";"Magasin";"Livree";"P0023";"2";"0,00";"1400,00";"1400,00";"809,14";"M03";"V07";"C0190"
"V003271";"16-01-2025";"WEB";"Livree";"P0063";"1";"0,00";"105,00";"105,00";"58,21";"M23";"V55";"C0062"
"V003272";"17-01-2025";"Magasin";"encours";"P0018";"1";"5,00";"865,00";"821,75";"441,11";"M16";"V37";"C0115"
"V003273";"17-01-2025";"Magasin";"Livree";"P0058";"4";"5,00";"260,00";"247,00";"125,24";"M22";"V53";"C0027"
"V003274";"17-01-2025";"Magasin";"livree";"P0018";"3";"0,00";"2595,00";"2595,00";"1323,33";"M12";"V27";"C0071"
"V003275";"17-01-2025";"Web";"Annulee";"P0016";"1";"0,00";"385,00";"385,00";"178,74";"M18";"V44";"C0097"
"V003276";"17-01-2025";"WEB";"EnCours";"P0011";"2";"10,00";"2300,00";"2070,00";"1343,94";"M20";"V48";"C0187"
"V003277";"17-01-2025";"MAGASIN";"Livree";"P0011";"3";"0,00";"3450,00";"3450,00";"2015,91";"M24";"V57";"C0015"
"V003278";"17-01-2025";"Web";"Livree";"P0045";"2";"0,00";"650,00";"650,00";"298,38";"M05";"V11";"C0011"
"V003279";"17-01-2025";"MAGASIN";"Livree";"P0016";"1";"5,00";"385,00";"365,75";"178,74";"M25";"V59";"C0019"
"V003280";"17-01-2025";"magasin";"LIVREE";"P0005";"1";"0,00";"325,00";"325,00";"148,71";"M09";"V19";"C0003"
"V003281";"17-01-2025";"MAGASIN";"Livree";"P0002";"1";"0,00";"700,00";"700,00";"352,76";"M13";"V31";"C0023"
"V003282";"17-01-2025";"web";"Livree";"P0004";"3";"0,00";"2880,00";"2880,00";"1685,61";"M22";"V53";"C0014"
"V003283";"17-01-2025";"MAGASIN";"EnCours";"P0054";"1";"0,00";"160,00";"160,00";"77,44";"M05";"V10";"C0177"
"V003284";"17-01-2025";"web";"Livree";"P0006";"2";"0,00";"2150,00";"2150,00";"1314,38";"M10";"V21";"C0024"
"V003285";"17-01-2025";"magasin";"Livree";"P0027";"1";"10,00";"220,00";"198,00";"106,66";"M22";"V53";"C0217"
"V003286";"17-01-2025";"Magasin";"EnCours";"P0001";"2";"0,00";"2110,00";"2110,00";"1255,28";"M25";"V59";"C0187"
"V003287";"17-01-2025";"MAGASIN";"livree";"P0006";"3";"0,00";"3225,00";"3225,00";"1971,57";"M20";"V50";"C0148"
"V003288";"17-01-2025";"Magasin";"Annulee";"P0015";"1";"5,00";"550,00";"522,50";"305,75";"M24";"V58";"C0211"
"V003289";"17-01-2025";"Web";"LIVREE";"P0019";"1";"5,00";"535,00";"508,25";"307,48";"M02";"V04";"C0001"
"V003290";"17-01-2025";"magasin";"LIVREE";"P0007";"2";"0,00";"1910,00";"1910,00";"886,30";"M18";"V43";"C0154"
"V003291";"17-01-2025";"MAGASIN";"encours";"P0005";"2";"0,00";"650,00";"650,00";"297,42";"M21";"V52";"C0172"
"V003292";"17-01-2025";"Web";"livree";"P0020";"2";"0,00";"770,00";"770,00";"435,94";"M21";"V51";"C0118"
"V003293";"18-01-2025";"Magasin";"Livree";"P0054";"1";"0,00";"160,00";"160,00";"77,44";"M07";"V14";"C0216"
"V003294";"18-01-2025";"web";"LIVREE";"P0053";"2";"0,00";"310,00";"310,00";"166,02";"M16";"V39";"C0165"
"V003295";"18-01-2025";"WEB";"Livree";"P0004";"1";"0,00";"960,00";"960,00";"561,87";"M20";"V50";"C0075"
"V003296";"18-01-2025";"MAGASIN";"LIVREE";"P0020";"1";"0,00";"385,00";"385,00";"217,97";"M20";"V50";"C0103"
"V003297";"18-01-2025";"Magasin";"livree";"P0048";"2";"0,00";"3520,00";"3520,00";"1891,52";"M21";"V52";"C0028"
"V003298";"18-01-2025";"magasin";"Annulee";"P0001";"1";"0,00";"1055,00";"1055,00";"627,64";"M17";"V42";"C0037"
"V003299";"18-01-2025";"WEB";"LIVREE";"P0010";"1";"5,00";"955,00";"907,25";"512,94";"M03";"V06";"C0059"
"V003300";"18-01-2025";"MAGASIN";"Annulee";"P0006";"3";"10,00";"3225,00";"2902,50";"1971,57";"M13";"V31";"C0108"
"V003301";"18-01-2025";"Web";"Livree";"P0057";"1";"0,00";"20,00";"20,00";"10,89";"M08";"V16";"C0158"
"V003302";"18-01-2025";"Magasin";"Livree";"P0023";"1";"0,00";"700,00";"700,00";"404,57";"M15";"V35";"C0019"
"V003303";"18-01-2025";"MAGASIN";"EnCours";"P0007";"1";"0,00";"955,00";"955,00";"443,15";"M05";"V10";"C0067"
"V003304";"18-01-2025";"Magasin";"LIVREE";"P0005";"1";"0,00";"325,00";"325,00";"148,71";"M23";"V55";"C0159"
"V003305";"19-01-2025";"Magasin";"Livree";"P0016";"3";"0,00";"1155,00";"1155,00";"536,22";"M16";"V39";"C0132"
"V003306";"19-01-2025";"Magasin";"LIVREE";"P0035";"3";"10,00";"510,00";"459,00";"275,94";"M15";"V34";"C0107"
"V003307";"19-01-2025";"WEB";"LIVREE";"P0057";"1";"0,00";"20,00";"20,00";"10,89";"M04";"V08";"C0198"
"V003308";"19-01-2025";"WEB";"LIVREE";"P0009";"3";"5,00";"1515,00";"1439,25";"891,51";"M14";"V32";"C0059"
"V003309";"19-01-2025";"Magasin";"Livree";"P0007";"2";"5,00";"1910,00";"1814,50";"886,30";"M16";"V38";"C0011"
"V003310";"19-01-2025";"Magasin";"livree";"P0012";"1";"5,00";"1010,00";"959,50";"588,54";"M21";"V51";"C0098"
"V003311";"19-01-2025";"MAGASIN";"Livree";"P0057";"3";"0,00";"60,00";"60,00";"32,67";"M08";"V16";"C0100"
"V003312";"19-01-2025";"web";"LIVREE";"P0004";"1";"0,00";"960,00";"960,00";"561,87";"M13";"V31";"C0094"
"V003313";"19-01-2025";"Magasin";"LIVREE";"P0061";"2";"0,00";"280,00";"280,00";"150,94";"M02";"V04";"C0060"
"V003314";"19-01-2025";"WEB";"Livree";"P0006";"1";"5,00";"1075,00";"1021,25";"657,19";"M08";"V17";"C0159"
"V003315";"19-01-2025";"magasin";"LIVREE";"P0006";"2";"0,00";"2150,00";"2150,00";"1314,38";"M25";"V60";"C0075"
"V003316";"19-01-2025";"Magasin";"livree";"P0061";"2";"0,00";"280,00";"280,00";"150,94";"M20";"V48";"C0151"
"V003317";"19-01-2025";"magasin";"LIVREE";"P0063";"2";"0,00";"210,00";"210,00";"116,42";"M13";"V30";"C0187"
"V003318";"19-01-2025";"Web";"livree";"P0002";"1";"10,00";"700,00";"630,00";"352,76";"M13";"V31";"C0054"
"V003319";"20-01-2025";"magasin";"Livree";"P0060";"2";"0,00";"80,00";"80,00";"40,92";"M18";"V43";"C0016"
"V003320";"20-01-2025";"Magasin";"Livree";"P0001";"2";"0,00";"2110,00";"2110,00";"1255,28";"M06";"V12";"C0216"
"V003321";"20-01-2025";"magasin";"LIVREE";"P0063";"2";"0,00";"210,00";"210,00";"116,42";"M09";"V19";"C0133"
"V003322";"20-01-2025";"MAGASIN";"EnCours";"P0055";"3";"0,00";"120,00";"120,00";"57,63";"M21";"V51";"C0107"
"V003323";"20-01-2025";"Web";"Livree";"P0024";"1";"0,00";"770,00";"770,00";"465,89";"M09";"V18";"C0110"
"V003324";"20-01-2025";"magasin";"LIVREE";"P0041";"2";"5,00";"4450,00";"4227,50";"2697,40";"M15";"V36";"C0166"
"V003325";"20-01-2025";"Magasin";"EnCours";"P0008";"2";"5,00";"990,00";"940,50";"487,52";"M19";"V46";"C0015"
"V003326";"20-01-2025";"Magasin";"Livree";"P0011";"1";"0,00";"1150,00";"1150,00";"671,97";"M13";"V30";"C0156"
"V003327";"20-01-2025";"magasin";"Livree";"P0015";"3";"0,00";"1650,00";"1650,00";"917,25";"M21";"V52";"C0024"
"V003328";"20-01-2025";"Magasin";"Livree";"P0023";"1";"0,00";"700,00";"700,00";"404,57";"M03";"V06";"C0158"
"V003329";"20-01-2025";"MAGASIN";"Livree";"P0013";"3";"0,00";"2250,00";"2250,00";"1014,54";"M06";"V13";"C0167"
"V003330";"20-01-2025";"Magasin";"livree";"P0058";"4";"5,00";"260,00";"247,00";"125,24";"M13";"V30";"C0012"
"V003331";"20-01-2025";"WEB";"Livree";"P0064";"3";"0,00";"210,00";"210,00";"107,58";"M14";"V32";"C0095"
"V003332";"20-01-2025";"magasin";"LIVREE";"P0020";"2";"0,00";"770,00";"770,00";"435,94";"M16";"V39";"C0160"
"V003333";"20-01-2025";"Magasin";"EnCours";"P0002";"3";"5,00";"2100,00";"1995,00";"1058,28";"M10";"V21";"C0010"
"V003334";"20-01-2025";"web";"LIVREE";"P0064";"3";"0,00";"210,00";"210,00";"107,58";"M03";"V07";"C0038"
"V003335";"20-01-2025";"MAGASIN";"livree";"P0008";"1";"0,00";"495,00";"495,00";"243,76";"M17";"V42";"C0137"
"V003336";"20-01-2025";"Magasin";"Annulee";"P0052";"3";"0,00";"405,00";"405,00";"217,53";"M04";"V08";"C0095"
"V003337";"20-01-2025";"Magasin";"LIVREE";"P0019";"1";"0,00";"535,00";"535,00";"307,48";"M14";"V32";"C0151"
"V003338";"21-01-2025";"MAGASIN";"Livree";"P0013";"2";"0,00";"1500,00";"1500,00";"676,36";"M13";"V31";"C0120"
"V003339";"21-01-2025";"web";"Livree";"P0003";"3";"0,00";"2130,00";"2130,00";"1185,99";"M01";"V03";"C0139"
"V003340";"21-01-2025";"WEB";"Annulee";"P0015";"4";"0,00";"2200,00";"2200,00";"1223,00";"M10";"V21";"C0042"
"V003341";"21-01-2025";"WEB";"LIVREE";"P0062";"2";"0,00";"260,00";"260,00";"132,26";"M06";"V13";"C0078"
"V003342";"21-01-2025";"Magasin";"encours";"P0013";"2";"10,00";"1500,00";"1350,00";"676,36";"M22";"V53";"C0215"
"V003343";"21-01-2025";"Magasin";"Livree";"P0059";"1";"0,00";"40,00";"40,00";"19,23";"M08";"V16";"C0045"
"V003344";"21-01-2025";"MAGASIN";"Livree";"P0015";"1";"10,00";"550,00";"495,00";"305,75";"M13";"V30";"C0041"
"V003345";"21-01-2025";"magasin";"livree";"P0013";"2";"5,00";"1500,00";"1425,00";"676,36";"M08";"V17";"C0156"
"V003346";"21-01-2025";"Magasin";"LIVREE";"P0001";"1";"0,00";"1055,00";"1055,00";"627,64";"M22";"V53";"C0116"
"V003347";"22-01-2025";"Magasin";"LIVREE";"P0035";"1";"0,00";"170,00";"170,00";"91,98";"M15";"V36";"C0085"
"V003348";"22-01-2025";"Web";"Livree";"P0053";"2";"0,00";"310,00";"310,00";"166,02";"M09";"V19";"C0220"
"V003349";"22-01-2025";"web";"Livree";"P0063";"4";"10,00";"420,00";"378,00";"232,84";"M13";"V31";"C0017"
"V003350";"22-01-2025";"Web";"livree";"P0023";"2";"10,00";"1400,00";"1260,00";"809,14";"M11";"V24";"C0122"
"V003351";"22-01-2025";"Magasin";"Annulee";"P0049";"1";"0,00";"1770,00";"1770,00";"798,07";"M25";"V60";"C0185"
"V003352";"22-01-2025";"magasin";"LIVREE";"P0064";"1";"5,00";"70,00";"66,50";"35,86";"M11";"V24";"C0048"
"V003353";"22-01-2025";"web";"LIVREE";"P0017";"2";"0,00";"900,00";"900,00";"513,66";"M04";"V08";"C0179"
"V003354";"22-01-2025";"Magasin";"Livree";"P0018";"1";"10,00";"865,00";"778,50";"441,11";"M11";"V25";"C0215"
"V003355";"22-01-2025";"magasin";"Livree";"P0008";"4";"5,00";"1980,00";"1881,00";"975,04";"M23";"V56";"C0184"
"V003356";"22-01-2025";"Web";"Livree";"P0056";"3";"10,00";"75,00";"67,50";"36,45";"M08";"V17";"C0100"
"V003357";"22-01-2025";"magasin";"Livree";"P0001";"1";"10,00";"1055,00";"949,50";"627,64";"M11";"V23";"C0057"
"V003358";"22-01-2025";"Magasin";"Livree";"P0023";"1";"10,00";"700,00";"630,00";"404,57";"M02";"V05";"C0205"
"V003359";"22-01-2025";"Magasin";"Livree";"P0006";"1";"0,00";"1075,00";"1075,00";"657,19";"M18";"V43";"C0138"
"V003360";"23-01-2025";"Magasin";"livree";"P0023";"1";"0,00";"700,00";"700,00";"404,57";"M20";"V50";"C0119"
"V003361";"23-01-2025";"Magasin";"Livree";"P0015";"2";"0,00";"1100,00";"1100,00";"611,50";"M24";"V58";"C0112"
"V003362";"23-01-2025";"MAGASIN";"LIVREE";"P0053";"3";"0,00";"465,00";"465,00";"249,03";"M21";"V52";"C0105"
"V003363";"23-01-2025";"MAGASIN";"Livree";"P0008";"1";"0,00";"495,00";"495,00";"243,76";"M22";"V54";"C0155"
"V003364";"23-01-2025";"Magasin";"Livree";"P0063";"2";"0,00";"210,00";"210,00";"116,42";"M24";"V58";"C0041"
"V003365";"23-01-2025";"web";"livree";"P0060";"1";"0,00";"40,00";"40,00";"20,46";"M14";"V32";"C0143"
"V003366";"23-01-2025";"magasin";"Livree";"P0014";"1";"0,00";"635,00";"635,00";"333,47";"M02";"V05";"C0017"
"V003367";"23-01-2025";"magasin";"LIVREE";"P0012";"1";"0,00";"1010,00";"1010,00";"588,54";"M22";"V53";"C0025"
"V003368";"23-01-2025";"Web";"LIVREE";"P0057";"2";"0,00";"40,00";"40,00";"21,78";"M09";"V19";"C0156"
"V003369";"23-01-2025";"Magasin";"Livree";"P0061";"1";"5,00";"140,00";"133,00";"75,47";"M15";"V34";"C0002"
"V003370";"23-01-2025";"magasin";"EnCours";"P0021";"1";"0,00";"410,00";"410,00";"189,41";"M18";"V43";"C0035"
"V003371";"23-01-2025";"Web";"Livree";"P0002";"1";"5,00";"700,00";"665,00";"352,76";"M05";"V11";"C0090"
"V003372";"23-01-2025";"Magasin";"Livree";"P0058";"4";"5,00";"260,00";"247,00";"125,24";"M19";"V46";"C0199"
"V003373";"23-01-2025";"MAGASIN";"LIVREE";"P0063";"2";"0,00";"210,00";"210,00";"116,42";"M14";"V32";"C0186"
"V003374";"23-01-2025";"Magasin";"livree";"P0023";"2";"0,00";"1400,00";"1400,00";"809,14";"M12";"V28";"C0127"
"V003375";"23-01-2025";"web";"Livree";"P0055";"2";"10,00";"80,00";"72,00";"38,42";"M25";"V60";"C0198"
"V003376";"23-01-2025";"Magasin";"Livree";"P0062";"1";"10,00";"130,00";"117,00";"66,13";"M03";"V07";"C0064"
"V003377";"24-01-2025";"Web";"Livree";"P0008";"2";"0,00";"990,00";"990,00";"487,52";"M07";"V14";"C0174"
"V003378";"24-01-2025";"Web";"Livree";"P0054";"2";"0,00";"320,00";"320,00";"154,88";"M14";"V32";"C0136"
"V003379";"24-01-2025";"web";"Livree";"P0012";"3";"0,00";"3030,00";"3030,00";"1765,62";"M15";"V34";"C0016"
"V003380";"24-01-2025";"MAGASIN";"EnCours";"P0015";"2";"0,00";"1100,00";"1100,00";"611,50";"M17";"V42";"C0049"
"V003381";"24-01-2025";"MAGASIN";"Livree";"P0059";"1";"10,00";"40,00";"36,00";"19,23";"M24";"V57";"C0043"
"V003382";"24-01-2025";"Magasin";"livree";"P0012";"2";"10,00";"2020,00";"1818,00";"1177,08";"M16";"V39";"C0043"
"V003383";"24-01-2025";"WEB";"Livree";"P0059";"1";"0,00";"40,00";"40,00";"19,23";"M11";"V23";"C0002"
"V003384";"24-01-2025";"MAGASIN";"Livree";"P0051";"2";"0,00";"310,00";"310,00";"155,70";"M01";"V02";"C0084"
"V003385";"24-01-2025";"MAGASIN";"Annulee";"P0002";"2";"5,00";"1400,00";"1330,00";"705,52";"M10";"V21";"C0011"
"V003386";"24-01-2025";"Magasin";"Livree";"P0002";"1";"0,00";"700,00";"700,00";"352,76";"M07";"V14";"C0216"
"V003387";"24-01-2025";"Magasin";"Livree";"P0024";"3";"0,00";"2310,00";"2310,00";"1397,67";"M06";"V13";"C0022"
"V003388";"24-01-2025";"Magasin";"livree";"P0001";"3";"0,00";"3165,00";"3165,00";"1882,92";"M06";"V13";"C0220"
"V003389";"24-01-2025";"Magasin";"Livree";"P0023";"1";"0,00";"700,00";"700,00";"404,57";"M02";"V05";"C0205"
"V003390";"24-01-2025";"Magasin";"Livree";"P0060";"2";"0,00";"80,00";"80,00";"40,92";"M05";"V11";"C0146"
"V003391";"25-01-2025";"Magasin";"Livree";"P0017";"1";"0,00";"450,00";"450,00";"256,83";"M06";"V12";"C0046"
"V003392";"25-01-2025";"Magasin";"Livree";"P0008";"2";"10,00";"990,00";"891,00";"487,52";"M25";"V60";"C0130"
"V003393";"25-01-2025";"Web";"Livree";"P0002";"4";"0,00";"2800,00";"2800,00";"1411,04";"M03";"V06";"C0036"
"V003394";"25-01-2025";"Magasin";"LIVREE";"P0005";"4";"0,00";"1300,00";"1300,00";"594,84";"M14";"V32";"C0189"
"V003395";"25-01-2025";"magasin";"Livree";"P0061";"1";"0,00";"140,00";"140,00";"75,47";"M14";"V33";"C0180"
"V003396";"25-01-2025";"Magasin";"Livree";"P0002";"1";"5,00";"700,00";"665,00";"352,76";"M02";"V04";"C0031"
"V003397";"25-01-2025";"Web";"Livree";"P0063";"1";"5,00";"105,00";"99,75";"58,21";"M10";"V20";"C0038"
"V003398";"25-01-2025";"MAGASIN";"Annulee";"P0021";"3";"0,00";"1230,00";"1230,00";"568,23";"M24";"V58";"C0015"
"V003399";"25-01-2025";"MAGASIN";"LIVREE";"P0062";"2";"0,00";"260,00";"260,00";"132,26";"M21";"V52";"C0035"
"V003400";"25-01-2025";"Magasin";"LIVREE";"P0012";"1";"0,00";"1010,00";"1010,00";"588,54";"M03";"V06";"C0067"
"V003401";"25-01-2025";"web";"livree";"P0024";"3";"0,00";"2310,00";"2310,00";"1397,67";"M17";"V42";"C0008"
"V003402";"25-01-2025";"Magasin";"LIVREE";"P0062";"1";"0,00";"130,00";"130,00";"66,13";"M04";"V08";"C0107"
"V003403";"25-01-2025";"Magasin";"Livree";"P0047";"1";"0,00";"1665,00";"1665,00";"1004,07";"M10";"V21";"C0134"
"V003404";"25-01-2025";"magasin";"livree";"P0006";"1";"0,00";"1075,00";"1075,00";"657,19";"M16";"V37";"C0006"
"V003405";"25-01-2025";"Magasin";"Livree";"P0012";"4";"0,00";"4040,00";"4040,00";"2354,16";"M14";"V32";"C0203"
"V003406";"25-01-2025";"magasin";"LIVREE";"P0053";"3";"0,00";"465,00";"465,00";"249,03";"M04";"V09";"C0198"
"V003407";"25-01-2025";"WEB";"EnCours";"P0012";"1";"10,00";"1010,00";"909,00";"588,54";"M14";"V33";"C0110"
"V003408";"25-01-2025";"Magasin";"Livree";"P0017";"2";"0,00";"900,00";"900,00";"513,66";"M09";"V18";"C0086"
"V003409";"25-01-2025";"Magasin";"Livree";"P0013";"2";"5,00";"1500,00";"1425,00";"676,36";"M19";"V46";"C0167"
"V003410";"25-01-2025";"WEB";"Livree";"P0019";"1";"0,00";"535,00";"535,00";"307,48";"M24";"V57";"C0091"
"V003411";"25-01-2025";"magasin";"LIVREE";"P0003";"1";"0,00";"710,00";"710,00";"395,33";"M14";"V32";"C0193"
"V003412";"25-01-2025";"Magasin";"LIVREE";"P0010";"2";"5,00";"1910,00";"1814,50";"1025,88";"M07";"V15";"C0040"
"V003413";"25-01-2025";"web";"Livree";"P0055";"2";"0,00";"80,00";"80,00";"38,42";"M07";"V14";"C0082"
"V003414";"25-01-2025";"Magasin";"Livree";"P0004";"1";"0,00";"960,00";"960,00";"561,87";"M24";"V58";"C0193"
"V003415";"26-01-2025";"MAGASIN";"LIVREE";"P0049";"4";"5,00";"7080,00";"6726,00";"3192,28";"M07";"V14";"C0187"
"V003416";"26-01-2025";"magasin";"LIVREE";"P0019";"1";"5,00";"535,00";"508,25";"307,48";"M02";"V04";"C0049"
"V003417";"26-01-2025";"MAGASIN";"Livree";"P0017";"1";"0,00";"450,00";"450,00";"256,83";"M20";"V49";"C0092"
"V003418";"26-01-2025";"magasin";"Livree";"P0017";"3";"0,00";"1350,00";"1350,00";"770,49";"M16";"V38";"C0004"
"V003419";"26-01-2025";"web";"LIVREE";"P0046";"3";"0,00";"3105,00";"3105,00";"1846,08";"M24";"V58";"C0109"
"V003420";"26-01-2025";"WEB";"Livree";"P0009";"2";"0,00";"1010,00";"1010,00";"594,34";"M06";"V12";"C0194"
"V003421";"26-01-2025";"Web";"LIVREE";"P0010";"4";"0,00";"3820,00";"3820,00";"2051,76";"M09";"V18";"C0053"
"V003422";"26-01-2025";"magasin";"Livree";"P0011";"2";"0,00";"2300,00";"2300,00";"1343,94";"M13";"V29";"C0013"
"V003423";"26-01-2025";"Magasin";"Livree";"P0033";"1";"0,00";"50,00";"50,00";"22,73";"M10";"V21";"C0026"
"V003424";"26-01-2025";"magasin";"Livree";"P0060";"3";"0,00";"120,00";"120,00";"61,38";"M08";"V17";"C0054"
"V003425";"26-01-2025";"MAGASIN";"Livree";"P0020";"2";"0,00";"770,00";"770,00";"435,94";"M21";"V52";"C0069"
"V003426";"26-01-2025";"MAGASIN";"Livree";"P0012";"1";"5,00";"1010,00";"959,50";"588,54";"M11";"V25";"C0196"
"V003427";"26-01-2025";"Magasin";"Livree";"P0052";"2";"0,00";"270,00";"270,00";"145,02";"M08";"V17";"C0026"
"V003428";"26-01-2025";"Web";"livree";"P0014";"4";"5,00";"2540,00";"2413,00";"1333,88";"M17";"V40";"C0175"
"V003429";"26-01-2025";"MAGASIN";"Livree";"P0012";"1";"0,00";"1010,00";"1010,00";"588,54";"M03";"V07";"C0124"
"V003430";"27-01-2025";"magasin";"livree";"P0016";"1";"0,00";"385,00";"385,00";"178,74";"M05";"V10";"C0192"
"V003431";"27-01-2025";"web";"livree";"P0014";"3";"5,00";"1905,00";"1809,75";"1000,41";"M13";"V29";"C0025"
"V003432";"27-01-2025";"Magasin";"livree";"P0040";"1";"0,00";"1910,00";"1910,00";"1038,92";"M25";"V60";"C0125"
"V003433";"27-01-2025";"WEB";"Annulee";"P0018";"1";"0,00";"865,00";"865,00";"441,11";"M04";"V09";"C0061"
"V003434";"27-01-2025";"Magasin";"Livree";"P0013";"2";"0,00";"1500,00";"1500,00";"676,36";"M11";"V24";"C0079"
"V003435";"27-01-2025";"magasin";"Livree";"P0016";"3";"0,00";"1155,00";"1155,00";"536,22";"M05";"V11";"C0131"
"V003436";"27-01-2025";"Magasin";"livree";"P0004";"1";"0,00";"960,00";"960,00";"561,87";"M24";"V58";"C0075"
"V003437";"27-01-2025";"WEB";"LIVREE";"P0018";"2";"5,00";"1730,00";"1643,50";"882,22";"M15";"V36";"C0095"
"V003438";"28-01-2025";"web";"EnCours";"P0013";"1";"0,00";"750,00";"750,00";"338,18";"M01";"V01";"C0058"
"V003439";"28-01-2025";"magasin";"Livree";"P0014";"2";"10,00";"1270,00";"1143,00";"666,94";"M20";"V50";"C0201"
"V003440";"28-01-2025";"Web";"Livree";"P0009";"1";"0,00";"505,00";"505,00";"297,17";"M15";"V35";"C0172"
"V003441";"28-01-2025";"MAGASIN";"Livree";"P0017";"3";"0,00";"1350,00";"1350,00";"770,49";"M20";"V49";"C0021"
"V003442";"28-01-2025";"Web";"Livree";"P0001";"1";"0,00";"1055,00";"1055,00";"627,64";"M13";"V30";"C0202"
"V003443";"28-01-2025";"Magasin";"livree";"P0057";"3";"5,00";"60,00";"57,00";"32,67";"M17";"V41";"C0169"
"V003444";"28-01-2025";"Magasin";"Livree";"P0018";"1";"0,00";"865,00";"865,00";"441,11";"M14";"V32";"C0161"
"V003445";"28-01-2025";"magasin";"LIVREE";"P0018";"1";"0,00";"865,00";"865,00";"441,11";"M13";"V30";"C0132"
"V003446";"28-01-2025";"Magasin";"livree";"P0062";"2";"0,00";"260,00";"260,00";"132,26";"M08";"V17";"C0218"
"V003447";"28-01-2025";"Magasin";"Livree";"P0023";"1";"5,00";"700,00";"665,00";"404,57";"M12";"V27";"C0042"
"V003448";"28-01-2025";"Magasin";"livree";"P0012";"2";"5,00";"2020,00";"1919,00";"1177,08";"M25";"V59";"C0117"
"V003449";"28-01-2025";"Magasin";"encours";"P0060";"1";"0,00";"40,00";"40,00";"20,46";"M07";"V15";"C0054"
"V003450";"28-01-2025";"Magasin";"LIVREE";"P0011";"4";"5,00";"4600,00";"4370,00";"2687,88";"M05";"V11";"C0103"
"V003451";"28-01-2025";"Magasin";"Livree";"P0058";"1";"0,00";"65,00";"65,00";"31,31";"M08";"V17";"C0120"
"V003452";"28-01-2025";"Magasin";"LIVREE";"P0062";"2";"0,00";"260,00";"260,00";"132,26";"M25";"V60";"C0060"
"V003453";"29-01-2025";"Web";"Livree";"P0013";"1";"10,00";"750,00";"675,00";"338,18";"M09";"V19";"C0074"
"V003454";"29-01-2025";"web";"Livree";"P0040";"2";"5,00";"3820,00";"3629,00";"2077,84";"M07";"V14";"C0012"
"V003455";"29-01-2025";"WEB";"LIVREE";"P0060";"1";"0,00";"40,00";"40,00";"20,46";"M23";"V56";"C0133"
"V003456";"29-01-2025";"WEB";"LIVREE";"P0051";"1";"10,00";"155,00";"139,50";"77,85";"M11";"V23";"C0145"
"V003457";"29-01-2025";"Web";"LIVREE";"P0032";"1";"0,00";"190,00";"190,00";"108,18";"M06";"V13";"C0177"
"V003458";"29-01-2025";"magasin";"Livree";"P0058";"1";"0,00";"65,00";"65,00";"31,31";"M24";"V57";"C0024"
"V003459";"29-01-2025";"WEB";"Livree";"P0009";"2";"0,00";"1010,00";"1010,00";"594,34";"M19";"V46";"C0155"
"V003460";"29-01-2025";"Magasin";"Livree";"P0055";"2";"5,00";"80,00";"76,00";"38,42";"M10";"V20";"C0187"
"V003461";"29-01-2025";"MAGASIN";"LIVREE";"P0051";"2";"10,00";"310,00";"279,00";"155,70";"M25";"V59";"C0127"
"V003462";"29-01-2025";"Magasin";"Livree";"P0030";"1";"5,00";"265,00";"251,75";"125,99";"M24";"V58";"C0048"
"V003463";"29-01-2025";"Magasin";"livree";"P0051";"2";"0,00";"310,00";"310,00";"155,70";"M01";"V02";"C0180"
"V003464";"29-01-2025";"Magasin";"LIVREE";"P0059";"2";"0,00";"80,00";"80,00";"38,46";"M03";"V06";"C0086"
"V003465";"29-01-2025";"MAGASIN";"LIVREE";"P0053";"1";"0,00";"155,00";"155,00";"83,01";"M13";"V29";"C0065"
"V003466";"30-01-2025";"magasin";"encours";"P0022";"2";"0,00";"860,00";"860,00";"411,40";"M22";"V53";"C0218"
"V003467";"30-01-2025";"Magasin";"livree";"P0018";"1";"5,00";"865,00";"821,75";"441,11";"M20";"V49";"C0168"
"V003468";"30-01-2025";"web";"LIVREE";"P0012";"1";"0,00";"1010,00";"1010,00";"588,54";"M15";"V35";"C0117"
"V003469";"30-01-2025";"web";"Livree";"P0053";"3";"0,00";"465,00";"465,00";"249,03";"M17";"V40";"C0051"
"V003470";"30-01-2025";"Web";"LIVREE";"P0059";"1";"0,00";"40,00";"40,00";"19,23";"M15";"V35";"C0189"
"V003471";"30-01-2025";"Web";"Livree";"P0002";"1";"5,00";"700,00";"665,00";"352,76";"M14";"V33";"C0156"
"V003472";"30-01-2025";"MAGASIN";"livree";"P0051";"1";"5,00";"155,00";"147,25";"77,85";"M24";"V58";"C0209"
"V003473";"30-01-2025";"web";"Livree";"P0058";"1";"10,00";"65,00";"58,50";"31,31";"M04";"V09";"C0137"
"V003474";"30-01-2025";"WEB";"LIVREE";"P0007";"1";"5,00";"955,00";"907,25";"443,15";"M11";"V23";"C0054"
"V003475";"30-01-2025";"WEB";"Livree";"P0005";"1";"0,00";"325,00";"325,00";"148,71";"M22";"V54";"C0096"
"V003476";"30-01-2025";"MAGASIN";"LIVREE";"P0046";"1";"0,00";"1035,00";"1035,00";"615,36";"M15";"V34";"C0218"
"V003477";"30-01-2025";"Magasin";"LIVREE";"P0064";"3";"0,00";"210,00";"210,00";"107,58";"M12";"V27";"C0010"
"V003478";"30-01-2025";"web";"Livree";"P0052";"1";"0,00";"135,00";"135,00";"72,51";"M14";"V32";"C0217"
"V003479";"31-01-2025";"Web";"Livree";"P0016";"2";"5,00";"770,00";"731,50";"357,48";"M20";"V48";"C0174"
"V003480";"31-01-2025";"Magasin";"Livree";"P0014";"1";"0,00";"635,00";"635,00";"333,47";"M02";"V05";"C0194"
"V003481";"31-01-2025";"magasin";"livree";"P0007";"4";"0,00";"3820,00";"3820,00";"1772,60";"M20";"V49";"C0021"
"V003482";"31-01-2025";"Magasin";"Livree";"P0001";"2";"5,00";"2110,00";"2004,50";"1255,28";"M12";"V28";"C0022"
"V003483";"31-01-2025";"WEB";"EnCours";"P0008";"2";"0,00";"990,00";"990,00";"487,52";"M19";"V47";"C0018"
"V003484";"31-01-2025";"Magasin";"livree";"P0064";"1";"0,00";"70,00";"70,00";"35,86";"M23";"V56";"C0008"
"V003485";"31-01-2025";"Magasin";"Livree";"P0053";"1";"0,00";"155,00";"155,00";"83,01";"M25";"V60";"C0195"
"V003486";"31-01-2025";"web";"Livree";"P0001";"3";"0,00";"3165,00";"3165,00";"1882,92";"M06";"V13";"C0107"
"V003487";"31-01-2025";"MAGASIN";"Livree";"P0060";"2";"0,00";"80,00";"80,00";"40,92";"M24";"V58";"C0086"
"V003488";"31-01-2025";"WEB";"Livree";"P0056";"1";"0,00";"25,00";"25,00";"12,15";"M07";"V14";"C0149"
"V003489";"01-02-2025";"Magasin";"LIVREE";"P0021";"2";"0,00";"820,00";"820,00";"378,82";"M13";"V29";"C0040"
"V003490";"01-02-2025";"Magasin";"Livree";"P0059";"2";"0,00";"80,00";"80,00";"38,46";"M22";"V54";"C0011"
"V003491";"01-02-2025";"Web";"Livree";"P0048";"1";"0,00";"1760,00";"1760,00";"945,76";"M16";"V39";"C0192"
"V003492";"01-02-2025";"Magasin";"LIVREE";"P0058";"2";"0,00";"130,00";"130,00";"62,62";"M05";"V10";"C0058"
"V003493";"01-02-2025";"Magasin";"Livree";"P0002";"1";"0,00";"700,00";"700,00";"352,76";"M08";"V17";"C0205"
"V003494";"01-02-2025";"web";"Livree";"P0016";"1";"0,00";"385,00";"385,00";"178,74";"M18";"V43";"C0093"
"V003495";"01-02-2025";"Magasin";"LIVREE";"P0054";"2";"5,00";"320,00";"304,00";"154,88";"M07";"V14";"C0112"
"V003496";"01-02-2025";"web";"LIVREE";"P0059";"2";"0,00";"80,00";"80,00";"38,46";"M17";"V41";"C0181"
"V003497";"01-02-2025";"Magasin";"Livree";"P0012";"2";"0,00";"2020,00";"2020,00";"1177,08";"M10";"V22";"C0187"
"V003498";"01-02-2025";"magasin";"LIVREE";"P0003";"2";"5,00";"1420,00";"1349,00";"790,66";"M11";"V25";"C0016"
"V003499";"01-02-2025";"Magasin";"livree";"P0054";"1";"5,00";"160,00";"152,00";"77,44";"M04";"V09";"C0056"
"V003500";"01-02-2025";"Magasin";"LIVREE";"P0018";"3";"5,00";"2595,00";"2465,25";"1323,33";"M21";"V52";"C0186"
"V003501";"01-02-2025";"magasin";"Livree";"P0053";"2";"0,00";"310,00";"310,00";"166,02";"M16";"V38";"C0002"
"V003502";"01-02-2025";"Web";"Annulee";"P0058";"1";"0,00";"65,00";"65,00";"31,31";"M20";"V50";"C0176"
"V003503";"01-02-2025";"magasin";"LIVREE";"P0021";"1";"0,00";"410,00";"410,00";"189,41";"M15";"V35";"C0196"
"V003504";"01-02-2025";"Web";"Annulee";"P0010";"3";"0,00";"2865,00";"2865,00";"1538,82";"M03";"V06";"C0182"
"V003505";"02-02-2025";"MAGASIN";"Livree";"P0055";"1";"0,00";"40,00";"40,00";"19,21";"M10";"V22";"C0141"
"V003506";"02-02-2025";"Magasin";"LIVREE";"P0012";"1";"5,00";"1010,00";"959,50";"588,54";"M12";"V28";"C0157"
"V003507";"02-02-2025";"WEB";"LIVREE";"P0003";"2";"5,00";"1420,00";"1349,00";"790,66";"M13";"V29";"C0075"
"V003508";"02-02-2025";"Magasin";"Livree";"P0011";"2";"0,00";"2300,00";"2300,00";"1343,94";"M10";"V20";"C0217"
"V003509";"02-02-2025";"Magasin";"Annulee";"P0062";"1";"5,00";"130,00";"123,50";"66,13";"M08";"V17";"C0052"
"V003510";"02-02-2025";"WEB";"LIVREE";"P0060";"1";"10,00";"40,00";"36,00";"20,46";"M11";"V25";"C0096"
"V003511";"03-02-2025";"web";"livree";"P0007";"2";"0,00";"1910,00";"1910,00";"886,30";"M19";"V45";"C0089"
"V003512";"03-02-2025";"MAGASIN";"livree";"P0019";"1";"0,00";"535,00";"535,00";"307,48";"M18";"V43";"C0218"
"V003513";"03-02-2025";"Web";"livree";"P0063";"2";"5,00";"210,00";"199,50";"116,42";"M20";"V49";"C0162"
"V003514";"03-02-2025";"magasin";"LIVREE";"P0053";"4";"0,00";"620,00";"620,00";"332,04";"M23";"V55";"C0010"
"V003515";"03-02-2025";"Web";"LIVREE";"P0057";"3";"0,00";"60,00";"60,00";"32,67";"M20";"V48";"C0149"
"V003516";"03-02-2025";"magasin";"livree";"P0057";"1";"10,00";"20,00";"18,00";"10,89";"M18";"V43";"C0112"
"V003517";"03-02-2025";"MAGASIN";"Livree";"P0056";"1";"0,00";"25,00";"25,00";"12,15";"M08";"V16";"C0131"
"V003518";"03-02-2025";"Web";"Livree";"P0007";"2";"0,00";"1910,00";"1910,00";"886,30";"M17";"V41";"C0111"
"V003519";"04-02-2025";"Web";"livree";"P0055";"1";"0,00";"40,00";"40,00";"19,21";"M25";"V59";"C0012"
"V003520";"04-02-2025";"Web";"livree";"P0022";"2";"0,00";"860,00";"860,00";"411,40";"M11";"V24";"C0166"
"V003521";"04-02-2025";"MAGASIN";"livree";"P0013";"1";"0,00";"750,00";"750,00";"338,18";"M17";"V41";"C0112"
"V003522";"04-02-2025";"magasin";"LIVREE";"P0049";"2";"0,00";"3540,00";"3540,00";"1596,14";"M10";"V20";"C0094"
"V003523";"04-02-2025";"magasin";"Livree";"P0057";"3";"5,00";"60,00";"57,00";"32,67";"M11";"V24";"C0109"
"V003524";"04-02-2025";"magasin";"LIVREE";"P0012";"1";"0,00";"1010,00";"1010,00";"588,54";"M21";"V51";"C0073"
"V003525";"04-02-2025";"magasin";"Livree";"P0058";"1";"5,00";"65,00";"61,75";"31,31";"M25";"V60";"C0010"
"V003526";"04-02-2025";"web";"Livree";"P0019";"2";"0,00";"1070,00";"1070,00";"614,96";"M21";"V51";"C0123"
"V003527";"05-02-2025";"Magasin";"EnCours";"P0062";"1";"0,00";"130,00";"130,00";"66,13";"M14";"V32";"C0152"
"V003528";"05-02-2025";"magasin";"Livree";"P0048";"1";"0,00";"1760,00";"1760,00";"945,76";"M08";"V17";"C0051"
"V003529";"05-02-2025";"magasin";"Livree";"P0042";"1";"0,00";"2045,00";"2045,00";"1236,64";"M07";"V14";"C0012"
"V003530";"05-02-2025";"Magasin";"Livree";"P0013";"1";"0,00";"750,00";"750,00";"338,18";"M01";"V02";"C0040"
"V003531";"05-02-2025";"Web";"LIVREE";"P0003";"2";"0,00";"1420,00";"1420,00";"790,66";"M14";"V32";"C0151"
"V003532";"05-02-2025";"magasin";"livree";"P0002";"1";"0,00";"700,00";"700,00";"352,76";"M01";"V02";"C0122"
"V003533";"05-02-2025";"Magasin";"EnCours";"P0063";"1";"0,00";"105,00";"105,00";"58,21";"M01";"V02";"C0113"
"V003534";"05-02-2025";"magasin";"Livree";"P0033";"1";"0,00";"50,00";"50,00";"22,73";"M08";"V16";"C0083"
"V003535";"05-02-2025";"Web";"livree";"P0062";"4";"5,00";"520,00";"494,00";"264,52";"M18";"V44";"C0131"
"V003536";"05-02-2025";"Magasin";"LIVREE";"P0012";"1";"0,00";"1010,00";"1010,00";"588,54";"M12";"V26";"C0144"
"V003537";"05-02-2025";"Magasin";"Livree";"P0005";"1";"0,00";"325,00";"325,00";"148,71";"M03";"V07";"C0122"
"V003538";"06-02-2025";"Magasin";"LIVREE";"P0011";"2";"0,00";"2300,00";"2300,00";"1343,94";"M13";"V30";"C0064"
"V003539";"06-02-2025";"magasin";"Annulee";"P0012";"3";"0,00";"3030,00";"3030,00";"1765,62";"M02";"V05";"C0178"
"V003540";"06-02-2025";"MAGASIN";"Livree";"P0055";"1";"0,00";"40,00";"40,00";"19,21";"M01";"V01";"C0033"
"V003541";"06-02-2025";"Magasin";"encours";"P0041";"1";"0,00";"2225,00";"2225,00";"1348,70";"M18";"V44";"C0034"
"V003542";"06-02-2025";"WEB";"LIVREE";"P0060";"2";"0,00";"80,00";"80,00";"40,92";"M16";"V39";"C0065"
"V003543";"06-02-2025";"MAGASIN";"LIVREE";"P0018";"3";"0,00";"2595,00";"2595,00";"1323,33";"M19";"V45";"C0002"
"V003544";"06-02-2025";"web";"livree";"P0061";"1";"0,00";"140,00";"140,00";"75,47";"M02";"V04";"C0217"
"V003545";"06-02-2025";"Magasin";"Livree";"P0011";"1";"0,00";"1150,00";"1150,00";"671,97";"M17";"V41";"C0120"
"V003546";"06-02-2025";"magasin";"EnCours";"P0010";"1";"0,00";"955,00";"955,00";"512,94";"M24";"V57";"C0039"
"V003547";"06-02-2025";"WEB";"Livree";"P0020";"1";"0,00";"385,00";"385,00";"217,97";"M25";"V59";"C0004"
"V003548";"06-02-2025";"Web";"Livree";"P0017";"1";"10,00";"450,00";"405,00";"256,83";"M22";"V53";"C0195"
"V003549";"07-02-2025";"Magasin";"livree";"P0018";"2";"5,00";"1730,00";"1643,50";"882,22";"M05";"V10";"C0028"
"V003550";"07-02-2025";"web";"LIVREE";"P0059";"1";"0,00";"40,00";"40,00";"19,23";"M13";"V30";"C0197"
"V003551";"07-02-2025";"Magasin";"LIVREE";"P0056";"3";"0,00";"75,00";"75,00";"36,45";"M10";"V21";"C0195"
"V003552";"07-02-2025";"Magasin";"EnCours";"P0048";"3";"0,00";"5280,00";"5280,00";"2837,28";"M13";"V29";"C0208"
"V003553";"07-02-2025";"Magasin";"livree";"P0014";"1";"0,00";"635,00";"635,00";"333,47";"M25";"V60";"C0143"
"V003554";"07-02-2025";"web";"Livree";"P0050";"3";"0,00";"690,00";"690,00";"347,49";"M08";"V16";"C0053"
"V003555";"07-02-2025";"WEB";"Livree";"P0020";"1";"5,00";"385,00";"365,75";"217,97";"M07";"V14";"C0117"
"V003556";"07-02-2025";"magasin";"encours";"P0028";"3";"0,00";"390,00";"390,00";"201,78";"M07";"V15";"C0012"
"V003557";"07-02-2025";"Magasin";"Livree";"P0047";"3";"0,00";"4995,00";"4995,00";"3012,21";"M03";"V07";"C0090"
"V003558";"07-02-2025";"magasin";"encours";"P0064";"1";"5,00";"70,00";"66,50";"35,86";"M10";"V20";"C0024"
"V003559";"07-02-2025";"magasin";"Livree";"P0063";"1";"5,00";"105,00";"99,75";"58,21";"M11";"V23";"C0200"
"V003560";"07-02-2025";"Magasin";"Livree";"P0051";"1";"0,00";"155,00";"155,00";"77,85";"M15";"V35";"C0161"
"V003561";"07-02-2025";"Magasin";"Livree";"P0013";"1";"10,00";"750,00";"675,00";"338,18";"M14";"V32";"C0152"
"V003562";"07-02-2025";"web";"livree";"P0063";"1";"0,00";"105,00";"105,00";"58,21";"M18";"V43";"C0122"
"V003563";"08-02-2025";"magasin";"Livree";"P0028";"1";"0,00";"130,00";"130,00";"67,26";"M05";"V11";"C0214"
"V003564";"08-02-2025";"Web";"Livree";"P0013";"2";"0,00";"1500,00";"1500,00";"676,36";"M23";"V56";"C0123"
"V003565";"08-02-2025";"Magasin";"Livree";"P0011";"2";"10,00";"2300,00";"2070,00";"1343,94";"M13";"V29";"C0021"
"V003566";"08-02-2025";"Magasin";"Livree";"P0058";"2";"5,00";"130,00";"123,50";"62,62";"M25";"V60";"C0178"
"V003567";"08-02-2025";"Web";"Livree";"P0017";"2";"0,00";"900,00";"900,00";"513,66";"M19";"V45";"C0177"
"V003568";"08-02-2025";"Magasin";"encours";"P0021";"2";"0,00";"820,00";"820,00";"378,82";"M21";"V52";"C0012"
"V003569";"08-02-2025";"Magasin";"Livree";"P0012";"1";"0,00";"1010,00";"1010,00";"588,54";"M13";"V30";"C0010"
"V003570";"08-02-2025";"magasin";"Livree";"P0028";"1";"0,00";"130,00";"130,00";"67,26";"M14";"V32";"C0152"
"V003571";"08-02-2025";"Web";"LIVREE";"P0054";"3";"0,00";"480,00";"480,00";"232,32";"M21";"V52";"C0141"
"V003572";"08-02-2025";"web";"LIVREE";"P0025";"2";"0,00";"110,00";"110,00";"64,74";"M01";"V03";"C0200"
"V003573";"08-02-2025";"Magasin";"LIVREE";"P0002";"2";"0,00";"1400,00";"1400,00";"705,52";"M02";"V04";"C0202"
"V003574";"08-02-2025";"web";"livree";"P0051";"1";"0,00";"155,00";"155,00";"77,85";"M12";"V28";"C0115"
"V003575";"08-02-2025";"Magasin";"Annulee";"P0011";"2";"0,00";"2300,00";"2300,00";"1343,94";"M05";"V10";"C0143"
"V003576";"08-02-2025";"web";"Livree";"P0008";"2";"0,00";"990,00";"990,00";"487,52";"M17";"V40";"C0063"
"V003577";"09-02-2025";"magasin";"Livree";"P0013";"1";"0,00";"750,00";"750,00";"338,18";"M07";"V14";"C0107"
"V003578";"09-02-2025";"WEB";"Livree";"P0064";"1";"0,00";"70,00";"70,00";"35,86";"M01";"V03";"C0157"
"V003579";"09-02-2025";"MAGASIN";"Livree";"P0053";"2";"5,00";"310,00";"294,50";"166,02";"M24";"V58";"C0208"
"V003580";"09-02-2025";"Magasin";"LIVREE";"P0044";"2";"10,00";"3600,00";"3240,00";"2106,42";"M19";"V45";"C0095"
"V003581";"09-02-2025";"MAGASIN";"Livree";"P0026";"3";"0,00";"825,00";"825,00";"412,35";"M20";"V49";"C0008"
"V003582";"09-02-2025";"Magasin";"Livree";"P0006";"3";"5,00";"3225,00";"3063,75";"1971,57";"M23";"V55";"C0082"
"V003583";"09-02-2025";"WEB";"LIVREE";"P0061";"2";"10,00";"280,00";"252,00";"150,94";"M14";"V32";"C0120"
"V003584";"09-02-2025";"WEB";"Livree";"P0001";"3";"10,00";"3165,00";"2848,50";"1882,92";"M15";"V34";"C0112"
"V003585";"10-02-2025";"Web";"LIVREE";"P0010";"2";"0,00";"1910,00";"1910,00";"1025,88";"M10";"V22";"C0188"
"V003586";"10-02-2025";"Magasin";"Livree";"P0013";"1";"0,00";"750,00";"750,00";"338,18";"M19";"V47";"C0215"
"V003587";"10-02-2025";"Magasin";"encours";"P0046";"2";"0,00";"2070,00";"2070,00";"1230,72";"M09";"V18";"C0007"
"V003588";"10-02-2025";"MAGASIN";"LIVREE";"P0001";"2";"0,00";"2110,00";"2110,00";"1255,28";"M06";"V13";"C0057"
"V003589";"10-02-2025";"Magasin";"LIVREE";"P0020";"2";"0,00";"770,00";"770,00";"435,94";"M20";"V48";"C0053"
"V003590";"10-02-2025";"WEB";"Livree";"P0007";"2";"0,00";"1910,00";"1910,00";"886,30";"M24";"V58";"C0127"
"V003591";"10-02-2025";"magasin";"Livree";"P0016";"3";"10,00";"1155,00";"1039,50";"536,22";"M09";"V19";"C0192"
"V003592";"10-02-2025";"Web";"LIVREE";"P0023";"1";"0,00";"700,00";"700,00";"404,57";"M19";"V47";"C0183"
"V003593";"10-02-2025";"web";"livree";"P0012";"1";"0,00";"1010,00";"1010,00";"588,54";"M17";"V42";"C0017"
"V003594";"10-02-2025";"Magasin";"Livree";"P0063";"2";"0,00";"210,00";"210,00";"116,42";"M20";"V48";"C0186"
"V003595";"11-02-2025";"Magasin";"Livree";"P0012";"1";"0,00";"1010,00";"1010,00";"588,54";"M07";"V14";"C0062"
"V003596";"11-02-2025";"magasin";"LIVREE";"P0018";"1";"5,00";"865,00";"821,75";"441,11";"M08";"V16";"C0033"
"V003597";"11-02-2025";"MAGASIN";"Livree";"P0012";"3";"5,00";"3030,00";"2878,50";"1765,62";"M25";"V60";"C0098"
"V003598";"11-02-2025";"Web";"livree";"P0010";"3";"0,00";"2865,00";"2865,00";"1538,82";"M18";"V43";"C0163"
"V003599";"11-02-2025";"WEB";"Livree";"P0036";"1";"0,00";"105,00";"105,00";"57,91";"M09";"V19";"C0156"
"V003600";"11-02-2025";"web";"Livree";"P0063";"2";"0,00";"210,00";"210,00";"116,42";"M23";"V56";"C0166"
"V003601";"11-02-2025";"magasin";"Livree";"P0006";"1";"0,00";"1075,00";"1075,00";"657,19";"M23";"V55";"C0116"
"V003602";"11-02-2025";"magasin";"EnCours";"P0010";"2";"0,00";"1910,00";"1910,00";"1025,88";"M13";"V29";"C0122"
"V003603";"11-02-2025";"MAGASIN";"Livree";"P0061";"1";"0,00";"140,00";"140,00";"75,47";"M22";"V54";"C0121"
"V003604";"11-02-2025";"Web";"livree";"P0004";"2";"0,00";"1920,00";"1920,00";"1123,74";"M17";"V40";"C0092"
"V003605";"11-02-2025";"Magasin";"Annulee";"P0011";"1";"5,00";"1150,00";"1092,50";"671,97";"M07";"V15";"C0220"
"V003606";"12-02-2025";"MAGASIN";"Annulee";"P0039";"1";"0,00";"1485,00";"1485,00";"673,51";"M24";"V58";"C0089"
"V003607";"12-02-2025";"Magasin";"Livree";"P0014";"1";"5,00";"635,00";"603,25";"333,47";"M09";"V18";"C0072"
"V003608";"12-02-2025";"Magasin";"Livree";"P0031";"1";"0,00";"150,00";"150,00";"92,24";"M19";"V47";"C0044"
"V003609";"12-02-2025";"web";"Livree";"P0014";"2";"5,00";"1270,00";"1206,50";"666,94";"M01";"V01";"C0170"
"V003610";"12-02-2025";"MAGASIN";"LIVREE";"P0057";"3";"0,00";"60,00";"60,00";"32,67";"M22";"V53";"C0154"
"V003611";"12-02-2025";"Web";"Annulee";"P0023";"2";"5,00";"1400,00";"1330,00";"809,14";"M18";"V43";"C0192"
"V003612";"12-02-2025";"Magasin";"Livree";"P0015";"1";"5,00";"550,00";"522,50";"305,75";"M23";"V56";"C0057"
"V003613";"12-02-2025";"WEB";"LIVREE";"P0004";"4";"0,00";"3840,00";"3840,00";"2247,48";"M11";"V23";"C0172"
"V003614";"12-02-2025";"Web";"Livree";"P0010";"3";"0,00";"2865,00";"2865,00";"1538,82";"M12";"V28";"C0072"
"V003615";"12-02-2025";"Magasin";"Livree";"P0002";"2";"5,00";"1400,00";"1330,00";"705,52";"M17";"V40";"C0169"
"V003616";"12-02-2025";"Magasin";"Livree";"P0008";"2";"0,00";"990,00";"990,00";"487,52";"M17";"V41";"C0082"
"V003617";"12-02-2025";"Web";"LIVREE";"P0007";"1";"0,00";"955,00";"955,00";"443,15";"M20";"V48";"C0093"
"V003618";"12-02-2025";"magasin";"Livree";"P0015";"1";"0,00";"550,00";"550,00";"305,75";"M21";"V52";"C0192"
"V003619";"12-02-2025";"Web";"Livree";"P0061";"3";"0,00";"420,00";"420,00";"226,41";"M10";"V20";"C0039"
"V003620";"12-02-2025";"MAGASIN";"Livree";"P0054";"4";"10,00";"640,00";"576,00";"309,76";"M02";"V05";"C0141"
"V003621";"12-02-2025";"WEB";"Livree";"P0025";"2";"0,00";"110,00";"110,00";"64,74";"M25";"V59";"C0052"
"V003622";"12-02-2025";"WEB";"Livree";"P0063";"2";"0,00";"210,00";"210,00";"116,42";"M24";"V57";"C0055"
"V003623";"12-02-2025";"Magasin";"Livree";"P0051";"1";"5,00";"155,00";"147,25";"77,85";"M02";"V05";"C0083"
"V003624";"12-02-2025";"WEB";"Livree";"P0001";"2";"0,00";"2110,00";"2110,00";"1255,28";"M20";"V49";"C0095"
"V003625";"13-02-2025";"Magasin";"Livree";"P0015";"3";"0,00";"1650,00";"1650,00";"917,25";"M25";"V60";"C0107"
"V003626";"13-02-2025";"Web";"LIVREE";"P0019";"1";"5,00";"535,00";"508,25";"307,48";"M13";"V31";"C0150"
"V003627";"13-02-2025";"Magasin";"livree";"P0036";"2";"0,00";"210,00";"210,00";"115,82";"M03";"V06";"C0087"
"V003628";"13-02-2025";"WEB";"LIVREE";"P0046";"2";"0,00";"2070,00";"2070,00";"1230,72";"M03";"V07";"C0085"
"V003629";"13-02-2025";"WEB";"EnCours";"P0046";"1";"5,00";"1035,00";"983,25";"615,36";"M13";"V29";"C0202"
"V003630";"13-02-2025";"Magasin";"EnCours";"P0015";"3";"0,00";"1650,00";"1650,00";"917,25";"M02";"V04";"C0034"
"V003631";"13-02-2025";"Magasin";"LIVREE";"P0010";"1";"0,00";"955,00";"955,00";"512,94";"M11";"V23";"C0057"
"V003632";"13-02-2025";"Magasin";"Livree";"P0011";"1";"0,00";"1150,00";"1150,00";"671,97";"M11";"V25";"C0071"
"V003633";"13-02-2025";"magasin";"LIVREE";"P0004";"2";"5,00";"1920,00";"1824,00";"1123,74";"M06";"V13";"C0032"
"V003634";"13-02-2025";"Magasin";"Livree";"P0040";"1";"10,00";"1910,00";"1719,00";"1038,92";"M12";"V26";"C0140"
"V003635";"14-02-2025";"WEB";"LIVREE";"P0008";"2";"0,00";"990,00";"990,00";"487,52";"M09";"V18";"C0132"
"V003636";"14-02-2025";"Magasin";"Annulee";"P0019";"1";"0,00";"535,00";"535,00";"307,48";"M24";"V57";"C0082"
"V003637";"14-02-2025";"Magasin";"Livree";"P0054";"3";"5,00";"480,00";"456,00";"232,32";"M03";"V07";"C0071"
"V003638";"14-02-2025";"magasin";"LIVREE";"P0005";"1";"10,00";"325,00";"292,50";"148,71";"M09";"V19";"C0046"
"V003639";"14-02-2025";"Magasin";"LIVREE";"P0019";"2";"0,00";"1070,00";"1070,00";"614,96";"M22";"V53";"C0089"
"V003640";"14-02-2025";"magasin";"LIVREE";"P0009";"2";"0,00";"1010,00";"1010,00";"594,34";"M21";"V52";"C0193"
"V003641";"14-02-2025";"MAGASIN";"Livree";"P0019";"2";"5,00";"1070,00";"1016,50";"614,96";"M02";"V05";"C0220"
"V003642";"14-02-2025";"Magasin";"Livree";"P0011";"1";"0,00";"1150,00";"1150,00";"671,97";"M10";"V22";"C0003"
"V003643";"14-02-2025";"WEB";"Livree";"P0003";"2";"5,00";"1420,00";"1349,00";"790,66";"M18";"V43";"C0137"
"V003644";"14-02-2025";"magasin";"LIVREE";"P0063";"1";"0,00";"105,00";"105,00";"58,21";"M01";"V01";"C0186"
"V003645";"15-02-2025";"MAGASIN";"encours";"P0024";"3";"0,00";"2310,00";"2310,00";"1397,67";"M02";"V05";"C0102"
"V003646";"15-02-2025";"magasin";"EnCours";"P0021";"2";"0,00";"820,00";"820,00";"378,82";"M23";"V56";"C0027"
"V003647";"15-02-2025";"Magasin";"Livree";"P0013";"1";"0,00";"750,00";"750,00";"338,18";"M11";"V24";"C0037"
"V003648";"15-02-2025";"Magasin";"LIVREE";"P0054";"1";"0,00";"160,00";"160,00";"77,44";"M01";"V03";"C0206"
"V003649";"15-02-2025";"web";"Livree";"P0009";"2";"0,00";"1010,00";"1010,00";"594,34";"M04";"V09";"C0009"
"V003650";"15-02-2025";"Magasin";"LIVREE";"P0018";"1";"0,00";"865,00";"865,00";"441,11";"M23";"V55";"C0158"
"V003651";"15-02-2025";"Magasin";"Livree";"P0033";"2";"5,00";"100,00";"95,00";"45,46";"M17";"V42";"C0022"
"V003652";"15-02-2025";"magasin";"Livree";"P0054";"1";"0,00";"160,00";"160,00";"77,44";"M13";"V31";"C0202"
"V003653";"15-02-2025";"Magasin";"LIVREE";"P0046";"1";"0,00";"1035,00";"1035,00";"615,36";"M09";"V19";"C0009"
"V003654";"15-02-2025";"magasin";"encours";"P0062";"2";"5,00";"260,00";"247,00";"132,26";"M20";"V48";"C0202"
"V003655";"15-02-2025";"Magasin";"Annulee";"P0001";"3";"0,00";"3165,00";"3165,00";"1882,92";"M24";"V57";"C0027"
"V003656";"15-02-2025";"MAGASIN";"Annulee";"P0015";"2";"0,00";"1100,00";"1100,00";"611,50";"M04";"V09";"C0013"
"V003657";"15-02-2025";"Magasin";"Livree";"P0002";"1";"0,00";"700,00";"700,00";"352,76";"M19";"V45";"C0098"
"V003658";"15-02-2025";"Magasin";"Livree";"P0063";"3";"0,00";"315,00";"315,00";"174,63";"M21";"V51";"C0143"
"V003659";"15-02-2025";"Magasin";"LIVREE";"P0002";"2";"0,00";"1400,00";"1400,00";"705,52";"M07";"V15";"C0179"
"V003660";"15-02-2025";"Magasin";"Livree";"P0064";"1";"0,00";"70,00";"70,00";"35,86";"M06";"V13";"C0069"
"V003661";"16-02-2025";"Magasin";"Livree";"P0010";"1";"10,00";"955,00";"859,50";"512,94";"M19";"V46";"C0183"
"V003662";"16-02-2025";"magasin";"LIVREE";"P0041";"2";"0,00";"4450,00";"4450,00";"2697,40";"M02";"V05";"C0131"
"V003663";"16-02-2025";"web";"Livree";"P0011";"1";"0,00";"1150,00";"1150,00";"671,97";"M18";"V44";"C0110"
"V003664";"16-02-2025";"web";"EnCours";"P0060";"3";"5,00";"120,00";"114,00";"61,38";"M25";"V60";"C0118"
"V003665";"16-02-2025";"magasin";"LIVREE";"P0063";"1";"0,00";"105,00";"105,00";"58,21";"M01";"V02";"C0190"
"V003666";"16-02-2025";"web";"Livree";"P0054";"3";"5,00";"480,00";"456,00";"232,32";"M16";"V37";"C0083"
"V003667";"16-02-2025";"Magasin";"LIVREE";"P0004";"1";"5,00";"960,00";"912,00";"561,87";"M06";"V13";"C0186"
"V003668";"16-02-2025";"Web";"Livree";"P0024";"2";"0,00";"1540,00";"1540,00";"931,78";"M11";"V24";"C0076"
"V003669";"16-02-2025";"magasin";"Livree";"P0056";"3";"0,00";"75,00";"75,00";"36,45";"M12";"V26";"C0121"
"V003670";"17-02-2025";"magasin";"EnCours";"P0021";"4";"10,00";"1640,00";"1476,00";"757,64";"M10";"V21";"C0212"
"V003671";"17-02-2025";"MAGASIN";"Livree";"P0024";"1";"0,00";"770,00";"770,00";"465,89";"M17";"V40";"C0156"
"V003672";"17-02-2025";"Magasin";"Livree";"P0054";"4";"0,00";"640,00";"640,00";"309,76";"M25";"V59";"C0147"
"V003673";"17-02-2025";"Magasin";"livree";"P0006";"1";"0,00";"1075,00";"1075,00";"657,19";"M01";"V03";"C0009"
"V003674";"17-02-2025";"Web";"Livree";"P0056";"1";"5,00";"25,00";"23,75";"12,15";"M01";"V01";"C0046"
"V003675";"17-02-2025";"magasin";"LIVREE";"P0016";"1";"0,00";"385,00";"385,00";"178,74";"M03";"V06";"C0150"
"V003676";"17-02-2025";"Magasin";"Annulee";"P0051";"1";"0,00";"155,00";"155,00";"77,85";"M03";"V06";"C0202"
"V003677";"17-02-2025";"Magasin";"Annulee";"P0016";"2";"0,00";"770,00";"770,00";"357,48";"M24";"V57";"C0001"
"V003678";"18-02-2025";"Magasin";"livree";"P0053";"2";"0,00";"310,00";"310,00";"166,02";"M19";"V46";"C0043"
"V003679";"18-02-2025";"web";"Annulee";"P0054";"1";"0,00";"160,00";"160,00";"77,44";"M04";"V09";"C0179"
"V003680";"18-02-2025";"MAGASIN";"LIVREE";"P0052";"2";"0,00";"270,00";"270,00";"145,02";"M24";"V58";"C0043"
"V003681";"18-02-2025";"MAGASIN";"Livree";"P0020";"3";"0,00";"1155,00";"1155,00";"653,91";"M02";"V04";"C0043"
"V003682";"18-02-2025";"Magasin";"LIVREE";"P0003";"2";"0,00";"1420,00";"1420,00";"790,66";"M08";"V17";"C0188"
"V003683";"18-02-2025";"magasin";"Annulee";"P0058";"3";"0,00";"195,00";"195,00";"93,93";"M03";"V06";"C0041"
"V003684";"18-02-2025";"MAGASIN";"LIVREE";"P0002";"1";"5,00";"700,00";"665,00";"352,76";"M19";"V47";"C0148"
"V003685";"18-02-2025";"Magasin";"livree";"P0010";"2";"0,00";"1910,00";"1910,00";"1025,88";"M15";"V34";"C0035"
"V003686";"18-02-2025";"MAGASIN";"Livree";"P0009";"1";"0,00";"505,00";"505,00";"297,17";"M24";"V57";"C0118"
"V003687";"18-02-2025";"MAGASIN";"Livree";"P0053";"2";"10,00";"310,00";"279,00";"166,02";"M04";"V09";"C0168"
"V003688";"18-02-2025";"Magasin";"LIVREE";"P0026";"1";"0,00";"275,00";"275,00";"137,45";"M08";"V16";"C0180"
"V003689";"19-02-2025";"Magasin";"Livree";"P0025";"1";"0,00";"55,00";"55,00";"32,37";"M16";"V37";"C0143"
"V003690";"19-02-2025";"web";"Livree";"P0020";"3";"0,00";"1155,00";"1155,00";"653,91";"M18";"V43";"C0194"
"V003691";"19-02-2025";"Magasin";"LIVREE";"P0047";"1";"0,00";"1665,00";"1665,00";"1004,07";"M11";"V24";"C0065"
"V003692";"19-02-2025";"magasin";"EnCours";"P0019";"3";"5,00";"1605,00";"1524,75";"922,44";"M11";"V23";"C0035"
"V003693";"19-02-2025";"Magasin";"Livree";"P0064";"3";"10,00";"210,00";"189,00";"107,58";"M14";"V32";"C0078"
"V003694";"19-02-2025";"magasin";"encours";"P0019";"3";"0,00";"1605,00";"1605,00";"922,44";"M08";"V16";"C0212"
"V003695";"20-02-2025";"MAGASIN";"livree";"P0053";"1";"10,00";"155,00";"139,50";"83,01";"M09";"V19";"C0114"
"V003696";"20-02-2025";"Web";"livree";"P0063";"4";"0,00";"420,00";"420,00";"232,84";"M02";"V04";"C0125"
"V003697";"20-02-2025";"Magasin";"Livree";"P0008";"3";"5,00";"1485,00";"1410,75";"731,28";"M23";"V56";"C0073"
"V003698";"20-02-2025";"web";"LIVREE";"P0005";"2";"5,00";"650,00";"617,50";"297,42";"M04";"V08";"C0021"
"V003699";"20-02-2025";"Magasin";"Livree";"P0017";"1";"0,00";"450,00";"450,00";"256,83";"M08";"V16";"C0140"
"V003700";"20-02-2025";"WEB";"encours";"P0058";"3";"0,00";"195,00";"195,00";"93,93";"M08";"V17";"C0038"
"V003701";"20-02-2025";"Magasin";"EnCours";"P0003";"2";"10,00";"1420,00";"1278,00";"790,66";"M20";"V48";"C0155"
"V003702";"21-02-2025";"magasin";"LIVREE";"P0054";"1";"0,00";"160,00";"160,00";"77,44";"M23";"V56";"C0032"
"V003703";"21-02-2025";"MAGASIN";"Livree";"P0056";"3";"5,00";"75,00";"71,25";"36,45";"M21";"V52";"C0165"
"V003704";"21-02-2025";"magasin";"livree";"P0060";"1";"0,00";"40,00";"40,00";"20,46";"M16";"V39";"C0027"
"V003705";"21-02-2025";"Magasin";"LIVREE";"P0017";"3";"0,00";"1350,00";"1350,00";"770,49";"M09";"V18";"C0065"
"V003706";"21-02-2025";"WEB";"EnCours";"P0004";"1";"5,00";"960,00";"912,00";"561,87";"M18";"V43";"C0143"
"V003707";"21-02-2025";"Magasin";"Livree";"P0014";"3";"0,00";"1905,00";"1905,00";"1000,41";"M11";"V24";"C0157"
"V003708";"21-02-2025";"Web";"LIVREE";"P0021";"3";"0,00";"1230,00";"1230,00";"568,23";"M09";"V18";"C0047"
"V003709";"22-02-2025";"Magasin";"Livree";"P0060";"1";"0,00";"40,00";"40,00";"20,46";"M09";"V19";"C0219"
"V003710";"22-02-2025";"MAGASIN";"Annulee";"P0012";"2";"5,00";"2020,00";"1919,00";"1177,08";"M09";"V19";"C0096"
"V003711";"22-02-2025";"Magasin";"LIVREE";"P0057";"1";"0,00";"20,00";"20,00";"10,89";"M18";"V43";"C0037"
"V003712";"22-02-2025";"Magasin";"Livree";"P0059";"1";"0,00";"40,00";"40,00";"19,23";"M01";"V02";"C0111"
"V003713";"22-02-2025";"web";"LIVREE";"P0026";"1";"0,00";"275,00";"275,00";"137,45";"M16";"V39";"C0074"
"V003714";"22-02-2025";"Magasin";"livree";"P0011";"4";"10,00";"4600,00";"4140,00";"2687,88";"M20";"V48";"C0126"
"V003715";"22-02-2025";"WEB";"livree";"P0004";"1";"0,00";"960,00";"960,00";"561,87";"M20";"V50";"C0164"
"V003716";"22-02-2025";"web";"Livree";"P0058";"2";"5,00";"130,00";"123,50";"62,62";"M20";"V49";"C0028"
"V003717";"22-02-2025";"web";"Livree";"P0053";"1";"0,00";"155,00";"155,00";"83,01";"M05";"V11";"C0190"
"V003718";"22-02-2025";"Magasin";"LIVREE";"P0004";"3";"5,00";"2880,00";"2736,00";"1685,61";"M02";"V04";"C0212"
"V003719";"22-02-2025";"Magasin";"Livree";"P0034";"1";"0,00";"200,00";"200,00";"118,44";"M23";"V56";"C0075"
"V003720";"22-02-2025";"web";"EnCours";"P0002";"2";"0,00";"1400,00";"1400,00";"705,52";"M19";"V47";"C0063"
"V003721";"22-02-2025";"magasin";"LIVREE";"P0012";"1";"0,00";"1010,00";"1010,00";"588,54";"M10";"V21";"C0144"
"V003722";"22-02-2025";"MAGASIN";"livree";"P0021";"3";"0,00";"1230,00";"1230,00";"568,23";"M02";"V04";"C0137"
"V003723";"22-02-2025";"Magasin";"Livree";"P0019";"4";"0,00";"2140,00";"2140,00";"1229,92";"M06";"V13";"C0113"
"V003724";"23-02-2025";"magasin";"LIVREE";"P0057";"3";"5,00";"60,00";"57,00";"32,67";"M07";"V14";"C0072"
"V003725";"23-02-2025";"Magasin";"EnCours";"P0021";"1";"0,00";"410,00";"410,00";"189,41";"M03";"V07";"C0185"
"V003726";"23-02-2025";"Web";"Livree";"P0057";"1";"0,00";"20,00";"20,00";"10,89";"M04";"V09";"C0213"
"V003727";"23-02-2025";"MAGASIN";"LIVREE";"P0056";"1";"0,00";"25,00";"25,00";"12,15";"M06";"V13";"C0006"
"V003728";"23-02-2025";"Magasin";"livree";"P0017";"2";"0,00";"900,00";"900,00";"513,66";"M17";"V41";"C0075"
"V003729";"23-02-2025";"Web";"LIVREE";"P0006";"4";"0,00";"4300,00";"4300,00";"2628,76";"M08";"V16";"C0163"
"V003730";"23-02-2025";"WEB";"livree";"P0054";"1";"0,00";"160,00";"160,00";"77,44";"M13";"V30";"C0020"
"V003731";"23-02-2025";"Magasin";"EnCours";"P0030";"2";"5,00";"530,00";"503,50";"251,98";"M10";"V20";"C0167"
"V003732";"23-02-2025";"MAGASIN";"LIVREE";"P0017";"1";"0,00";"450,00";"450,00";"256,83";"M08";"V17";"C0072"
"V003733";"23-02-2025";"Magasin";"EnCours";"P0001";"1";"5,00";"1055,00";"1002,25";"627,64";"M13";"V29";"C0002"
"V003734";"23-02-2025";"magasin";"Livree";"P0050";"2";"0,00";"460,00";"460,00";"231,66";"M24";"V58";"C0084"
"V003735";"23-02-2025";"MAGASIN";"LIVREE";"P0051";"1";"0,00";"155,00";"155,00";"77,85";"M05";"V11";"C0001"
"V003736";"24-02-2025";"WEB";"LIVREE";"P0006";"3";"0,00";"3225,00";"3225,00";"1971,57";"M24";"V58";"C0012"
"V003737";"24-02-2025";"WEB";"Livree";"P0051";"2";"10,00";"310,00";"279,00";"155,70";"M04";"V08";"C0018"
"V003738";"24-02-2025";"Magasin";"Livree";"P0006";"1";"0,00";"1075,00";"1075,00";"657,19";"M05";"V10";"C0157"
"V003739";"24-02-2025";"web";"LIVREE";"P0024";"3";"0,00";"2310,00";"2310,00";"1397,67";"M11";"V24";"C0110"
"V003740";"24-02-2025";"Magasin";"Livree";"P0006";"2";"0,00";"2150,00";"2150,00";"1314,38";"M18";"V43";"C0218"
"V003741";"24-02-2025";"MAGASIN";"Livree";"P0061";"1";"0,00";"140,00";"140,00";"75,47";"M19";"V45";"C0027"
"V003742";"24-02-2025";"WEB";"Livree";"P0021";"3";"0,00";"1230,00";"1230,00";"568,23";"M10";"V20";"C0026"
"V003743";"24-02-2025";"MAGASIN";"encours";"P0016";"1";"0,00";"385,00";"385,00";"178,74";"M01";"V01";"C0023"
"V003744";"24-02-2025";"Magasin";"livree";"P0063";"2";"5,00";"210,00";"199,50";"116,42";"M15";"V35";"C0135"
"V003745";"25-02-2025";"Magasin";"Livree";"P0063";"1";"0,00";"105,00";"105,00";"58,21";"M07";"V14";"C0024"
"V003746";"25-02-2025";"magasin";"LIVREE";"P0003";"1";"0,00";"710,00";"710,00";"395,33";"M05";"V11";"C0047"
"V003747";"25-02-2025";"web";"LIVREE";"P0046";"1";"0,00";"1035,00";"1035,00";"615,36";"M08";"V16";"C0144"
"V003748";"25-02-2025";"web";"Livree";"P0057";"2";"5,00";"40,00";"38,00";"21,78";"M01";"V03";"C0031"
"V003749";"25-02-2025";"web";"livree";"P0001";"3";"0,00";"3165,00";"3165,00";"1882,92";"M11";"V25";"C0137"
"V003750";"25-02-2025";"web";"Livree";"P0056";"1";"0,00";"25,00";"25,00";"12,15";"M09";"V18";"C0027"
"V003751";"25-02-2025";"web";"LIVREE";"P0005";"2";"5,00";"650,00";"617,50";"297,42";"M10";"V22";"C0168"
"V003752";"25-02-2025";"magasin";"LIVREE";"P0027";"3";"0,00";"660,00";"660,00";"319,98";"M15";"V36";"C0072"
"V003753";"26-02-2025";"Magasin";"Livree";"P0017";"1";"0,00";"450,00";"450,00";"256,83";"M03";"V07";"C0109"
"V003754";"26-02-2025";"magasin";"LIVREE";"P0012";"2";"0,00";"2020,00";"2020,00";"1177,08";"M05";"V10";"C0080"
"V003755";"26-02-2025";"Magasin";"Livree";"P0007";"1";"0,00";"955,00";"955,00";"443,15";"M11";"V23";"C0189"
"V003756";"26-02-2025";"magasin";"livree";"P0011";"1";"0,00";"1150,00";"1150,00";"671,97";"M13";"V30";"C0154"
"V003757";"26-02-2025";"Web";"LIVREE";"P0010";"1";"0,00";"955,00";"955,00";"512,94";"M18";"V43";"C0064"
"V003758";"26-02-2025";"magasin";"LIVREE";"P0004";"1";"0,00";"960,00";"960,00";"561,87";"M20";"V48";"C0207"
"V003759";"26-02-2025";"MAGASIN";"Livree";"P0024";"3";"0,00";"2310,00";"2310,00";"1397,67";"M09";"V19";"C0034"
"V003760";"26-02-2025";"WEB";"EnCours";"P0061";"2";"5,00";"280,00";"266,00";"150,94";"M14";"V33";"C0170"
"V003761";"26-02-2025";"Magasin";"EnCours";"P0013";"2";"5,00";"1500,00";"1425,00";"676,36";"M04";"V08";"C0210"
"V003762";"26-02-2025";"MAGASIN";"Livree";"P0035";"1";"5,00";"170,00";"161,50";"91,98";"M08";"V17";"C0012"
"V003763";"26-02-2025";"web";"LIVREE";"P0022";"1";"0,00";"430,00";"430,00";"205,70";"M12";"V26";"C0122"
"V003764";"26-02-2025";"MAGASIN";"livree";"P0057";"2";"5,00";"40,00";"38,00";"21,78";"M06";"V13";"C0133"
"V003765";"27-02-2025";"Magasin";"Livree";"P0011";"1";"5,00";"1150,00";"1092,50";"671,97";"M18";"V44";"C0118"
"V003766";"27-02-2025";"Web";"encours";"P0004";"2";"0,00";"1920,00";"1920,00";"1123,74";"M13";"V29";"C0156"
"V003767";"27-02-2025";"Magasin";"livree";"P0037";"1";"5,00";"230,00";"218,50";"115,95";"M12";"V26";"C0168"
"V003768";"27-02-2025";"Magasin";"Livree";"P0015";"1";"0,00";"550,00";"550,00";"305,75";"M07";"V15";"C0053"
"V003769";"27-02-2025";"Magasin";"Livree";"P0025";"3";"5,00";"165,00";"156,75";"97,11";"M02";"V05";"C0116"
"V003770";"27-02-2025";"Magasin";"livree";"P0013";"1";"0,00";"750,00";"750,00";"338,18";"M22";"V53";"C0003"
"V003771";"27-02-2025";"web";"Livree";"P0012";"1";"0,00";"1010,00";"1010,00";"588,54";"M20";"V48";"C0179"
"V003772";"27-02-2025";"Magasin";"Livree";"P0057";"2";"0,00";"40,00";"40,00";"21,78";"M17";"V40";"C0042"
"V003773";"27-02-2025";"web";"EnCours";"P0022";"1";"0,00";"430,00";"430,00";"205,70";"M11";"V24";"C0025"
"V003774";"28-02-2025";"Web";"LIVREE";"P0009";"2";"0,00";"1010,00";"1010,00";"594,34";"M16";"V38";"C0140"
"V003775";"28-02-2025";"WEB";"Annulee";"P0010";"2";"0,00";"1910,00";"1910,00";"1025,88";"M13";"V29";"C0112"
"V003776";"28-02-2025";"Magasin";"LIVREE";"P0052";"3";"0,00";"405,00";"405,00";"217,53";"M23";"V56";"C0170"
"V003777";"28-02-2025";"Magasin";"EnCours";"P0061";"3";"0,00";"420,00";"420,00";"226,41";"M09";"V18";"C0046"
"V003778";"28-02-2025";"Magasin";"Livree";"P0046";"2";"0,00";"2070,00";"2070,00";"1230,72";"M13";"V29";"C0040"
"V003779";"28-02-2025";"MAGASIN";"livree";"P0003";"2";"0,00";"1420,00";"1420,00";"790,66";"M23";"V55";"C0071"
"V003780";"28-02-2025";"Magasin";"Livree";"P0010";"3";"0,00";"2865,00";"2865,00";"1538,82";"M01";"V01";"C0214"
"V003781";"28-02-2025";"web";"LIVREE";"P0058";"2";"5,00";"130,00";"123,50";"62,62";"M13";"V30";"C0141"
"V003782";"28-02-2025";"web";"Livree";"P0013";"1";"0,00";"750,00";"750,00";"338,18";"M23";"V56";"C0109"
"V003783";"28-02-2025";"web";"EnCours";"P0023";"1";"0,00";"700,00";"700,00";"404,57";"M05";"V10";"C0081"
"V003784";"28-02-2025";"Web";"EnCours";"P0005";"1";"0,00";"325,00";"325,00";"148,71";"M07";"V14";"C0140"
"V003785";"01-03-2025";"MAGASIN";"Livree";"P0026";"2";"5,00";"550,00";"522,50";"274,90";"M21";"V52";"C0053"
"V003786";"01-03-2025";"Magasin";"Livree";"P0056";"1";"10,00";"25,00";"22,50";"12,15";"M21";"V52";"C0107"
"V003787";"01-03-2025";"magasin";"livree";"P0032";"3";"0,00";"570,00";"570,00";"324,54";"M12";"V27";"C0074"
"V003788";"01-03-2025";"magasin";"Livree";"P0059";"1";"0,00";"40,00";"40,00";"19,23";"M24";"V57";"C0109"
"V003789";"01-03-2025";"magasin";"Livree";"P0035";"3";"0,00";"510,00";"510,00";"275,94";"M25";"V59";"C0167"
"V003790";"01-03-2025";"MAGASIN";"Livree";"P0063";"1";"0,00";"105,00";"105,00";"58,21";"M11";"V25";"C0076"
"V003791";"01-03-2025";"Magasin";"LIVREE";"P0054";"3";"0,00";"480,00";"480,00";"232,32";"M18";"V43";"C0135"
"V003792";"02-03-2025";"Magasin";"LIVREE";"P0061";"3";"0,00";"420,00";"420,00";"226,41";"M22";"V53";"C0129"
"V003793";"02-03-2025";"Magasin";"LIVREE";"P0026";"1";"0,00";"275,00";"275,00";"137,45";"M17";"V40";"C0079"
"V003794";"02-03-2025";"Magasin";"Livree";"P0053";"3";"0,00";"465,00";"465,00";"249,03";"M05";"V11";"C0188"
"V003795";"02-03-2025";"Magasin";"Livree";"P0023";"2";"10,00";"1400,00";"1260,00";"809,14";"M03";"V06";"C0178"
"V003796";"03-03-2025";"MAGASIN";"Livree";"P0033";"1";"5,00";"50,00";"47,50";"22,73";"M04";"V08";"C0207"
"V003797";"03-03-2025";"magasin";"LIVREE";"P0007";"1";"0,00";"955,00";"955,00";"443,15";"M03";"V06";"C0104"
"V003798";"03-03-2025";"Web";"Livree";"P0060";"3";"0,00";"120,00";"120,00";"61,38";"M20";"V48";"C0093"
"V003799";"03-03-2025";"MAGASIN";"Livree";"P0056";"2";"0,00";"50,00";"50,00";"24,30";"M01";"V03";"C0098"
"V003800";"03-03-2025";"Magasin";"Livree";"P0064";"1";"0,00";"70,00";"70,00";"35,86";"M09";"V19";"C0100"
"V003801";"04-03-2025";"Magasin";"Livree";"P0062";"1";"5,00";"130,00";"123,50";"66,13";"M07";"V15";"C0213"
"V003802";"04-03-2025";"Magasin";"LIVREE";"P0045";"1";"0,00";"325,00";"325,00";"149,19";"M04";"V09";"C0062"
"V003803";"04-03-2025";"Magasin";"Livree";"P0060";"2";"0,00";"80,00";"80,00";"40,92";"M07";"V15";"C0021"
"V003804";"05-03-2025";"Magasin";"Livree";"P0061";"2";"10,00";"280,00";"252,00";"150,94";"M03";"V07";"C0078"
"V003805";"05-03-2025";"Magasin";"LIVREE";"P0026";"1";"5,00";"275,00";"261,25";"137,45";"M18";"V44";"C0028"
"V003806";"05-03-2025";"Magasin";"Livree";"P0027";"2";"0,00";"440,00";"440,00";"213,32";"M03";"V06";"C0052"
"V003807";"05-03-2025";"Web";"Livree";"P0011";"1";"5,00";"1150,00";"1092,50";"671,97";"M20";"V48";"C0102"
"V003808";"05-03-2025";"Magasin";"Livree";"P0015";"4";"0,00";"2200,00";"2200,00";"1223,00";"M02";"V04";"C0125"
"V003809";"06-03-2025";"web";"Livree";"P0008";"1";"5,00";"495,00";"470,25";"243,76";"M12";"V28";"C0020"
"V003810";"06-03-2025";"magasin";"livree";"P0054";"2";"0,00";"320,00";"320,00";"154,88";"M04";"V09";"C0113"
"V003811";"06-03-2025";"MAGASIN";"Livree";"P0004";"1";"5,00";"960,00";"912,00";"561,87";"M21";"V51";"C0209"
"V003812";"06-03-2025";"Magasin";"Livree";"P0026";"2";"0,00";"550,00";"550,00";"274,90";"M04";"V09";"C0102"
"V003813";"07-03-2025";"Magasin";"Livree";"P0059";"1";"0,00";"40,00";"40,00";"19,23";"M18";"V44";"C0193"
"V003814";"07-03-2025";"WEB";"Livree";"P0051";"2";"0,00";"310,00";"310,00";"155,70";"M13";"V29";"C0066"
"V003815";"07-03-2025";"Web";"Livree";"P0058";"2";"0,00";"130,00";"130,00";"62,62";"M11";"V23";"C0129"
"V003816";"08-03-2025";"web";"LIVREE";"P0038";"2";"0,00";"460,00";"460,00";"238,64";"M06";"V12";"C0017"
"V003817";"08-03-2025";"Magasin";"LIVREE";"P0049";"1";"5,00";"1770,00";"1681,50";"798,07";"M20";"V48";"C0155"
"V003818";"08-03-2025";"magasin";"Annulee";"P0035";"3";"0,00";"510,00";"510,00";"275,94";"M18";"V43";"C0049"
"V003819";"08-03-2025";"Web";"Livree";"P0046";"1";"5,00";"1035,00";"983,25";"615,36";"M24";"V58";"C0216"
"V003820";"09-03-2025";"Magasin";"Livree";"P0034";"1";"0,00";"200,00";"200,00";"118,44";"M09";"V18";"C0105"
"V003821";"09-03-2025";"Magasin";"Livree";"P0064";"1";"5,00";"70,00";"66,50";"35,86";"M08";"V16";"C0199"
"V003822";"09-03-2025";"WEB";"Livree";"P0007";"2";"0,00";"1910,00";"1910,00";"886,30";"M11";"V25";"C0142"
"V003823";"09-03-2025";"Magasin";"Livree";"P0018";"1";"10,00";"865,00";"778,50";"441,11";"M03";"V07";"C0219"
"V003824";"09-03-2025";"web";"Livree";"P0048";"1";"5,00";"1760,00";"1672,00";"945,76";"M21";"V52";"C0044"
"V003825";"09-03-2025";"MAGASIN";"Livree";"P0060";"1";"0,00";"40,00";"40,00";"20,46";"M11";"V25";"C0048"
"V003826";"09-03-2025";"Magasin";"Livree";"P0010";"3";"0,00";"2865,00";"2865,00";"1538,82";"M12";"V28";"C0133"
"V003827";"10-03-2025";"Magasin";"Livree";"P0042";"2";"0,00";"4090,00";"4090,00";"2473,28";"M08";"V17";"C0171"
"V003828";"11-03-2025";"magasin";"Livree";"P0052";"1";"10,00";"135,00";"121,50";"72,51";"M23";"V55";"C0029"
"V003829";"11-03-2025";"Magasin";"Annulee";"P0040";"3";"0,00";"5730,00";"5730,00";"3116,76";"M02";"V04";"C0171"
"V003830";"11-03-2025";"MAGASIN";"livree";"P0037";"2";"0,00";"460,00";"460,00";"231,90";"M20";"V49";"C0125"
"V003831";"11-03-2025";"Magasin";"LIVREE";"P0053";"1";"5,00";"155,00";"147,25";"83,01";"M09";"V19";"C0139"
"V003832";"11-03-2025";"Magasin";"EnCours";"P0028";"2";"5,00";"260,00";"247,00";"134,52";"M22";"V53";"C0021"
"V003833";"11-03-2025";"Magasin";"livree";"P0062";"1";"5,00";"130,00";"123,50";"66,13";"M13";"V30";"C0067"
"V003834";"11-03-2025";"Magasin";"Livree";"P0051";"3";"0,00";"465,00";"465,00";"233,55";"M14";"V32";"C0158"
"V003835";"11-03-2025";"Magasin";"Livree";"P0056";"1";"10,00";"25,00";"22,50";"12,15";"M20";"V50";"C0107"
"V003836";"11-03-2025";"MAGASIN";"livree";"P0021";"1";"0,00";"410,00";"410,00";"189,41";"M14";"V33";"C0048"
"V003837";"12-03-2025";"magasin";"LIVREE";"P0055";"1";"0,00";"40,00";"40,00";"19,21";"M17";"V42";"C0037"
"V003838";"12-03-2025";"MAGASIN";"LIVREE";"P0063";"2";"0,00";"210,00";"210,00";"116,42";"M03";"V07";"C0110"
"V003839";"12-03-2025";"web";"EnCours";"P0050";"3";"0,00";"690,00";"690,00";"347,49";"M16";"V37";"C0050"
"V003840";"12-03-2025";"Magasin";"Livree";"P0034";"1";"0,00";"200,00";"200,00";"118,44";"M01";"V01";"C0198"
"V003841";"13-03-2025";"WEB";"Livree";"P0012";"1";"5,00";"1010,00";"959,50";"588,54";"M22";"V54";"C0003"
"V003842";"13-03-2025";"WEB";"Livree";"P0034";"1";"10,00";"200,00";"180,00";"118,44";"M24";"V58";"C0145"
"V003843";"13-03-2025";"WEB";"LIVREE";"P0055";"1";"0,00";"40,00";"40,00";"19,21";"M21";"V51";"C0143"
"V003844";"13-03-2025";"Web";"Annulee";"P0056";"2";"5,00";"50,00";"47,50";"24,30";"M25";"V59";"C0143"
"V003845";"14-03-2025";"magasin";"EnCours";"P0042";"2";"0,00";"4090,00";"4090,00";"2473,28";"M07";"V15";"C0202"
"V003846";"14-03-2025";"Web";"livree";"P0004";"2";"0,00";"1920,00";"1920,00";"1123,74";"M17";"V42";"C0135"
"V003847";"14-03-2025";"MAGASIN";"Annulee";"P0055";"1";"0,00";"40,00";"40,00";"19,21";"M22";"V53";"C0023"
"V003848";"14-03-2025";"Web";"Annulee";"P0062";"1";"0,00";"130,00";"130,00";"66,13";"M25";"V59";"C0056"
"V003849";"15-03-2025";"Magasin";"Livree";"P0015";"3";"0,00";"1650,00";"1650,00";"917,25";"M25";"V60";"C0020"
"V003850";"15-03-2025";"WEB";"LIVREE";"P0055";"1";"10,00";"40,00";"36,00";"19,21";"M13";"V30";"C0088"
"V003851";"15-03-2025";"Magasin";"encours";"P0035";"1";"5,00";"170,00";"161,50";"91,98";"M08";"V17";"C0077"
"V003852";"15-03-2025";"Magasin";"Livree";"P0031";"1";"0,00";"150,00";"150,00";"92,24";"M03";"V06";"C0208"
"V003853";"15-03-2025";"Web";"Livree";"P0032";"2";"0,00";"380,00";"380,00";"216,36";"M23";"V55";"C0072"
"V003854";"15-03-2025";"Magasin";"LIVREE";"P0052";"1";"10,00";"135,00";"121,50";"72,51";"M21";"V52";"C0112"
"V003855";"15-03-2025";"Magasin";"LIVREE";"P0059";"1";"0,00";"40,00";"40,00";"19,23";"M13";"V29";"C0117"
"V003856";"15-03-2025";"Magasin";"Livree";"P0061";"1";"0,00";"140,00";"140,00";"75,47";"M07";"V15";"C0091"
"V003857";"15-03-2025";"Magasin";"LIVREE";"P0047";"1";"0,00";"1665,00";"1665,00";"1004,07";"M10";"V21";"C0137"
"V003858";"15-03-2025";"web";"Livree";"P0062";"2";"5,00";"260,00";"247,00";"132,26";"M16";"V38";"C0161"
"V003859";"15-03-2025";"Magasin";"LIVREE";"P0057";"1";"0,00";"20,00";"20,00";"10,89";"M19";"V47";"C0198"
"V003860";"16-03-2025";"web";"Annulee";"P0016";"3";"0,00";"1155,00";"1155,00";"536,22";"M06";"V13";"C0167"
"V003861";"16-03-2025";"Web";"Livree";"P0056";"1";"5,00";"25,00";"23,75";"12,15";"M11";"V23";"C0092"
"V003862";"16-03-2025";"Magasin";"LIVREE";"P0051";"1";"0,00";"155,00";"155,00";"77,85";"M19";"V45";"C0038"
"V003863";"17-03-2025";"MAGASIN";"EnCours";"P0029";"1";"0,00";"285,00";"285,00";"169,00";"M19";"V46";"C0142"
"V003864";"17-03-2025";"MAGASIN";"livree";"P0059";"3";"0,00";"120,00";"120,00";"57,69";"M20";"V49";"C0178"
"V003865";"17-03-2025";"Magasin";"Livree";"P0063";"1";"0,00";"105,00";"105,00";"58,21";"M09";"V19";"C0151"
"V003866";"17-03-2025";"Web";"Livree";"P0064";"3";"0,00";"210,00";"210,00";"107,58";"M11";"V25";"C0026"
"V003867";"17-03-2025";"MAGASIN";"Livree";"P0051";"1";"0,00";"155,00";"155,00";"77,85";"M04";"V08";"C0166"
"V003868";"18-03-2025";"web";"LIVREE";"P0041";"2";"0,00";"4450,00";"4450,00";"2697,40";"M19";"V45";"C0053"
"V003869";"18-03-2025";"WEB";"Livree";"P0054";"1";"0,00";"160,00";"160,00";"77,44";"M09";"V19";"C0064"
"V003870";"18-03-2025";"WEB";"EnCours";"P0055";"4";"5,00";"160,00";"152,00";"76,84";"M15";"V34";"C0116"
"V003871";"18-03-2025";"Magasin";"Livree";"P0033";"1";"0,00";"50,00";"50,00";"22,73";"M20";"V49";"C0068"
"V003872";"19-03-2025";"MAGASIN";"Annulee";"P0028";"1";"10,00";"130,00";"117,00";"67,26";"M20";"V49";"C0079"
"V003873";"19-03-2025";"MAGASIN";"LIVREE";"P0062";"3";"0,00";"390,00";"390,00";"198,39";"M02";"V05";"C0119"
"V003874";"19-03-2025";"magasin";"Livree";"P0058";"1";"0,00";"65,00";"65,00";"31,31";"M19";"V45";"C0021"
"V003875";"19-03-2025";"Web";"Livree";"P0060";"1";"0,00";"40,00";"40,00";"20,46";"M15";"V34";"C0069"
"V003876";"19-03-2025";"web";"LIVREE";"P0048";"1";"0,00";"1760,00";"1760,00";"945,76";"M02";"V04";"C0151"
"V003877";"20-03-2025";"Magasin";"Livree";"P0052";"2";"0,00";"270,00";"270,00";"145,02";"M01";"V02";"C0190"
"V003878";"20-03-2025";"Magasin";"Livree";"P0026";"1";"0,00";"275,00";"275,00";"137,45";"M19";"V47";"C0136"
"V003879";"20-03-2025";"Web";"Livree";"P0022";"1";"0,00";"430,00";"430,00";"205,70";"M16";"V38";"C0216"
"V003880";"20-03-2025";"Magasin";"Livree";"P0027";"1";"0,00";"220,00";"220,00";"106,66";"M09";"V19";"C0160"
"V003881";"20-03-2025";"MAGASIN";"LIVREE";"P0040";"2";"0,00";"3820,00";"3820,00";"2077,84";"M07";"V14";"C0047"
"V003882";"20-03-2025";"Magasin";"Livree";"P0041";"1";"10,00";"2225,00";"2002,50";"1348,70";"M14";"V32";"C0058"
"V003883";"20-03-2025";"Web";"LIVREE";"P0040";"3";"10,00";"5730,00";"5157,00";"3116,76";"M13";"V30";"C0167"
"V003884";"21-03-2025";"magasin";"LIVREE";"P0063";"1";"0,00";"105,00";"105,00";"58,21";"M01";"V02";"C0050"
"V003885";"21-03-2025";"Web";"Livree";"P0058";"1";"0,00";"65,00";"65,00";"31,31";"M10";"V22";"C0037"
"V003886";"21-03-2025";"magasin";"livree";"P0059";"1";"0,00";"40,00";"40,00";"19,23";"M03";"V06";"C0201"
"V003887";"21-03-2025";"Web";"Livree";"P0054";"2";"0,00";"320,00";"320,00";"154,88";"M18";"V43";"C0174"
"V003888";"21-03-2025";"MAGASIN";"LIVREE";"P0033";"2";"0,00";"100,00";"100,00";"45,46";"M12";"V27";"C0216"
"V003889";"21-03-2025";"MAGASIN";"encours";"P0051";"1";"0,00";"155,00";"155,00";"77,85";"M16";"V38";"C0139"
"V003890";"21-03-2025";"magasin";"Livree";"P0034";"3";"0,00";"600,00";"600,00";"355,32";"M16";"V38";"C0173"
"V003891";"21-03-2025";"MAGASIN";"Livree";"P0053";"2";"0,00";"310,00";"310,00";"166,02";"M25";"V60";"C0135"
"V003892";"21-03-2025";"Magasin";"livree";"P0019";"1";"5,00";"535,00";"508,25";"307,48";"M09";"V18";"C0170"
"V003893";"21-03-2025";"magasin";"Livree";"P0009";"2";"0,00";"1010,00";"1010,00";"594,34";"M10";"V22";"C0059"
"V003894";"21-03-2025";"WEB";"Livree";"P0046";"3";"0,00";"3105,00";"3105,00";"1846,08";"M18";"V44";"C0069"
"V003895";"21-03-2025";"magasin";"LIVREE";"P0036";"1";"5,00";"105,00";"99,75";"57,91";"M21";"V51";"C0170"
"V003896";"21-03-2025";"Magasin";"LIVREE";"P0018";"3";"0,00";"2595,00";"2595,00";"1323,33";"M22";"V53";"C0168"
"V003897";"21-03-2025";"Magasin";"Livree";"P0048";"1";"0,00";"1760,00";"1760,00";"945,76";"M05";"V11";"C0166"
"V003898";"22-03-2025";"Magasin";"Livree";"P0016";"1";"0,00";"385,00";"385,00";"178,74";"M11";"V23";"C0172"
"V003899";"22-03-2025";"MAGASIN";"Annulee";"P0050";"1";"0,00";"230,00";"230,00";"115,83";"M01";"V02";"C0130"
"V003900";"22-03-2025";"Magasin";"LIVREE";"P0056";"2";"0,00";"50,00";"50,00";"24,30";"M05";"V10";"C0184"
"V003901";"22-03-2025";"Magasin";"Livree";"P0002";"2";"5,00";"1400,00";"1330,00";"705,52";"M16";"V37";"C0220"
"V003902";"22-03-2025";"magasin";"livree";"P0033";"3";"10,00";"150,00";"135,00";"68,19";"M14";"V32";"C0114"
"V003903";"23-03-2025";"Magasin";"Livree";"P0058";"1";"0,00";"65,00";"65,00";"31,31";"M07";"V14";"C0095"
"V003904";"23-03-2025";"Magasin";"encours";"P0038";"1";"10,00";"230,00";"207,00";"119,32";"M02";"V04";"C0093"
"V003905";"24-03-2025";"Magasin";"Annulee";"P0061";"1";"5,00";"140,00";"133,00";"75,47";"M10";"V22";"C0184"
"V003906";"24-03-2025";"MAGASIN";"livree";"P0064";"1";"0,00";"70,00";"70,00";"35,86";"M05";"V11";"C0071"
"V003907";"24-03-2025";"WEB";"LIVREE";"P0057";"2";"5,00";"40,00";"38,00";"21,78";"M03";"V07";"C0152"
"V003908";"24-03-2025";"WEB";"Livree";"P0039";"1";"0,00";"1485,00";"1485,00";"673,51";"M23";"V55";"C0118"
"V003909";"24-03-2025";"MAGASIN";"Livree";"P0053";"1";"0,00";"155,00";"155,00";"83,01";"M18";"V44";"C0110"
"V003910";"24-03-2025";"magasin";"Annulee";"P0041";"1";"0,00";"2225,00";"2225,00";"1348,70";"M21";"V51";"C0149"
"V003911";"24-03-2025";"Magasin";"LIVREE";"P0041";"4";"0,00";"8900,00";"8900,00";"5394,80";"M24";"V58";"C0024"
"V003912";"24-03-2025";"magasin";"LIVREE";"P0051";"1";"10,00";"155,00";"139,50";"77,85";"M01";"V02";"C0201"
"V003913";"24-03-2025";"Magasin";"Livree";"P0049";"1";"0,00";"1770,00";"1770,00";"798,07";"M15";"V36";"C0124"
"V003914";"24-03-2025";"web";"LIVREE";"P0047";"2";"0,00";"3330,00";"3330,00";"2008,14";"M17";"V41";"C0213"
"V003915";"24-03-2025";"Magasin";"Livree";"P0051";"3";"5,00";"465,00";"441,75";"233,55";"M20";"V50";"C0082"
"V003916";"25-03-2025";"WEB";"LIVREE";"P0059";"1";"0,00";"40,00";"40,00";"19,23";"M02";"V05";"C0123"
"V003917";"25-03-2025";"magasin";"livree";"P0053";"3";"0,00";"465,00";"465,00";"249,03";"M15";"V34";"C0185"
"V003918";"25-03-2025";"web";"Livree";"P0056";"1";"0,00";"25,00";"25,00";"12,15";"M04";"V09";"C0161"
"V003919";"26-03-2025";"Web";"livree";"P0022";"1";"0,00";"430,00";"430,00";"205,70";"M05";"V10";"C0028"
"V003920";"26-03-2025";"magasin";"Livree";"P0010";"2";"0,00";"1910,00";"1910,00";"1025,88";"M21";"V51";"C0059"
"V003921";"26-03-2025";"Magasin";"encours";"P0064";"3";"10,00";"210,00";"189,00";"107,58";"M04";"V08";"C0127"
"V003922";"26-03-2025";"web";"LIVREE";"P0032";"1";"0,00";"190,00";"190,00";"108,18";"M02";"V04";"C0004"
"V003923";"27-03-2025";"magasin";"LIVREE";"P0045";"4";"0,00";"1300,00";"1300,00";"596,76";"M04";"V09";"C0192"
"V003924";"27-03-2025";"Magasin";"Livree";"P0043";"2";"0,00";"4460,00";"4460,00";"2397,94";"M11";"V25";"C0102"
"V003925";"28-03-2025";"Magasin";"LIVREE";"P0044";"3";"0,00";"5400,00";"5400,00";"3159,63";"M06";"V13";"C0094"
"V003926";"28-03-2025";"Magasin";"Livree";"P0037";"2";"0,00";"460,00";"460,00";"231,90";"M02";"V04";"C0112"
"V003927";"28-03-2025";"Magasin";"encours";"P0029";"1";"5,00";"285,00";"270,75";"169,00";"M21";"V52";"C0031"
"V003928";"28-03-2025";"Magasin";"Livree";"P0054";"4";"0,00";"640,00";"640,00";"309,76";"M08";"V17";"C0171"
"V003929";"28-03-2025";"magasin";"EnCours";"P0051";"1";"0,00";"155,00";"155,00";"77,85";"M05";"V10";"C0082"
"V003930";"28-03-2025";"magasin";"livree";"P0061";"3";"10,00";"420,00";"378,00";"226,41";"M21";"V52";"C0102"
"V003931";"28-03-2025";"magasin";"Livree";"P0056";"1";"10,00";"25,00";"22,50";"12,15";"M18";"V44";"C0078"
"V003932";"29-03-2025";"magasin";"livree";"P0053";"2";"0,00";"310,00";"310,00";"166,02";"M14";"V32";"C0051"
"V003933";"29-03-2025";"web";"Annulee";"P0022";"1";"0,00";"430,00";"430,00";"205,70";"M16";"V39";"C0164"
"V003934";"29-03-2025";"Magasin";"encours";"P0037";"1";"0,00";"230,00";"230,00";"115,95";"M21";"V51";"C0094"
"V003935";"30-03-2025";"magasin";"Livree";"P0054";"2";"0,00";"320,00";"320,00";"154,88";"M10";"V21";"C0132"
"V003936";"30-03-2025";"Web";"LIVREE";"P0063";"1";"0,00";"105,00";"105,00";"58,21";"M19";"V46";"C0023"
"V003937";"30-03-2025";"Magasin";"Livree";"P0050";"2";"5,00";"460,00";"437,00";"231,66";"M10";"V22";"C0181"
"V003938";"31-03-2025";"Magasin";"LIVREE";"P0035";"2";"5,00";"340,00";"323,00";"183,96";"M14";"V33";"C0178"
"V003939";"31-03-2025";"magasin";"LIVREE";"P0049";"1";"5,00";"1770,00";"1681,50";"798,07";"M05";"V11";"C0037"
"V003940";"31-03-2025";"Magasin";"Livree";"P0005";"1";"0,00";"325,00";"325,00";"148,71";"M22";"V53";"C0197"
"V003941";"31-03-2025";"magasin";"Livree";"P0011";"2";"10,00";"2300,00";"2070,00";"1343,94";"M12";"V28";"C0196"
"V003942";"31-03-2025";"Magasin";"LIVREE";"P0064";"3";"5,00";"210,00";"199,50";"107,58";"M15";"V36";"C0180"
"V003943";"01-04-2025";"Magasin";"livree";"P0055";"3";"5,00";"120,00";"114,00";"57,63";"M04";"V08";"C0102"
"V003944";"01-04-2025";"Magasin";"Livree";"P0056";"2";"5,00";"50,00";"47,50";"24,30";"M17";"V40";"C0200"
"V003945";"01-04-2025";"magasin";"Livree";"P0010";"1";"5,00";"955,00";"907,25";"512,94";"M14";"V32";"C0010"
"V003946";"01-04-2025";"magasin";"Livree";"P0062";"1";"0,00";"130,00";"130,00";"66,13";"M12";"V27";"C0064"
"V003947";"01-04-2025";"Magasin";"Livree";"P0029";"2";"0,00";"570,00";"570,00";"338,00";"M19";"V46";"C0150"
"V003948";"02-04-2025";"WEB";"LIVREE";"P0051";"2";"0,00";"310,00";"310,00";"155,70";"M05";"V11";"C0108"
"V003949";"02-04-2025";"Magasin";"Livree";"P0044";"2";"10,00";"3600,00";"3240,00";"2106,42";"M17";"V42";"C0084"
"V003950";"02-04-2025";"magasin";"Livree";"P0031";"1";"5,00";"150,00";"142,50";"92,24";"M18";"V43";"C0185"
"V003951";"03-04-2025";"magasin";"Livree";"P0056";"1";"0,00";"25,00";"25,00";"12,15";"M21";"V51";"C0064"
"V003952";"03-04-2025";"Magasin";"Livree";"P0056";"1";"0,00";"25,00";"25,00";"12,15";"M01";"V02";"C0020"
"V003953";"03-04-2025";"Magasin";"Annulee";"P0047";"1";"10,00";"1665,00";"1498,50";"1004,07";"M14";"V32";"C0037"
"V003954";"03-04-2025";"Magasin";"LIVREE";"P0057";"1";"0,00";"20,00";"20,00";"10,89";"M07";"V14";"C0160"
"V003955";"04-04-2025";"Web";"LIVREE";"P0016";"1";"5,00";"385,00";"365,75";"178,74";"M11";"V23";"C0212"
"V003956";"04-04-2025";"web";"Livree";"P0043";"1";"0,00";"2230,00";"2230,00";"1198,97";"M19";"V46";"C0004"
"V003957";"04-04-2025";"MAGASIN";"Livree";"P0057";"1";"0,00";"20,00";"20,00";"10,89";"M16";"V39";"C0016"
"V003958";"04-04-2025";"Magasin";"LIVREE";"P0050";"3";"0,00";"690,00";"690,00";"347,49";"M05";"V11";"C0122"
"V003959";"04-04-2025";"magasin";"Livree";"P0003";"3";"5,00";"2130,00";"2023,50";"1185,99";"M04";"V08";"C0133"
"V003960";"04-04-2025";"Magasin";"livree";"P0030";"1";"5,00";"265,00";"251,75";"125,99";"M13";"V30";"C0121"
"V003961";"04-04-2025";"Magasin";"livree";"P0049";"1";"0,00";"1770,00";"1770,00";"798,07";"M17";"V41";"C0202"
"V003962";"04-04-2025";"Magasin";"Livree";"P0027";"2";"0,00";"440,00";"440,00";"213,32";"M20";"V49";"C0195"
"V003963";"04-04-2025";"Magasin";"EnCours";"P0042";"1";"0,00";"2045,00";"2045,00";"1236,64";"M23";"V56";"C0152"
"V003964";"04-04-2025";"Magasin";"livree";"P0037";"1";"0,00";"230,00";"230,00";"115,95";"M25";"V60";"C0183"
"V003965";"05-04-2025";"magasin";"Livree";"P0036";"3";"5,00";"315,00";"299,25";"173,73";"M10";"V21";"C0031"
"V003966";"05-04-2025";"Magasin";"Livree";"P0051";"2";"0,00";"310,00";"310,00";"155,70";"M13";"V30";"C0191"
"V003967";"05-04-2025";"Web";"Livree";"P0039";"2";"10,00";"2970,00";"2673,00";"1347,02";"M20";"V49";"C0194"
"V003968";"05-04-2025";"Magasin";"EnCours";"P0028";"1";"0,00";"130,00";"130,00";"67,26";"M17";"V42";"C0091"
"V003969";"05-04-2025";"Magasin";"Livree";"P0059";"1";"0,00";"40,00";"40,00";"19,23";"M12";"V28";"C0216"
"V003970";"05-04-2025";"MAGASIN";"Livree";"P0060";"3";"0,00";"120,00";"120,00";"61,38";"M06";"V12";"C0102"
"V003971";"05-04-2025";"magasin";"Livree";"P0025";"1";"0,00";"55,00";"55,00";"32,37";"M08";"V16";"C0142"
"V003972";"06-04-2025";"magasin";"livree";"P0025";"2";"10,00";"110,00";"99,00";"64,74";"M11";"V23";"C0034"
"V003973";"06-04-2025";"Web";"Livree";"P0049";"1";"0,00";"1770,00";"1770,00";"798,07";"M11";"V23";"C0112"
"V003974";"06-04-2025";"Magasin";"Livree";"P0044";"1";"0,00";"1800,00";"1800,00";"1053,21";"M23";"V55";"C0128"
"V003975";"06-04-2025";"Magasin";"Livree";"P0053";"1";"0,00";"155,00";"155,00";"83,01";"M09";"V18";"C0076"
"V003976";"07-04-2025";"Magasin";"EnCours";"P0046";"1";"5,00";"1035,00";"983,25";"615,36";"M01";"V03";"C0051"
"V003977";"07-04-2025";"MAGASIN";"encours";"P0050";"2";"0,00";"460,00";"460,00";"231,66";"M18";"V43";"C0124"
"V003978";"07-04-2025";"MAGASIN";"encours";"P0025";"2";"0,00";"110,00";"110,00";"64,74";"M13";"V31";"C0174"
"V003979";"07-04-2025";"Magasin";"Livree";"P0026";"1";"0,00";"275,00";"275,00";"137,45";"M16";"V37";"C0050"
"V003980";"07-04-2025";"Magasin";"Livree";"P0051";"1";"0,00";"155,00";"155,00";"77,85";"M12";"V26";"C0175"
"V003981";"07-04-2025";"MAGASIN";"livree";"P0037";"2";"0,00";"460,00";"460,00";"231,90";"M14";"V33";"C0035"
"V003982";"07-04-2025";"MAGASIN";"livree";"P0052";"1";"5,00";"135,00";"128,25";"72,51";"M01";"V03";"C0135"
"V003983";"07-04-2025";"magasin";"Livree";"P0031";"2";"0,00";"300,00";"300,00";"184,48";"M24";"V58";"C0018"
"V003984";"07-04-2025";"Web";"LIVREE";"P0052";"1";"10,00";"135,00";"121,50";"72,51";"M14";"V32";"C0125"
"V003985";"07-04-2025";"Magasin";"Annulee";"P0063";"1";"10,00";"105,00";"94,50";"58,21";"M19";"V47";"C0166"
"V003986";"07-04-2025";"Magasin";"EnCours";"P0053";"1";"0,00";"155,00";"155,00";"83,01";"M20";"V48";"C0189"
"V003987";"07-04-2025";"MAGASIN";"EnCours";"P0035";"3";"5,00";"510,00";"484,50";"275,94";"M09";"V19";"C0143"
"V003988";"07-04-2025";"Web";"Livree";"P0062";"1";"5,00";"130,00";"123,50";"66,13";"M08";"V16";"C0042"
"V003989";"07-04-2025";"Magasin";"LIVREE";"P0046";"1";"0,00";"1035,00";"1035,00";"615,36";"M11";"V23";"C0037"
"V003990";"08-04-2025";"Magasin";"LIVREE";"P0027";"1";"0,00";"220,00";"220,00";"106,66";"M03";"V07";"C0160"
"V003991";"08-04-2025";"Web";"Livree";"P0040";"3";"0,00";"5730,00";"5730,00";"3116,76";"M24";"V57";"C0077"
"V003992";"08-04-2025";"Web";"livree";"P0014";"2";"0,00";"1270,00";"1270,00";"666,94";"M05";"V10";"C0126"
"V003993";"08-04-2025";"Magasin";"encours";"P0040";"1";"0,00";"1910,00";"1910,00";"1038,92";"M03";"V07";"C0121"
"V003994";"08-04-2025";"magasin";"Livree";"P0022";"2";"0,00";"860,00";"860,00";"411,40";"M08";"V17";"C0074"
"V003995";"08-04-2025";"web";"LIVREE";"P0024";"3";"10,00";"2310,00";"2079,00";"1397,67";"M15";"V34";"C0027"
"V003996";"08-04-2025";"web";"Annulee";"P0051";"1";"0,00";"155,00";"155,00";"77,85";"M13";"V30";"C0186"
"V003997";"08-04-2025";"Web";"livree";"P0024";"1";"10,00";"770,00";"693,00";"465,89";"M06";"V13";"C0081"
"V003998";"09-04-2025";"Magasin";"LIVREE";"P0064";"1";"0,00";"70,00";"70,00";"35,86";"M18";"V43";"C0074"
"V003999";"09-04-2025";"magasin";"Livree";"P0039";"1";"0,00";"1485,00";"1485,00";"673,51";"M18";"V43";"C0088"
"V004000";"09-04-2025";"Magasin";"EnCours";"P0057";"1";"0,00";"20,00";"20,00";"10,89";"M20";"V48";"C0110"
"V004001";"09-04-2025";"magasin";"encours";"P0028";"1";"10,00";"130,00";"117,00";"67,26";"M06";"V12";"C0015"
"V004002";"09-04-2025";"MAGASIN";"LIVREE";"P0059";"1";"0,00";"40,00";"40,00";"19,23";"M11";"V23";"C0106"
"V004003";"10-04-2025";"MAGASIN";"LIVREE";"P0045";"1";"0,00";"325,00";"325,00";"149,19";"M23";"V55";"C0220"
"V004004";"10-04-2025";"web";"Livree";"P0059";"1";"0,00";"40,00";"40,00";"19,23";"M02";"V05";"C0121"
"V004005";"10-04-2025";"Magasin";"Livree";"P0055";"4";"5,00";"160,00";"152,00";"76,84";"M23";"V56";"C0093"
"V004006";"10-04-2025";"web";"Livree";"P0060";"1";"0,00";"40,00";"40,00";"20,46";"M08";"V17";"C0003"
"V004007";"11-04-2025";"web";"Livree";"P0034";"3";"0,00";"600,00";"600,00";"355,32";"M11";"V24";"C0177"
"V004008";"11-04-2025";"Web";"Livree";"P0025";"2";"5,00";"110,00";"104,50";"64,74";"M18";"V44";"C0099"
"V004009";"11-04-2025";"MAGASIN";"LIVREE";"P0046";"2";"5,00";"2070,00";"1966,50";"1230,72";"M19";"V45";"C0085"
"V004010";"11-04-2025";"Web";"LIVREE";"P0004";"1";"0,00";"960,00";"960,00";"561,87";"M22";"V53";"C0124"
"V004011";"11-04-2025";"Web";"Livree";"P0048";"1";"5,00";"1760,00";"1672,00";"945,76";"M05";"V10";"C0080"
"V004012";"11-04-2025";"WEB";"livree";"P0053";"2";"0,00";"310,00";"310,00";"166,02";"M24";"V58";"C0175"
"V004013";"12-04-2025";"MAGASIN";"Livree";"P0064";"3";"0,00";"210,00";"210,00";"107,58";"M09";"V19";"C0139"
"V004014";"12-04-2025";"Web";"Livree";"P0038";"1";"5,00";"230,00";"218,50";"119,32";"M21";"V51";"C0212"
"V004015";"12-04-2025";"Magasin";"Livree";"P0040";"2";"5,00";"3820,00";"3629,00";"2077,84";"M13";"V31";"C0159"
"V004016";"12-04-2025";"Magasin";"LIVREE";"P0051";"1";"0,00";"155,00";"155,00";"77,85";"M02";"V04";"C0044"
"V004017";"12-04-2025";"Magasin";"livree";"P0052";"1";"0,00";"135,00";"135,00";"72,51";"M21";"V52";"C0147"
"V004018";"12-04-2025";"web";"Livree";"P0050";"2";"0,00";"460,00";"460,00";"231,66";"M13";"V30";"C0062"
"V004019";"12-04-2025";"WEB";"LIVREE";"P0057";"3";"0,00";"60,00";"60,00";"32,67";"M03";"V06";"C0153"
"V004020";"13-04-2025";"Web";"LIVREE";"P0049";"3";"5,00";"5310,00";"5044,50";"2394,21";"M08";"V16";"C0079"
"V004021";"13-04-2025";"Magasin";"Livree";"P0015";"3";"0,00";"1650,00";"1650,00";"917,25";"M16";"V38";"C0175"
"V004022";"13-04-2025";"MAGASIN";"Livree";"P0032";"2";"5,00";"380,00";"361,00";"216,36";"M05";"V11";"C0008"
"V004023";"13-04-2025";"MAGASIN";"LIVREE";"P0061";"1";"10,00";"140,00";"126,00";"75,47";"M14";"V32";"C0220"
"V004024";"14-04-2025";"Magasin";"livree";"P0061";"1";"0,00";"140,00";"140,00";"75,47";"M08";"V16";"C0036"
"V004025";"14-04-2025";"Magasin";"Livree";"P0014";"2";"10,00";"1270,00";"1143,00";"666,94";"M14";"V33";"C0028"
"V004026";"14-04-2025";"Magasin";"Livree";"P0063";"1";"10,00";"105,00";"94,50";"58,21";"M10";"V20";"C0047"
"V004027";"14-04-2025";"Magasin";"Livree";"P0052";"1";"5,00";"135,00";"128,25";"72,51";"M12";"V27";"C0039"
"V004028";"14-04-2025";"Magasin";"Livree";"P0062";"1";"5,00";"130,00";"123,50";"66,13";"M07";"V14";"C0090"
"V004029";"15-04-2025";"web";"Livree";"P0027";"2";"10,00";"440,00";"396,00";"213,32";"M15";"V35";"C0064"
"V004030";"15-04-2025";"Magasin";"LIVREE";"P0027";"2";"10,00";"440,00";"396,00";"213,32";"M07";"V15";"C0101"
"V004031";"15-04-2025";"Magasin";"Livree";"P0057";"4";"0,00";"80,00";"80,00";"43,56";"M19";"V46";"C0180"
"V004032";"15-04-2025";"MAGASIN";"LIVREE";"P0061";"2";"0,00";"280,00";"280,00";"150,94";"M20";"V48";"C0214"
"V004033";"15-04-2025";"MAGASIN";"LIVREE";"P0040";"2";"5,00";"3820,00";"3629,00";"2077,84";"M13";"V29";"C0132"
"V004034";"16-04-2025";"WEB";"Annulee";"P0059";"1";"0,00";"40,00";"40,00";"19,23";"M19";"V45";"C0183"
"V004035";"16-04-2025";"Web";"LIVREE";"P0052";"1";"0,00";"135,00";"135,00";"72,51";"M14";"V33";"C0181"
"V004036";"16-04-2025";"magasin";"Livree";"P0051";"2";"5,00";"310,00";"294,50";"155,70";"M15";"V34";"C0098"
"V004037";"16-04-2025";"Magasin";"LIVREE";"P0002";"2";"0,00";"1400,00";"1400,00";"705,52";"M05";"V10";"C0008"
"V004038";"16-04-2025";"magasin";"Annulee";"P0024";"3";"0,00";"2310,00";"2310,00";"1397,67";"M21";"V52";"C0177"
"V004039";"16-04-2025";"Web";"livree";"P0022";"1";"0,00";"430,00";"430,00";"205,70";"M01";"V03";"C0158"
"V004040";"17-04-2025";"Web";"livree";"P0038";"1";"5,00";"230,00";"218,50";"119,32";"M01";"V01";"C0181"
"V004041";"17-04-2025";"Magasin";"LIVREE";"P0058";"1";"5,00";"65,00";"61,75";"31,31";"M02";"V04";"C0055"
"V004042";"17-04-2025";"web";"Annulee";"P0063";"1";"5,00";"105,00";"99,75";"58,21";"M14";"V32";"C0107"
"V004043";"17-04-2025";"MAGASIN";"LIVREE";"P0025";"1";"5,00";"55,00";"52,25";"32,37";"M08";"V16";"C0006"
"V004044";"17-04-2025";"Magasin";"encours";"P0009";"2";"0,00";"1010,00";"1010,00";"594,34";"M15";"V35";"C0059"
"V004045";"17-04-2025";"web";"Annulee";"P0056";"1";"0,00";"25,00";"25,00";"12,15";"M10";"V21";"C0151"
"V004046";"17-04-2025";"Web";"Livree";"P0022";"2";"0,00";"860,00";"860,00";"411,40";"M14";"V32";"C0030"
"V004047";"17-04-2025";"Magasin";"LIVREE";"P0053";"3";"0,00";"465,00";"465,00";"249,03";"M15";"V36";"C0005"
"V004048";"17-04-2025";"WEB";"LIVREE";"P0036";"1";"0,00";"105,00";"105,00";"57,91";"M19";"V46";"C0105"
"V004049";"18-04-2025";"web";"LIVREE";"P0013";"2";"0,00";"1500,00";"1500,00";"676,36";"M14";"V32";"C0091"
"V004050";"18-04-2025";"MAGASIN";"Annulee";"P0025";"1";"0,00";"55,00";"55,00";"32,37";"M16";"V38";"C0159"
"V004051";"18-04-2025";"Magasin";"livree";"P0060";"1";"5,00";"40,00";"38,00";"20,46";"M12";"V27";"C0214"
"V004052";"18-04-2025";"Magasin";"LIVREE";"P0037";"3";"0,00";"690,00";"690,00";"347,85";"M20";"V50";"C0019"
"V004053";"19-04-2025";"Magasin";"Livree";"P0017";"3";"0,00";"1350,00";"1350,00";"770,49";"M02";"V05";"C0167"
"V004054";"19-04-2025";"Magasin";"Livree";"P0064";"2";"0,00";"140,00";"140,00";"71,72";"M16";"V39";"C0116"
"V004055";"19-04-2025";"Web";"Livree";"P0059";"1";"10,00";"40,00";"36,00";"19,23";"M03";"V07";"C0042"
"V004056";"19-04-2025";"Magasin";"livree";"P0060";"1";"0,00";"40,00";"40,00";"20,46";"M01";"V01";"C0008"
"V004057";"19-04-2025";"Magasin";"livree";"P0035";"1";"5,00";"170,00";"161,50";"91,98";"M11";"V25";"C0077"
"V004058";"19-04-2025";"MAGASIN";"LIVREE";"P0010";"3";"0,00";"2865,00";"2865,00";"1538,82";"M18";"V43";"C0181"
"V004059";"20-04-2025";"magasin";"Livree";"P0017";"1";"10,00";"450,00";"405,00";"256,83";"M10";"V22";"C0209"
"V004060";"20-04-2025";"Magasin";"LIVREE";"P0010";"1";"0,00";"955,00";"955,00";"512,94";"M01";"V02";"C0145"
"V004061";"20-04-2025";"WEB";"LIVREE";"P0041";"1";"0,00";"2225,00";"2225,00";"1348,70";"M15";"V35";"C0132"
"V004062";"20-04-2025";"Magasin";"Livree";"P0012";"3";"0,00";"3030,00";"3030,00";"1765,62";"M09";"V19";"C0198"
"V004063";"20-04-2025";"MAGASIN";"encours";"P0003";"2";"0,00";"1420,00";"1420,00";"790,66";"M17";"V40";"C0003"
"V004064";"20-04-2025";"Magasin";"Livree";"P0059";"2";"0,00";"80,00";"80,00";"38,46";"M21";"V52";"C0125"
"V004065";"20-04-2025";"Magasin";"Livree";"P0047";"2";"0,00";"3330,00";"3330,00";"2008,14";"M01";"V01";"C0005"
"V004066";"20-04-2025";"Web";"Livree";"P0039";"3";"0,00";"4455,00";"4455,00";"2020,53";"M07";"V15";"C0070"
"V004067";"20-04-2025";"Magasin";"livree";"P0048";"2";"0,00";"3520,00";"3520,00";"1891,52";"M15";"V35";"C0107"
"V004068";"20-04-2025";"Magasin";"LIVREE";"P0056";"2";"0,00";"50,00";"50,00";"24,30";"M13";"V31";"C0025"
"V004069";"20-04-2025";"Magasin";"Annulee";"P0004";"1";"0,00";"960,00";"960,00";"561,87";"M13";"V31";"C0071"
"V004070";"20-04-2025";"MAGASIN";"LIVREE";"P0020";"4";"0,00";"1540,00";"1540,00";"871,88";"M24";"V57";"C0165"
"V004071";"20-04-2025";"WEB";"LIVREE";"P0061";"1";"0,00";"140,00";"140,00";"75,47";"M15";"V36";"C0056"
"V004072";"21-04-2025";"web";"livree";"P0037";"1";"0,00";"230,00";"230,00";"115,95";"M08";"V16";"C0163"
"V004073";"21-04-2025";"Web";"Livree";"P0038";"3";"5,00";"690,00";"655,50";"357,96";"M22";"V53";"C0174"
"V004074";"21-04-2025";"Magasin";"LIVREE";"P0011";"2";"0,00";"2300,00";"2300,00";"1343,94";"M02";"V05";"C0209"
"V004075";"21-04-2025";"MAGASIN";"Livree";"P0004";"1";"0,00";"960,00";"960,00";"561,87";"M14";"V32";"C0140"
"V004076";"21-04-2025";"Magasin";"Annulee";"P0038";"2";"5,00";"460,00";"437,00";"238,64";"M09";"V19";"C0188"
"V004077";"22-04-2025";"Magasin";"Livree";"P0056";"3";"10,00";"75,00";"67,50";"36,45";"M12";"V28";"C0175"
"V004078";"22-04-2025";"MAGASIN";"LIVREE";"P0013";"1";"10,00";"750,00";"675,00";"338,18";"M02";"V05";"C0069"
"V004079";"22-04-2025";"Web";"LIVREE";"P0015";"2";"0,00";"1100,00";"1100,00";"611,50";"M06";"V12";"C0075"
"V004080";"22-04-2025";"Magasin";"LIVREE";"P0053";"1";"0,00";"155,00";"155,00";"83,01";"M16";"V39";"C0139"
"V004081";"23-04-2025";"MAGASIN";"Livree";"P0039";"4";"0,00";"5940,00";"5940,00";"2694,04";"M02";"V04";"C0037"
"V004082";"23-04-2025";"MAGASIN";"EnCours";"P0056";"1";"5,00";"25,00";"23,75";"12,15";"M11";"V23";"C0086"
"V004083";"23-04-2025";"MAGASIN";"Livree";"P0043";"2";"0,00";"4460,00";"4460,00";"2397,94";"M12";"V27";"C0089"
"V004084";"23-04-2025";"Magasin";"livree";"P0053";"2";"0,00";"310,00";"310,00";"166,02";"M19";"V46";"C0023"
"V004085";"23-04-2025";"MAGASIN";"livree";"P0059";"2";"0,00";"80,00";"80,00";"38,46";"M14";"V33";"C0161"
"V004086";"23-04-2025";"Web";"LIVREE";"P0056";"1";"5,00";"25,00";"23,75";"12,15";"M08";"V16";"C0095"
"V004087";"24-04-2025";"Magasin";"Livree";"P0057";"1";"0,00";"20,00";"20,00";"10,89";"M02";"V04";"C0188"
"V004088";"24-04-2025";"magasin";"Livree";"P0056";"1";"0,00";"25,00";"25,00";"12,15";"M17";"V41";"C0011"
"V004089";"24-04-2025";"magasin";"Livree";"P0035";"3";"5,00";"510,00";"484,50";"275,94";"M23";"V56";"C0014"
"V004090";"24-04-2025";"magasin";"livree";"P0001";"3";"5,00";"3165,00";"3006,75";"1882,92";"M20";"V50";"C0152"
"V004091";"24-04-2025";"magasin";"Livree";"P0059";"2";"0,00";"80,00";"80,00";"38,46";"M08";"V16";"C0080"
"V004092";"24-04-2025";"Magasin";"LIVREE";"P0057";"1";"0,00";"20,00";"20,00";"10,89";"M03";"V06";"C0133"
"V004093";"24-04-2025";"Magasin";"Livree";"P0061";"2";"10,00";"280,00";"252,00";"150,94";"M08";"V17";"C0072"
"V004094";"25-04-2025";"WEB";"Livree";"P0044";"1";"0,00";"1800,00";"1800,00";"1053,21";"M16";"V37";"C0196"
"V004095";"25-04-2025";"web";"LIVREE";"P0045";"3";"0,00";"975,00";"975,00";"447,57";"M20";"V48";"C0165"
"V004096";"25-04-2025";"MAGASIN";"LIVREE";"P0045";"1";"0,00";"325,00";"325,00";"149,19";"M21";"V51";"C0051"
"V004097";"25-04-2025";"magasin";"Livree";"P0002";"2";"0,00";"1400,00";"1400,00";"705,52";"M08";"V16";"C0041"
"V004098";"25-04-2025";"Web";"Livree";"P0009";"2";"5,00";"1010,00";"959,50";"594,34";"M25";"V60";"C0135"
"V004099";"25-04-2025";"magasin";"Livree";"P0026";"2";"0,00";"550,00";"550,00";"274,90";"M15";"V35";"C0138"
"V004100";"26-04-2025";"MAGASIN";"Livree";"P0051";"2";"0,00";"310,00";"310,00";"155,70";"M13";"V31";"C0084"
"V004101";"26-04-2025";"MAGASIN";"LIVREE";"P0043";"1";"0,00";"2230,00";"2230,00";"1198,97";"M07";"V15";"C0147"
"V004102";"26-04-2025";"magasin";"Livree";"P0053";"1";"0,00";"155,00";"155,00";"83,01";"M24";"V58";"C0068"
"V004103";"26-04-2025";"WEB";"encours";"P0061";"1";"0,00";"140,00";"140,00";"75,47";"M19";"V47";"C0032"
"V004104";"26-04-2025";"Web";"livree";"P0016";"1";"0,00";"385,00";"385,00";"178,74";"M04";"V08";"C0032"
"V004105";"27-04-2025";"Web";"Livree";"P0048";"2";"0,00";"3520,00";"3520,00";"1891,52";"M12";"V28";"C0177"
"V004106";"27-04-2025";"MAGASIN";"LIVREE";"P0048";"1";"0,00";"1760,00";"1760,00";"945,76";"M08";"V16";"C0013"
"V004107";"27-04-2025";"MAGASIN";"EnCours";"P0062";"1";"0,00";"130,00";"130,00";"66,13";"M08";"V16";"C0045"
"V004108";"28-04-2025";"WEB";"Livree";"P0061";"1";"10,00";"140,00";"126,00";"75,47";"M23";"V55";"C0009"
"V004109";"28-04-2025";"magasin";"Livree";"P0058";"1";"5,00";"65,00";"61,75";"31,31";"M03";"V06";"C0077"
"V004110";"28-04-2025";"Magasin";"encours";"P0002";"2";"0,00";"1400,00";"1400,00";"705,52";"M06";"V13";"C0076"
"V004111";"28-04-2025";"Web";"Livree";"P0022";"2";"10,00";"860,00";"774,00";"411,40";"M03";"V06";"C0042"
"V004112";"28-04-2025";"MAGASIN";"Livree";"P0042";"1";"0,00";"2045,00";"2045,00";"1236,64";"M22";"V54";"C0187"
"V004113";"28-04-2025";"Magasin";"Livree";"P0048";"1";"5,00";"1760,00";"1672,00";"945,76";"M16";"V39";"C0172"
"V004114";"28-04-2025";"WEB";"EnCours";"P0028";"2";"0,00";"260,00";"260,00";"134,52";"M11";"V23";"C0178"
"V004115";"28-04-2025";"Magasin";"livree";"P0005";"1";"0,00";"325,00";"325,00";"148,71";"M20";"V48";"C0078"
"V004116";"29-04-2025";"Magasin";"LIVREE";"P0028";"1";"0,00";"130,00";"130,00";"67,26";"M01";"V01";"C0159"
"V004117";"29-04-2025";"Magasin";"Livree";"P0062";"1";"0,00";"130,00";"130,00";"66,13";"M13";"V30";"C0178"
"V004118";"29-04-2025";"magasin";"Livree";"P0027";"2";"0,00";"440,00";"440,00";"213,32";"M02";"V05";"C0049"
"V004119";"29-04-2025";"Magasin";"EnCours";"P0008";"3";"0,00";"1485,00";"1485,00";"731,28";"M20";"V49";"C0133"
"V004120";"29-04-2025";"magasin";"Livree";"P0040";"1";"5,00";"1910,00";"1814,50";"1038,92";"M08";"V17";"C0051"
"V004121";"29-04-2025";"WEB";"Livree";"P0026";"2";"0,00";"550,00";"550,00";"274,90";"M07";"V14";"C0098"
"V004122";"29-04-2025";"WEB";"livree";"P0060";"3";"0,00";"120,00";"120,00";"61,38";"M04";"V08";"C0089"
"V004123";"30-04-2025";"Magasin";"livree";"P0047";"1";"0,00";"1665,00";"1665,00";"1004,07";"M22";"V53";"C0165"
"V004124";"30-04-2025";"magasin";"LIVREE";"P0017";"3";"0,00";"1350,00";"1350,00";"770,49";"M03";"V07";"C0083"
"V004125";"30-04-2025";"Magasin";"Livree";"P0024";"1";"5,00";"770,00";"731,50";"465,89";"M12";"V27";"C0062"
"V004126";"30-04-2025";"Magasin";"LIVREE";"P0054";"1";"0,00";"160,00";"160,00";"77,44";"M06";"V12";"C0106"
"V004127";"30-04-2025";"magasin";"EnCours";"P0056";"2";"0,00";"50,00";"50,00";"24,30";"M08";"V17";"C0203"
"V004128";"30-04-2025";"WEB";"Livree";"P0060";"2";"0,00";"80,00";"80,00";"40,92";"M16";"V37";"C0199"
"V004129";"01-05-2025";"Magasin";"Livree";"P0059";"2";"0,00";"80,00";"80,00";"38,46";"M19";"V46";"C0154"
"V004130";"01-05-2025";"web";"Livree";"P0003";"1";"0,00";"710,00";"710,00";"395,33";"M01";"V02";"C0138"
"V004131";"01-05-2025";"MAGASIN";"Livree";"P0002";"1";"10,00";"700,00";"630,00";"352,76";"M13";"V30";"C0031"
"V004132";"01-05-2025";"MAGASIN";"LIVREE";"P0058";"2";"5,00";"130,00";"123,50";"62,62";"M02";"V04";"C0024"
"V004133";"01-05-2025";"magasin";"Livree";"P0046";"2";"0,00";"2070,00";"2070,00";"1230,72";"M23";"V56";"C0104"
"V004134";"02-05-2025";"Magasin";"Livree";"P0025";"1";"5,00";"55,00";"52,25";"32,37";"M12";"V26";"C0185"
"V004135";"02-05-2025";"Web";"encours";"P0033";"1";"0,00";"50,00";"50,00";"22,73";"M12";"V27";"C0039"
"V004136";"02-05-2025";"Web";"Livree";"P0061";"3";"10,00";"420,00";"378,00";"226,41";"M20";"V49";"C0094"
"V004137";"02-05-2025";"Magasin";"Livree";"P0059";"2";"0,00";"80,00";"80,00";"38,46";"M06";"V13";"C0090"
"V004138";"02-05-2025";"MAGASIN";"LIVREE";"P0031";"1";"0,00";"150,00";"150,00";"92,24";"M23";"V55";"C0035"
"V004139";"03-05-2025";"Magasin";"Livree";"P0064";"1";"5,00";"70,00";"66,50";"35,86";"M24";"V57";"C0126"
"V004140";"03-05-2025";"Magasin";"encours";"P0060";"2";"0,00";"80,00";"80,00";"40,92";"M02";"V04";"C0036"
"V004141";"03-05-2025";"Magasin";"Livree";"P0025";"1";"5,00";"55,00";"52,25";"32,37";"M25";"V60";"C0037"
"V004142";"03-05-2025";"Magasin";"Livree";"P0003";"1";"0,00";"710,00";"710,00";"395,33";"M07";"V15";"C0064"
"V004143";"03-05-2025";"Magasin";"Livree";"P0055";"1";"0,00";"40,00";"40,00";"19,21";"M03";"V06";"C0135"
"V004144";"03-05-2025";"MAGASIN";"Livree";"P0002";"2";"5,00";"1400,00";"1330,00";"705,52";"M02";"V04";"C0034"
"V004145";"03-05-2025";"MAGASIN";"Livree";"P0053";"1";"0,00";"155,00";"155,00";"83,01";"M24";"V57";"C0012"
"V004146";"04-05-2025";"Magasin";"Livree";"P0025";"2";"10,00";"110,00";"99,00";"64,74";"M17";"V40";"C0218"
"V004147";"04-05-2025";"Magasin";"livree";"P0027";"1";"0,00";"220,00";"220,00";"106,66";"M01";"V03";"C0206"
"V004148";"04-05-2025";"web";"Livree";"P0064";"1";"5,00";"70,00";"66,50";"35,86";"M02";"V04";"C0209"
"V004149";"04-05-2025";"magasin";"LIVREE";"P0026";"2";"5,00";"550,00";"522,50";"274,90";"M12";"V28";"C0152"
"V004150";"04-05-2025";"magasin";"Annulee";"P0037";"1";"0,00";"230,00";"230,00";"115,95";"M08";"V16";"C0043"
"V004151";"04-05-2025";"Magasin";"Livree";"P0039";"2";"5,00";"2970,00";"2821,50";"1347,02";"M23";"V55";"C0006"
"V004152";"04-05-2025";"Magasin";"Livree";"P0057";"1";"0,00";"20,00";"20,00";"10,89";"M19";"V46";"C0105"
"V004153";"05-05-2025";"Magasin";"Livree";"P0045";"1";"5,00";"325,00";"308,75";"149,19";"M21";"V51";"C0184"
"V004154";"05-05-2025";"magasin";"Livree";"P0025";"2";"0,00";"110,00";"110,00";"64,74";"M11";"V23";"C0101"
"V004155";"05-05-2025";"MAGASIN";"Livree";"P0059";"2";"5,00";"80,00";"76,00";"38,46";"M12";"V26";"C0057"
"V004156";"06-05-2025";"magasin";"encours";"P0063";"1";"0,00";"105,00";"105,00";"58,21";"M13";"V29";"C0065"
"V004157";"06-05-2025";"MAGASIN";"Livree";"P0055";"3";"0,00";"120,00";"120,00";"57,63";"M20";"V48";"C0161"
"V004158";"06-05-2025";"MAGASIN";"LIVREE";"P0015";"1";"5,00";"550,00";"522,50";"305,75";"M07";"V15";"C0104"
"V004159";"06-05-2025";"Magasin";"Livree";"P0043";"2";"5,00";"4460,00";"4237,00";"2397,94";"M17";"V42";"C0185"
"V004160";"06-05-2025";"Magasin";"Annulee";"P0055";"3";"0,00";"120,00";"120,00";"57,63";"M10";"V22";"C0156"
"V004161";"07-05-2025";"web";"LIVREE";"P0053";"1";"10,00";"155,00";"139,50";"83,01";"M06";"V12";"C0195"
"V004162";"07-05-2025";"Magasin";"livree";"P0060";"1";"5,00";"40,00";"38,00";"20,46";"M08";"V17";"C0212"
"V004163";"07-05-2025";"web";"Livree";"P0028";"2";"0,00";"260,00";"260,00";"134,52";"M17";"V42";"C0095"
"V004164";"07-05-2025";"web";"livree";"P0004";"2";"0,00";"1920,00";"1920,00";"1123,74";"M23";"V56";"C0012"
"V004165";"08-05-2025";"Magasin";"LIVREE";"P0033";"1";"0,00";"50,00";"50,00";"22,73";"M14";"V33";"C0026"
"V004166";"08-05-2025";"Magasin";"Livree";"P0028";"3";"0,00";"390,00";"390,00";"201,78";"M11";"V25";"C0034"
"V004167";"08-05-2025";"web";"LIVREE";"P0047";"1";"0,00";"1665,00";"1665,00";"1004,07";"M13";"V29";"C0117"
"V004168";"08-05-2025";"WEB";"livree";"P0064";"1";"0,00";"70,00";"70,00";"35,86";"M15";"V35";"C0100"
"V004169";"08-05-2025";"Web";"LIVREE";"P0053";"3";"5,00";"465,00";"441,75";"249,03";"M24";"V58";"C0110"
"V004170";"08-05-2025";"magasin";"LIVREE";"P0052";"2";"10,00";"270,00";"243,00";"145,02";"M02";"V05";"C0083"
"V004171";"08-05-2025";"web";"EnCours";"P0035";"1";"0,00";"170,00";"170,00";"91,98";"M02";"V04";"C0039"
"V004172";"08-05-2025";"WEB";"EnCours";"P0064";"1";"5,00";"70,00";"66,50";"35,86";"M11";"V23";"C0055"
"V004173";"08-05-2025";"web";"encours";"P0038";"1";"0,00";"230,00";"230,00";"119,32";"M17";"V42";"C0003"
"V004174";"09-05-2025";"MAGASIN";"Livree";"P0036";"2";"10,00";"210,00";"189,00";"115,82";"M01";"V01";"C0190"
"V004175";"09-05-2025";"magasin";"Livree";"P0007";"2";"10,00";"1910,00";"1719,00";"886,30";"M12";"V28";"C0139"
"V004176";"09-05-2025";"Magasin";"Livree";"P0052";"1";"0,00";"135,00";"135,00";"72,51";"M09";"V18";"C0190"
"V004177";"09-05-2025";"WEB";"LIVREE";"P0040";"2";"10,00";"3820,00";"3438,00";"2077,84";"M18";"V43";"C0208"
"V004178";"09-05-2025";"magasin";"encours";"P0028";"1";"0,00";"130,00";"130,00";"67,26";"M19";"V45";"C0170"
"V004179";"09-05-2025";"magasin";"Livree";"P0041";"2";"0,00";"4450,00";"4450,00";"2697,40";"M05";"V10";"C0045"
"V004180";"09-05-2025";"magasin";"LIVREE";"P0047";"4";"0,00";"6660,00";"6660,00";"4016,28";"M07";"V15";"C0178"
"V004181";"10-05-2025";"Magasin";"Livree";"P0050";"3";"0,00";"690,00";"690,00";"347,49";"M12";"V28";"C0054"
"V004182";"10-05-2025";"magasin";"livree";"P0014";"1";"0,00";"635,00";"635,00";"333,47";"M13";"V30";"C0199"
"V004183";"10-05-2025";"Magasin";"Livree";"P0041";"2";"0,00";"4450,00";"4450,00";"2697,40";"M24";"V57";"C0057"
"V004184";"10-05-2025";"MAGASIN";"LIVREE";"P0032";"1";"0,00";"190,00";"190,00";"108,18";"M09";"V18";"C0129"
"V004185";"10-05-2025";"Magasin";"LIVREE";"P0043";"1";"0,00";"2230,00";"2230,00";"1198,97";"M19";"V46";"C0189"
"V004186";"10-05-2025";"MAGASIN";"encours";"P0042";"3";"0,00";"6135,00";"6135,00";"3709,92";"M23";"V55";"C0146"
"V004187";"11-05-2025";"Magasin";"LIVREE";"P0044";"1";"0,00";"1800,00";"1800,00";"1053,21";"M19";"V46";"C0081"
"V004188";"11-05-2025";"magasin";"Livree";"P0034";"2";"0,00";"400,00";"400,00";"236,88";"M10";"V20";"C0051"
"V004189";"12-05-2025";"Web";"Livree";"P0055";"1";"0,00";"40,00";"40,00";"19,21";"M13";"V30";"C0213"
"V004190";"12-05-2025";"web";"livree";"P0009";"1";"0,00";"505,00";"505,00";"297,17";"M03";"V07";"C0164"
"V004191";"12-05-2025";"WEB";"Livree";"P0010";"1";"0,00";"955,00";"955,00";"512,94";"M15";"V35";"C0054"
"V004192";"12-05-2025";"Magasin";"LIVREE";"P0016";"2";"10,00";"770,00";"693,00";"357,48";"M09";"V18";"C0153"
"V004193";"12-05-2025";"Magasin";"Livree";"P0041";"4";"0,00";"8900,00";"8900,00";"5394,80";"M15";"V35";"C0137"
"V004194";"12-05-2025";"Web";"LIVREE";"P0038";"2";"10,00";"460,00";"414,00";"238,64";"M23";"V56";"C0173"
"V004195";"13-05-2025";"web";"livree";"P0031";"2";"0,00";"300,00";"300,00";"184,48";"M12";"V28";"C0131"
"V004196";"13-05-2025";"Magasin";"LIVREE";"P0037";"1";"0,00";"230,00";"230,00";"115,95";"M24";"V57";"C0087"
"V004197";"13-05-2025";"Web";"LIVREE";"P0043";"1";"0,00";"2230,00";"2230,00";"1198,97";"M23";"V55";"C0007"
"V004198";"13-05-2025";"MAGASIN";"LIVREE";"P0064";"2";"0,00";"140,00";"140,00";"71,72";"M12";"V28";"C0215"
"V004199";"13-05-2025";"MAGASIN";"Livree";"P0008";"1";"0,00";"495,00";"495,00";"243,76";"M03";"V06";"C0207"
"V004200";"13-05-2025";"Magasin";"Livree";"P0024";"2";"0,00";"1540,00";"1540,00";"931,78";"M12";"V26";"C0105"
"V004201";"14-05-2025";"Magasin";"LIVREE";"P0012";"4";"0,00";"4040,00";"4040,00";"2354,16";"M03";"V07";"C0051"
"V004202";"14-05-2025";"WEB";"LIVREE";"P0057";"1";"0,00";"20,00";"20,00";"10,89";"M20";"V49";"C0183"
"V004203";"14-05-2025";"Magasin";"Livree";"P0031";"3";"0,00";"450,00";"450,00";"276,72";"M03";"V07";"C0083"
"V004204";"14-05-2025";"magasin";"encours";"P0044";"1";"5,00";"1800,00";"1710,00";"1053,21";"M16";"V37";"C0095"
"V004205";"15-05-2025";"web";"Livree";"P0052";"2";"0,00";"270,00";"270,00";"145,02";"M21";"V51";"C0138"
"V004206";"15-05-2025";"Magasin";"livree";"P0022";"1";"0,00";"430,00";"430,00";"205,70";"M14";"V32";"C0216"
"V004207";"15-05-2025";"Magasin";"Livree";"P0059";"1";"0,00";"40,00";"40,00";"19,23";"M01";"V02";"C0103"
"V004208";"15-05-2025";"Web";"Livree";"P0018";"1";"0,00";"865,00";"865,00";"441,11";"M17";"V41";"C0040"
"V004209";"15-05-2025";"magasin";"Livree";"P0056";"2";"0,00";"50,00";"50,00";"24,30";"M11";"V25";"C0144"
"V004210";"16-05-2025";"Magasin";"Livree";"P0055";"1";"5,00";"40,00";"38,00";"19,21";"M13";"V31";"C0079"
"V004211";"16-05-2025";"Magasin";"LIVREE";"P0062";"1";"5,00";"130,00";"123,50";"66,13";"M24";"V57";"C0032"
"V004212";"16-05-2025";"Magasin";"LIVREE";"P0058";"1";"0,00";"65,00";"65,00";"31,31";"M14";"V33";"C0083"
"V004213";"17-05-2025";"Magasin";"LIVREE";"P0016";"3";"0,00";"1155,00";"1155,00";"536,22";"M13";"V30";"C0035"
"V004214";"17-05-2025";"Magasin";"Livree";"P0014";"1";"0,00";"635,00";"635,00";"333,47";"M07";"V15";"C0089"
"V004215";"17-05-2025";"Magasin";"Annulee";"P0061";"1";"5,00";"140,00";"133,00";"75,47";"M24";"V57";"C0198"
"V004216";"17-05-2025";"WEB";"Annulee";"P0035";"2";"0,00";"340,00";"340,00";"183,96";"M03";"V06";"C0019"
"V004217";"17-05-2025";"WEB";"LIVREE";"P0062";"1";"10,00";"130,00";"117,00";"66,13";"M01";"V01";"C0076"
"V004218";"17-05-2025";"WEB";"Livree";"P0019";"1";"0,00";"535,00";"535,00";"307,48";"M07";"V15";"C0025"
"V004219";"17-05-2025";"magasin";"Livree";"P0052";"1";"0,00";"135,00";"135,00";"72,51";"M04";"V09";"C0003"
"V004220";"17-05-2025";"magasin";"livree";"P0050";"1";"0,00";"230,00";"230,00";"115,83";"M02";"V04";"C0186"
"V004221";"18-05-2025";"Magasin";"Livree";"P0026";"1";"0,00";"275,00";"275,00";"137,45";"M02";"V05";"C0189"
"V004222";"18-05-2025";"web";"LIVREE";"P0028";"2";"0,00";"260,00";"260,00";"134,52";"M21";"V51";"C0039"
"V004223";"18-05-2025";"Magasin";"Livree";"P0055";"2";"0,00";"80,00";"80,00";"38,42";"M04";"V09";"C0191"
"V004224";"18-05-2025";"MAGASIN";"livree";"P0060";"2";"0,00";"80,00";"80,00";"40,92";"M22";"V53";"C0033"
"V004225";"18-05-2025";"Magasin";"LIVREE";"P0060";"1";"5,00";"40,00";"38,00";"20,46";"M09";"V19";"C0155"
"V004226";"19-05-2025";"web";"Livree";"P0047";"2";"0,00";"3330,00";"3330,00";"2008,14";"M19";"V45";"C0209"
"V004227";"19-05-2025";"magasin";"Livree";"P0039";"4";"0,00";"5940,00";"5940,00";"2694,04";"M02";"V05";"C0162"
"V004228";"19-05-2025";"web";"encours";"P0053";"3";"0,00";"465,00";"465,00";"249,03";"M13";"V29";"C0186"
"V004229";"19-05-2025";"Magasin";"LIVREE";"P0052";"3";"5,00";"405,00";"384,75";"217,53";"M20";"V49";"C0109"
"V004230";"19-05-2025";"Magasin";"Livree";"P0052";"1";"0,00";"135,00";"135,00";"72,51";"M02";"V05";"C0099"
"V004231";"19-05-2025";"MAGASIN";"EnCours";"P0061";"2";"0,00";"280,00";"280,00";"150,94";"M15";"V35";"C0208"
"V004232";"19-05-2025";"Magasin";"Livree";"P0064";"2";"5,00";"140,00";"133,00";"71,72";"M24";"V58";"C0093"
"V004233";"19-05-2025";"Magasin";"Livree";"P0053";"3";"0,00";"465,00";"465,00";"249,03";"M03";"V07";"C0188"
"V004234";"19-05-2025";"magasin";"LIVREE";"P0042";"3";"0,00";"6135,00";"6135,00";"3709,92";"M05";"V10";"C0028"
"V004235";"20-05-2025";"web";"LIVREE";"P0057";"2";"0,00";"40,00";"40,00";"21,78";"M22";"V54";"C0054"
"V004236";"20-05-2025";"Magasin";"Livree";"P0031";"1";"0,00";"150,00";"150,00";"92,24";"M23";"V55";"C0164"
"V004237";"20-05-2025";"Web";"Livree";"P0039";"3";"0,00";"4455,00";"4455,00";"2020,53";"M13";"V30";"C0165"
"V004238";"21-05-2025";"magasin";"livree";"P0009";"1";"0,00";"505,00";"505,00";"297,17";"M09";"V19";"C0214"
"V004239";"21-05-2025";"WEB";"LIVREE";"P0039";"1";"0,00";"1485,00";"1485,00";"673,51";"M19";"V46";"C0093"
"V004240";"21-05-2025";"MAGASIN";"Annulee";"P0052";"2";"5,00";"270,00";"256,50";"145,02";"M16";"V38";"C0143"
"V004241";"21-05-2025";"Magasin";"Livree";"P0035";"2";"10,00";"340,00";"306,00";"183,96";"M05";"V11";"C0058"
"V004242";"21-05-2025";"Web";"livree";"P0005";"1";"0,00";"325,00";"325,00";"148,71";"M03";"V06";"C0154"
"V004243";"21-05-2025";"Magasin";"EnCours";"P0009";"1";"0,00";"505,00";"505,00";"297,17";"M13";"V29";"C0171"
"V004244";"22-05-2025";"Magasin";"EnCours";"P0062";"4";"5,00";"520,00";"494,00";"264,52";"M19";"V45";"C0176"
"V004245";"22-05-2025";"Magasin";"livree";"P0002";"1";"0,00";"700,00";"700,00";"352,76";"M19";"V47";"C0104"
"V004246";"22-05-2025";"Magasin";"livree";"P0051";"1";"0,00";"155,00";"155,00";"77,85";"M25";"V59";"C0040"
"V004247";"22-05-2025";"WEB";"LIVREE";"P0063";"2";"0,00";"210,00";"210,00";"116,42";"M02";"V05";"C0063"
"V004248";"23-05-2025";"magasin";"LIVREE";"P0059";"4";"0,00";"160,00";"160,00";"76,92";"M09";"V19";"C0007"
"V004249";"23-05-2025";"Magasin";"Livree";"P0060";"3";"0,00";"120,00";"120,00";"61,38";"M08";"V16";"C0168"
"V004250";"23-05-2025";"Magasin";"Livree";"P0055";"1";"0,00";"40,00";"40,00";"19,21";"M24";"V57";"C0085"
"V004251";"23-05-2025";"magasin";"Livree";"P0040";"1";"5,00";"1910,00";"1814,50";"1038,92";"M20";"V48";"C0213"
"V004252";"24-05-2025";"MAGASIN";"Livree";"P0063";"1";"5,00";"105,00";"99,75";"58,21";"M22";"V53";"C0146"
"V004253";"24-05-2025";"Magasin";"Livree";"P0054";"1";"0,00";"160,00";"160,00";"77,44";"M05";"V10";"C0102"
"V004254";"24-05-2025";"WEB";"EnCours";"P0050";"1";"10,00";"230,00";"207,00";"115,83";"M20";"V50";"C0209"
"V004255";"25-05-2025";"Magasin";"LIVREE";"P0050";"1";"0,00";"230,00";"230,00";"115,83";"M11";"V25";"C0195"
"V004256";"25-05-2025";"magasin";"Livree";"P0053";"1";"0,00";"155,00";"155,00";"83,01";"M02";"V05";"C0121"
"V004257";"25-05-2025";"magasin";"LIVREE";"P0022";"1";"5,00";"430,00";"408,50";"205,70";"M24";"V57";"C0171"
"V004258";"26-05-2025";"Magasin";"LIVREE";"P0030";"1";"0,00";"265,00";"265,00";"125,99";"M18";"V43";"C0136"
"V004259";"26-05-2025";"WEB";"Livree";"P0036";"2";"0,00";"210,00";"210,00";"115,82";"M04";"V08";"C0053"
"V004260";"26-05-2025";"MAGASIN";"Livree";"P0060";"3";"5,00";"120,00";"114,00";"61,38";"M07";"V15";"C0077"
"V004261";"27-05-2025";"MAGASIN";"Livree";"P0027";"2";"0,00";"440,00";"440,00";"213,32";"M19";"V46";"C0005"
"V004262";"27-05-2025";"Magasin";"EnCours";"P0059";"1";"0,00";"40,00";"40,00";"19,23";"M07";"V15";"C0048"
"V004263";"27-05-2025";"web";"LIVREE";"P0046";"2";"0,00";"2070,00";"2070,00";"1230,72";"M03";"V07";"C0120"
"V004264";"27-05-2025";"Magasin";"encours";"P0045";"4";"0,00";"1300,00";"1300,00";"596,76";"M19";"V45";"C0063"
"V004265";"28-05-2025";"MAGASIN";"encours";"P0057";"1";"0,00";"20,00";"20,00";"10,89";"M06";"V12";"C0122"
"V004266";"28-05-2025";"Magasin";"Livree";"P0057";"2";"0,00";"40,00";"40,00";"21,78";"M01";"V03";"C0187"
"V004267";"29-05-2025";"Web";"livree";"P0029";"1";"0,00";"285,00";"285,00";"169,00";"M01";"V03";"C0012"
"V004268";"29-05-2025";"Web";"Livree";"P0054";"4";"0,00";"640,00";"640,00";"309,76";"M19";"V45";"C0077"
"V004269";"29-05-2025";"magasin";"Livree";"P0051";"1";"0,00";"155,00";"155,00";"77,85";"M09";"V19";"C0186"
"V004270";"29-05-2025";"Magasin";"LIVREE";"P0015";"3";"0,00";"1650,00";"1650,00";"917,25";"M11";"V23";"C0010"
"V004271";"29-05-2025";"web";"LIVREE";"P0061";"1";"5,00";"140,00";"133,00";"75,47";"M08";"V17";"C0122"
"V004272";"30-05-2025";"Magasin";"livree";"P0031";"2";"0,00";"300,00";"300,00";"184,48";"M25";"V59";"C0219"
"V004273";"30-05-2025";"WEB";"livree";"P0032";"3";"0,00";"570,00";"570,00";"324,54";"M01";"V03";"C0003"
"V004274";"30-05-2025";"MAGASIN";"Livree";"P0040";"3";"0,00";"5730,00";"5730,00";"3116,76";"M23";"V55";"C0174"
"V004275";"30-05-2025";"Web";"Livree";"P0029";"2";"0,00";"570,00";"570,00";"338,00";"M14";"V33";"C0146"
"V004276";"30-05-2025";"web";"Livree";"P0033";"1";"0,00";"50,00";"50,00";"22,73";"M14";"V33";"C0207"
"V004277";"30-05-2025";"Magasin";"Livree";"P0020";"4";"0,00";"1540,00";"1540,00";"871,88";"M01";"V02";"C0169"
"V004278";"30-05-2025";"Magasin";"EnCours";"P0031";"1";"0,00";"150,00";"150,00";"92,24";"M21";"V51";"C0216"
"V004279";"30-05-2025";"web";"EnCours";"P0056";"3";"5,00";"75,00";"71,25";"36,45";"M17";"V41";"C0066"
"V004280";"31-05-2025";"magasin";"Livree";"P0037";"2";"0,00";"460,00";"460,00";"231,90";"M02";"V04";"C0203"
"V004281";"31-05-2025";"Magasin";"LIVREE";"P0040";"2";"0,00";"3820,00";"3820,00";"2077,84";"M16";"V38";"C0077"
"V004282";"31-05-2025";"Magasin";"Livree";"P0059";"3";"0,00";"120,00";"120,00";"57,69";"M09";"V19";"C0040"
"V004283";"31-05-2025";"Magasin";"Livree";"P0049";"1";"5,00";"1770,00";"1681,50";"798,07";"M09";"V19";"C0044"
"V004284";"31-05-2025";"magasin";"LIVREE";"P0018";"1";"5,00";"865,00";"821,75";"441,11";"M08";"V16";"C0035"
"V004285";"31-05-2025";"Magasin";"Annulee";"P0031";"1";"0,00";"150,00";"150,00";"92,24";"M19";"V46";"C0155"
"V004286";"31-05-2025";"Web";"Livree";"P0045";"1";"5,00";"325,00";"308,75";"149,19";"M21";"V51";"C0007"
"V004287";"31-05-2025";"Magasin";"Livree";"P0021";"1";"0,00";"410,00";"410,00";"189,41";"M02";"V04";"C0172"
"V004288";"31-05-2025";"Magasin";"Livree";"P0023";"1";"0,00";"700,00";"700,00";"404,57";"M12";"V28";"C0201"
"V004289";"01-06-2025";"MAGASIN";"Livree";"P0042";"1";"0,00";"2045,00";"2045,00";"1236,64";"M12";"V28";"C0017"
"V004290";"01-06-2025";"Magasin";"encours";"P0057";"3";"0,00";"60,00";"60,00";"32,67";"M05";"V11";"C0101"
"V004291";"01-06-2025";"Web";"Livree";"P0003";"1";"5,00";"710,00";"674,50";"395,33";"M05";"V10";"C0103"
"V004292";"01-06-2025";"Web";"Livree";"P0039";"1";"0,00";"1485,00";"1485,00";"673,51";"M15";"V36";"C0125"
"V004293";"01-06-2025";"magasin";"Livree";"P0050";"2";"0,00";"460,00";"460,00";"231,66";"M01";"V02";"C0212"
"V004294";"01-06-2025";"Web";"livree";"P0037";"2";"5,00";"460,00";"437,00";"231,90";"M24";"V57";"C0054"
"V004295";"01-06-2025";"web";"Annulee";"P0045";"2";"10,00";"650,00";"585,00";"298,38";"M14";"V33";"C0093"
"V004296";"01-06-2025";"Web";"Livree";"P0031";"1";"10,00";"150,00";"135,00";"92,24";"M13";"V30";"C0003"
"V004297";"01-06-2025";"MAGASIN";"LIVREE";"P0062";"3";"0,00";"390,00";"390,00";"198,39";"M06";"V12";"C0207"
"V004298";"01-06-2025";"web";"livree";"P0056";"1";"5,00";"25,00";"23,75";"12,15";"M16";"V39";"C0110"
"V004299";"01-06-2025";"Web";"Livree";"P0029";"4";"5,00";"1140,00";"1083,00";"676,00";"M18";"V44";"C0041"
"V004300";"02-06-2025";"Magasin";"Livree";"P0044";"3";"5,00";"5400,00";"5130,00";"3159,63";"M05";"V10";"C0019"
"V004301";"02-06-2025";"MAGASIN";"Livree";"P0041";"2";"0,00";"4450,00";"4450,00";"2697,40";"M25";"V59";"C0133"
"V004302";"02-06-2025";"Magasin";"Livree";"P0059";"2";"5,00";"80,00";"76,00";"38,46";"M25";"V60";"C0160"
"V004303";"02-06-2025";"Magasin";"livree";"P0044";"1";"5,00";"1800,00";"1710,00";"1053,21";"M23";"V55";"C0207"
"V004304";"02-06-2025";"magasin";"Livree";"P0057";"1";"0,00";"20,00";"20,00";"10,89";"M25";"V60";"C0166"
"V004305";"02-06-2025";"Magasin";"Livree";"P0063";"2";"10,00";"210,00";"189,00";"116,42";"M21";"V52";"C0185"
"V004306";"02-06-2025";"WEB";"Livree";"P0043";"1";"5,00";"2230,00";"2118,50";"1198,97";"M14";"V33";"C0144"
"V004307";"02-06-2025";"Magasin";"Livree";"P0057";"1";"0,00";"20,00";"20,00";"10,89";"M14";"V32";"C0203"
"V004308";"02-06-2025";"MAGASIN";"LIVREE";"P0049";"1";"0,00";"1770,00";"1770,00";"798,07";"M19";"V46";"C0064"
"V004309";"02-06-2025";"WEB";"LIVREE";"P0032";"1";"0,00";"190,00";"190,00";"108,18";"M12";"V28";"C0176"
"V004310";"03-06-2025";"Magasin";"Livree";"P0051";"3";"0,00";"465,00";"465,00";"233,55";"M05";"V11";"C0146"
"V004311";"03-06-2025";"Magasin";"Annulee";"P0054";"1";"0,00";"160,00";"160,00";"77,44";"M21";"V51";"C0086"
"V004312";"03-06-2025";"Magasin";"Livree";"P0017";"1";"0,00";"450,00";"450,00";"256,83";"M11";"V24";"C0063"
"V004313";"03-06-2025";"Magasin";"Livree";"P0050";"1";"5,00";"230,00";"218,50";"115,83";"M14";"V32";"C0103"
"V004314";"03-06-2025";"web";"Livree";"P0029";"2";"0,00";"570,00";"570,00";"338,00";"M01";"V02";"C0042"
"V004315";"03-06-2025";"magasin";"Livree";"P0036";"1";"0,00";"105,00";"105,00";"57,91";"M11";"V24";"C0096"
"V004316";"03-06-2025";"magasin";"EnCours";"P0031";"1";"0,00";"150,00";"150,00";"92,24";"M23";"V55";"C0074"
"V004317";"04-06-2025";"Magasin";"Annulee";"P0056";"2";"5,00";"50,00";"47,50";"24,30";"M17";"V42";"C0147"
"V004318";"04-06-2025";"Magasin";"Annulee";"P0041";"1";"0,00";"2225,00";"2225,00";"1348,70";"M25";"V59";"C0210"
"V004319";"04-06-2025";"MAGASIN";"EnCours";"P0063";"4";"0,00";"420,00";"420,00";"232,84";"M10";"V22";"C0185"
"V004320";"04-06-2025";"Magasin";"encours";"P0062";"1";"0,00";"130,00";"130,00";"66,13";"M17";"V41";"C0216"
"V004321";"04-06-2025";"WEB";"Livree";"P0021";"1";"0,00";"410,00";"410,00";"189,41";"M07";"V14";"C0172"
"V004322";"04-06-2025";"Magasin";"Livree";"P0062";"1";"0,00";"130,00";"130,00";"66,13";"M21";"V51";"C0033"
"V004323";"04-06-2025";"Magasin";"EnCours";"P0031";"1";"0,00";"150,00";"150,00";"92,24";"M16";"V37";"C0043"
"V004324";"04-06-2025";"magasin";"LIVREE";"P0055";"3";"0,00";"120,00";"120,00";"57,63";"M04";"V09";"C0056"
"V004325";"05-06-2025";"web";"Annulee";"P0040";"1";"0,00";"1910,00";"1910,00";"1038,92";"M14";"V32";"C0104"
"V004326";"05-06-2025";"Web";"Livree";"P0062";"4";"0,00";"520,00";"520,00";"264,52";"M17";"V40";"C0181"
"V004327";"05-06-2025";"WEB";"Livree";"P0035";"3";"10,00";"510,00";"459,00";"275,94";"M07";"V14";"C0165"
"V004328";"05-06-2025";"web";"livree";"P0060";"3";"0,00";"120,00";"120,00";"61,38";"M14";"V33";"C0158"
"V004329";"05-06-2025";"Web";"encours";"P0028";"2";"0,00";"260,00";"260,00";"134,52";"M06";"V13";"C0213"
"V004330";"05-06-2025";"Web";"EnCours";"P0047";"1";"0,00";"1665,00";"1665,00";"1004,07";"M15";"V35";"C0134"
"V004331";"06-06-2025";"web";"Livree";"P0064";"3";"0,00";"210,00";"210,00";"107,58";"M01";"V03";"C0220"
"V004332";"06-06-2025";"magasin";"LIVREE";"P0031";"3";"0,00";"450,00";"450,00";"276,72";"M25";"V59";"C0063"
"V004333";"06-06-2025";"MAGASIN";"LIVREE";"P0043";"1";"0,00";"2230,00";"2230,00";"1198,97";"M14";"V33";"C0032"
"V004334";"06-06-2025";"web";"livree";"P0053";"1";"0,00";"155,00";"155,00";"83,01";"M03";"V06";"C0120"
"V004335";"06-06-2025";"magasin";"Livree";"P0063";"2";"0,00";"210,00";"210,00";"116,42";"M09";"V19";"C0035"
"V004336";"06-06-2025";"magasin";"Livree";"P0043";"2";"0,00";"4460,00";"4460,00";"2397,94";"M22";"V53";"C0215"
"V004337";"06-06-2025";"MAGASIN";"Livree";"P0027";"1";"0,00";"220,00";"220,00";"106,66";"M13";"V31";"C0062"
"V004338";"06-06-2025";"Web";"Annulee";"P0061";"2";"10,00";"280,00";"252,00";"150,94";"M20";"V48";"C0157"
"V004339";"06-06-2025";"MAGASIN";"Livree";"P0032";"1";"5,00";"190,00";"180,50";"108,18";"M08";"V16";"C0187"
"V004340";"06-06-2025";"Magasin";"EnCours";"P0063";"1";"0,00";"105,00";"105,00";"58,21";"M10";"V22";"C0139"
"V004341";"06-06-2025";"MAGASIN";"LIVREE";"P0042";"2";"0,00";"4090,00";"4090,00";"2473,28";"M10";"V21";"C0023"
"V004342";"06-06-2025";"Magasin";"LIVREE";"P0060";"1";"0,00";"40,00";"40,00";"20,46";"M04";"V08";"C0183"
"V004343";"06-06-2025";"Magasin";"LIVREE";"P0062";"1";"0,00";"130,00";"130,00";"66,13";"M24";"V58";"C0053"
"V004344";"07-06-2025";"Web";"LIVREE";"P0045";"4";"0,00";"1300,00";"1300,00";"596,76";"M04";"V08";"C0016"
"V004345";"07-06-2025";"Magasin";"Livree";"P0059";"2";"10,00";"80,00";"72,00";"38,46";"M16";"V37";"C0031"
"V004346";"07-06-2025";"Magasin";"Livree";"P0041";"1";"0,00";"2225,00";"2225,00";"1348,70";"M07";"V14";"C0164"
"V004347";"07-06-2025";"Magasin";"Livree";"P0055";"2";"5,00";"80,00";"76,00";"38,42";"M23";"V56";"C0102"
"V004348";"07-06-2025";"Magasin";"LIVREE";"P0054";"1";"10,00";"160,00";"144,00";"77,44";"M23";"V55";"C0206"
"V004349";"07-06-2025";"Magasin";"Annulee";"P0031";"1";"0,00";"150,00";"150,00";"92,24";"M25";"V59";"C0171"
"V004350";"07-06-2025";"MAGASIN";"livree";"P0039";"2";"0,00";"2970,00";"2970,00";"1347,02";"M03";"V06";"C0206"
"V004351";"07-06-2025";"Magasin";"LIVREE";"P0046";"1";"0,00";"1035,00";"1035,00";"615,36";"M01";"V03";"C0143"
"V004352";"07-06-2025";"Magasin";"Livree";"P0064";"1";"10,00";"70,00";"63,00";"35,86";"M21";"V51";"C0187"
"V004353";"07-06-2025";"magasin";"Livree";"P0050";"2";"5,00";"460,00";"437,00";"231,66";"M06";"V12";"C0139"
"V004354";"07-06-2025";"Magasin";"Livree";"P0061";"3";"5,00";"420,00";"399,00";"226,41";"M23";"V55";"C0139"
"V004355";"07-06-2025";"Magasin";"livree";"P0058";"2";"10,00";"130,00";"117,00";"62,62";"M06";"V13";"C0094"
"V004356";"08-06-2025";"magasin";"Livree";"P0055";"2";"0,00";"80,00";"80,00";"38,42";"M20";"V50";"C0191"
"V004357";"08-06-2025";"magasin";"LIVREE";"P0020";"1";"10,00";"385,00";"346,50";"217,97";"M17";"V40";"C0033"
"V004358";"08-06-2025";"Magasin";"livree";"P0043";"2";"0,00";"4460,00";"4460,00";"2397,94";"M03";"V06";"C0108"
"V004359";"08-06-2025";"Magasin";"LIVREE";"P0031";"2";"10,00";"300,00";"270,00";"184,48";"M24";"V57";"C0120"
"V004360";"08-06-2025";"Magasin";"livree";"P0064";"1";"0,00";"70,00";"70,00";"35,86";"M19";"V46";"C0052"
"V004361";"08-06-2025";"Magasin";"LIVREE";"P0059";"1";"5,00";"40,00";"38,00";"19,23";"M06";"V13";"C0142"
"V004362";"08-06-2025";"magasin";"Livree";"P0037";"3";"0,00";"690,00";"690,00";"347,85";"M15";"V36";"C0137"
"V004363";"08-06-2025";"MAGASIN";"LIVREE";"P0030";"1";"0,00";"265,00";"265,00";"125,99";"M17";"V40";"C0081"
"V004364";"09-06-2025";"Magasin";"LIVREE";"P0046";"3";"0,00";"3105,00";"3105,00";"1846,08";"M02";"V04";"C0205"
"V004365";"09-06-2025";"Magasin";"Livree";"P0060";"1";"0,00";"40,00";"40,00";"20,46";"M05";"V11";"C0180"
"V004366";"09-06-2025";"Magasin";"Livree";"P0064";"2";"0,00";"140,00";"140,00";"71,72";"M23";"V55";"C0122"
"V004367";"09-06-2025";"Magasin";"Livree";"P0047";"1";"10,00";"1665,00";"1498,50";"1004,07";"M07";"V14";"C0200"
"V004368";"09-06-2025";"MAGASIN";"Livree";"P0050";"3";"0,00";"690,00";"690,00";"347,49";"M19";"V45";"C0184"
"V004369";"09-06-2025";"Magasin";"Annulee";"P0044";"3";"5,00";"5400,00";"5130,00";"3159,63";"M11";"V24";"C0033"
"V004370";"09-06-2025";"Magasin";"Livree";"P0039";"2";"0,00";"2970,00";"2970,00";"1347,02";"M18";"V44";"C0033"
"V004371";"09-06-2025";"Web";"encours";"P0052";"1";"5,00";"135,00";"128,25";"72,51";"M03";"V06";"C0182"
"V004372";"09-06-2025";"Magasin";"Livree";"P0051";"1";"0,00";"155,00";"155,00";"77,85";"M11";"V23";"C0077"
"V004373";"09-06-2025";"web";"livree";"P0033";"1";"0,00";"50,00";"50,00";"22,73";"M05";"V10";"C0137"
"V004374";"10-06-2025";"Web";"LIVREE";"P0039";"2";"0,00";"2970,00";"2970,00";"1347,02";"M01";"V03";"C0167"
"V004375";"10-06-2025";"web";"livree";"P0047";"1";"0,00";"1665,00";"1665,00";"1004,07";"M11";"V25";"C0097"
"V004376";"10-06-2025";"web";"Livree";"P0061";"1";"0,00";"140,00";"140,00";"75,47";"M07";"V15";"C0088"
"V004377";"10-06-2025";"Magasin";"Livree";"P0062";"1";"5,00";"130,00";"123,50";"66,13";"M03";"V06";"C0096"
"V004378";"10-06-2025";"Web";"LIVREE";"P0053";"1";"5,00";"155,00";"147,25";"83,01";"M17";"V40";"C0071"
"V004379";"10-06-2025";"Magasin";"Livree";"P0041";"2";"5,00";"4450,00";"4227,50";"2697,40";"M09";"V18";"C0112"
"V004380";"10-06-2025";"Web";"Livree";"P0023";"1";"0,00";"700,00";"700,00";"404,57";"M13";"V31";"C0154"
"V004381";"10-06-2025";"MAGASIN";"LIVREE";"P0044";"2";"0,00";"3600,00";"3600,00";"2106,42";"M16";"V37";"C0155"
"V004382";"10-06-2025";"WEB";"Livree";"P0046";"2";"0,00";"2070,00";"2070,00";"1230,72";"M11";"V23";"C0191"
"V004383";"10-06-2025";"Magasin";"Livree";"P0026";"2";"10,00";"550,00";"495,00";"274,90";"M02";"V04";"C0039"
"V004384";"10-06-2025";"Magasin";"Livree";"P0030";"1";"0,00";"265,00";"265,00";"125,99";"M25";"V59";"C0074"
"V004385";"10-06-2025";"magasin";"encours";"P0051";"1";"5,00";"155,00";"147,25";"77,85";"M04";"V08";"C0024"
"V004386";"10-06-2025";"WEB";"Livree";"P0054";"1";"0,00";"160,00";"160,00";"77,44";"M09";"V18";"C0050"
"V004387";"11-06-2025";"Magasin";"livree";"P0050";"2";"0,00";"460,00";"460,00";"231,66";"M03";"V06";"C0075"
"V004388";"11-06-2025";"WEB";"Livree";"P0028";"2";"0,00";"260,00";"260,00";"134,52";"M18";"V43";"C0206"
"V004389";"11-06-2025";"Magasin";"LIVREE";"P0032";"1";"0,00";"190,00";"190,00";"108,18";"M08";"V16";"C0015"
"V004390";"11-06-2025";"Web";"livree";"P0041";"4";"0,00";"8900,00";"8900,00";"5394,80";"M25";"V59";"C0110"
"V004391";"11-06-2025";"web";"Livree";"P0056";"1";"0,00";"25,00";"25,00";"12,15";"M25";"V60";"C0092"
"V004392";"11-06-2025";"MAGASIN";"LIVREE";"P0038";"1";"0,00";"230,00";"230,00";"119,32";"M18";"V44";"C0167"
"V004393";"11-06-2025";"Magasin";"LIVREE";"P0058";"2";"10,00";"130,00";"117,00";"62,62";"M15";"V36";"C0158"
"V004394";"11-06-2025";"Magasin";"LIVREE";"P0056";"3";"10,00";"75,00";"67,50";"36,45";"M01";"V02";"C0033"
"V004395";"11-06-2025";"WEB";"livree";"P0057";"2";"5,00";"40,00";"38,00";"21,78";"M15";"V35";"C0055"
"V004396";"12-06-2025";"Magasin";"livree";"P0025";"4";"0,00";"220,00";"220,00";"129,48";"M18";"V43";"C0047"
"V004397";"12-06-2025";"WEB";"Livree";"P0039";"1";"0,00";"1485,00";"1485,00";"673,51";"M11";"V24";"C0073"
"V004398";"12-06-2025";"web";"LIVREE";"P0061";"2";"0,00";"280,00";"280,00";"150,94";"M05";"V11";"C0174"
"V004399";"12-06-2025";"Magasin";"livree";"P0037";"1";"0,00";"230,00";"230,00";"115,95";"M03";"V06";"C0083"
"V004400";"12-06-2025";"Magasin";"Livree";"P0037";"3";"0,00";"690,00";"690,00";"347,85";"M03";"V07";"C0082"
"V004401";"12-06-2025";"Magasin";"LIVREE";"P0059";"1";"0,00";"40,00";"40,00";"19,23";"M22";"V54";"C0002"
"V004402";"12-06-2025";"MAGASIN";"Livree";"P0039";"4";"0,00";"5940,00";"5940,00";"2694,04";"M15";"V34";"C0215"
"V004403";"12-06-2025";"Magasin";"Livree";"P0058";"2";"0,00";"130,00";"130,00";"62,62";"M14";"V32";"C0138"
"V004404";"12-06-2025";"Magasin";"LIVREE";"P0053";"2";"0,00";"310,00";"310,00";"166,02";"M21";"V52";"C0102"
"V004405";"12-06-2025";"MAGASIN";"Livree";"P0051";"1";"0,00";"155,00";"155,00";"77,85";"M20";"V50";"C0132"
"V004406";"12-06-2025";"Magasin";"livree";"P0063";"1";"0,00";"105,00";"105,00";"58,21";"M24";"V57";"C0152"
"V004407";"13-06-2025";"MAGASIN";"Annulee";"P0025";"2";"5,00";"110,00";"104,50";"64,74";"M02";"V04";"C0142"
"V004408";"13-06-2025";"Magasin";"LIVREE";"P0049";"1";"0,00";"1770,00";"1770,00";"798,07";"M04";"V08";"C0111"
"V004409";"13-06-2025";"web";"Livree";"P0026";"2";"5,00";"550,00";"522,50";"274,90";"M21";"V51";"C0170"
"V004410";"13-06-2025";"Magasin";"LIVREE";"P0049";"3";"0,00";"5310,00";"5310,00";"2394,21";"M05";"V10";"C0113"
"V004411";"13-06-2025";"magasin";"EnCours";"P0024";"1";"5,00";"770,00";"731,50";"465,89";"M23";"V55";"C0161"
"V004412";"13-06-2025";"MAGASIN";"Livree";"P0052";"1";"0,00";"135,00";"135,00";"72,51";"M24";"V58";"C0079"
"V004413";"13-06-2025";"Magasin";"LIVREE";"P0048";"2";"10,00";"3520,00";"3168,00";"1891,52";"M03";"V07";"C0105"
"V004414";"13-06-2025";"MAGASIN";"LIVREE";"P0028";"3";"10,00";"390,00";"351,00";"201,78";"M10";"V22";"C0044"
"V004415";"13-06-2025";"MAGASIN";"Livree";"P0053";"2";"0,00";"310,00";"310,00";"166,02";"M25";"V59";"C0219"
"V004416";"13-06-2025";"Web";"Livree";"P0046";"2";"0,00";"2070,00";"2070,00";"1230,72";"M02";"V05";"C0067"
"V004417";"13-06-2025";"magasin";"livree";"P0031";"1";"10,00";"150,00";"135,00";"92,24";"M24";"V58";"C0047"
"V004418";"13-06-2025";"web";"Annulee";"P0053";"2";"0,00";"310,00";"310,00";"166,02";"M11";"V24";"C0179"
"V004419";"13-06-2025";"Magasin";"Annulee";"P0057";"1";"0,00";"20,00";"20,00";"10,89";"M07";"V14";"C0205"
"V004420";"13-06-2025";"MAGASIN";"Livree";"P0030";"1";"5,00";"265,00";"251,75";"125,99";"M06";"V12";"C0220"
"V004421";"13-06-2025";"WEB";"Livree";"P0034";"1";"5,00";"200,00";"190,00";"118,44";"M19";"V46";"C0134"
"V004422";"14-06-2025";"magasin";"Livree";"P0050";"1";"0,00";"230,00";"230,00";"115,83";"M19";"V45";"C0166"
"V004423";"14-06-2025";"Magasin";"Annulee";"P0026";"1";"0,00";"275,00";"275,00";"137,45";"M16";"V38";"C0215"
"V004424";"14-06-2025";"MAGASIN";"livree";"P0052";"2";"0,00";"270,00";"270,00";"145,02";"M24";"V57";"C0177"
"V004425";"14-06-2025";"magasin";"livree";"P0054";"1";"0,00";"160,00";"160,00";"77,44";"M05";"V11";"C0135"
"V004426";"14-06-2025";"Magasin";"Livree";"P0064";"1";"0,00";"70,00";"70,00";"35,86";"M12";"V26";"C0154"
"V004427";"14-06-2025";"Web";"EnCours";"P0049";"1";"0,00";"1770,00";"1770,00";"798,07";"M04";"V08";"C0050"
"V004428";"14-06-2025";"Magasin";"Livree";"P0034";"1";"0,00";"200,00";"200,00";"118,44";"M14";"V32";"C0154"
"V004429";"14-06-2025";"Magasin";"livree";"P0030";"4";"0,00";"1060,00";"1060,00";"503,96";"M13";"V30";"C0072"
"V004430";"14-06-2025";"magasin";"Livree";"P0063";"1";"0,00";"105,00";"105,00";"58,21";"M22";"V54";"C0056"
"V004431";"14-06-2025";"web";"Livree";"P0053";"2";"0,00";"310,00";"310,00";"166,02";"M01";"V03";"C0185"
"V004432";"15-06-2025";"magasin";"Livree";"P0049";"1";"0,00";"1770,00";"1770,00";"798,07";"M15";"V36";"C0163"
"V004433";"15-06-2025";"Magasin";"Livree";"P0040";"1";"0,00";"1910,00";"1910,00";"1038,92";"M14";"V32";"C0011"
"V004434";"15-06-2025";"Web";"Livree";"P0032";"3";"5,00";"570,00";"541,50";"324,54";"M11";"V25";"C0025"
"V004435";"15-06-2025";"Magasin";"livree";"P0043";"1";"0,00";"2230,00";"2230,00";"1198,97";"M22";"V53";"C0160"
"V004436";"15-06-2025";"MAGASIN";"LIVREE";"P0046";"1";"0,00";"1035,00";"1035,00";"615,36";"M21";"V52";"C0172"
"V004437";"15-06-2025";"Magasin";"LIVREE";"P0028";"4";"0,00";"520,00";"520,00";"269,04";"M20";"V49";"C0012"
"V004438";"15-06-2025";"MAGASIN";"Livree";"P0058";"1";"0,00";"65,00";"65,00";"31,31";"M15";"V36";"C0075"
"V004439";"15-06-2025";"Magasin";"Livree";"P0037";"1";"5,00";"230,00";"218,50";"115,95";"M25";"V60";"C0098"
"V004440";"15-06-2025";"web";"livree";"P0015";"1";"10,00";"550,00";"495,00";"305,75";"M15";"V35";"C0044"
"V004441";"15-06-2025";"Magasin";"Livree";"P0004";"2";"0,00";"1920,00";"1920,00";"1123,74";"M03";"V06";"C0124"
"V004442";"15-06-2025";"Magasin";"Livree";"P0027";"2";"5,00";"440,00";"418,00";"213,32";"M04";"V09";"C0149"
"V004443";"15-06-2025";"Magasin";"Livree";"P0057";"1";"0,00";"20,00";"20,00";"10,89";"M23";"V56";"C0037"
"V004444";"15-06-2025";"WEB";"LIVREE";"P0056";"2";"0,00";"50,00";"50,00";"24,30";"M22";"V54";"C0007"
"V004445";"15-06-2025";"web";"Livree";"P0029";"3";"0,00";"855,00";"855,00";"507,00";"M15";"V36";"C0200"
"V004446";"16-06-2025";"magasin";"LIVREE";"P0044";"1";"5,00";"1800,00";"1710,00";"1053,21";"M11";"V23";"C0086"
"V004447";"16-06-2025";"Web";"Livree";"P0030";"2";"0,00";"530,00";"530,00";"251,98";"M25";"V60";"C0112"
"V004448";"16-06-2025";"Magasin";"livree";"P0057";"2";"0,00";"40,00";"40,00";"21,78";"M22";"V53";"C0115"
"V004449";"16-06-2025";"Magasin";"livree";"P0062";"2";"0,00";"260,00";"260,00";"132,26";"M15";"V34";"C0176"
"V004450";"16-06-2025";"MAGASIN";"LIVREE";"P0059";"1";"10,00";"40,00";"36,00";"19,23";"M24";"V58";"C0038"
"V004451";"16-06-2025";"Magasin";"Livree";"P0050";"2";"5,00";"460,00";"437,00";"231,66";"M15";"V35";"C0057"
"V004452";"16-06-2025";"Magasin";"Livree";"P0062";"4";"5,00";"520,00";"494,00";"264,52";"M04";"V08";"C0033"
"V004453";"17-06-2025";"Web";"LIVREE";"P0027";"2";"0,00";"440,00";"440,00";"213,32";"M05";"V11";"C0167"
"V004454";"17-06-2025";"Magasin";"Livree";"P0050";"2";"0,00";"460,00";"460,00";"231,66";"M25";"V60";"C0030"
"V004455";"17-06-2025";"WEB";"Livree";"P0029";"1";"0,00";"285,00";"285,00";"169,00";"M14";"V33";"C0178"
"V004456";"17-06-2025";"MAGASIN";"LIVREE";"P0064";"1";"5,00";"70,00";"66,50";"35,86";"M20";"V48";"C0191"
"V004457";"17-06-2025";"Web";"LIVREE";"P0040";"1";"0,00";"1910,00";"1910,00";"1038,92";"M16";"V39";"C0174"
"V004458";"17-06-2025";"WEB";"encours";"P0051";"3";"0,00";"465,00";"465,00";"233,55";"M09";"V18";"C0080"
"V004459";"17-06-2025";"magasin";"Livree";"P0056";"3";"10,00";"75,00";"67,50";"36,45";"M20";"V50";"C0012"
"V004460";"17-06-2025";"Magasin";"LIVREE";"P0040";"1";"5,00";"1910,00";"1814,50";"1038,92";"M05";"V11";"C0012"
"V004461";"17-06-2025";"magasin";"livree";"P0063";"1";"0,00";"105,00";"105,00";"58,21";"M15";"V35";"C0190"
"V004462";"17-06-2025";"Magasin";"LIVREE";"P0052";"1";"0,00";"135,00";"135,00";"72,51";"M04";"V08";"C0071"
"V004463";"17-06-2025";"Web";"livree";"P0056";"2";"0,00";"50,00";"50,00";"24,30";"M22";"V54";"C0087"
"V004464";"17-06-2025";"Magasin";"Annulee";"P0012";"2";"0,00";"2020,00";"2020,00";"1177,08";"M18";"V43";"C0082"
"V004465";"17-06-2025";"Magasin";"livree";"P0055";"1";"0,00";"40,00";"40,00";"19,21";"M23";"V55";"C0213"
"V004466";"17-06-2025";"MAGASIN";"livree";"P0049";"1";"0,00";"1770,00";"1770,00";"798,07";"M21";"V51";"C0173"
"V004467";"17-06-2025";"Web";"Livree";"P0052";"2";"0,00";"270,00";"270,00";"145,02";"M10";"V22";"C0017"
"V004468";"17-06-2025";"Magasin";"Livree";"P0053";"1";"10,00";"155,00";"139,50";"83,01";"M03";"V06";"C0192"
"V004469";"17-06-2025";"Magasin";"Livree";"P0006";"3";"0,00";"3225,00";"3225,00";"1971,57";"M23";"V55";"C0073"
"V004470";"18-06-2025";"web";"Livree";"P0054";"2";"10,00";"320,00";"288,00";"154,88";"M20";"V50";"C0116"
"V004471";"18-06-2025";"Magasin";"Livree";"P0064";"1";"0,00";"70,00";"70,00";"35,86";"M07";"V14";"C0177"
"V004472";"18-06-2025";"MAGASIN";"Livree";"P0054";"1";"0,00";"160,00";"160,00";"77,44";"M11";"V24";"C0134"
"V004473";"18-06-2025";"WEB";"Livree";"P0022";"2";"0,00";"860,00";"860,00";"411,40";"M03";"V07";"C0106"
"V004474";"18-06-2025";"magasin";"LIVREE";"P0061";"2";"5,00";"280,00";"266,00";"150,94";"M05";"V10";"C0171"
"V004475";"18-06-2025";"Magasin";"LIVREE";"P0047";"1";"0,00";"1665,00";"1665,00";"1004,07";"M18";"V43";"C0018"
"V004476";"18-06-2025";"Magasin";"LIVREE";"P0047";"1";"0,00";"1665,00";"1665,00";"1004,07";"M07";"V15";"C0036"
"V004477";"18-06-2025";"MAGASIN";"Livree";"P0027";"1";"5,00";"220,00";"209,00";"106,66";"M01";"V01";"C0169"
"V004478";"18-06-2025";"Web";"Livree";"P0031";"1";"5,00";"150,00";"142,50";"92,24";"M11";"V25";"C0096"
"V004479";"18-06-2025";"magasin";"Livree";"P0034";"1";"0,00";"200,00";"200,00";"118,44";"M01";"V01";"C0014"
"V004480";"18-06-2025";"Magasin";"Livree";"P0038";"4";"0,00";"920,00";"920,00";"477,28";"M23";"V56";"C0099"
"V004481";"18-06-2025";"Magasin";"livree";"P0045";"1";"0,00";"325,00";"325,00";"149,19";"M12";"V27";"C0038"
"V004482";"18-06-2025";"magasin";"livree";"P0032";"2";"0,00";"380,00";"380,00";"216,36";"M07";"V14";"C0183"
"V004483";"19-06-2025";"Magasin";"Livree";"P0038";"1";"0,00";"230,00";"230,00";"119,32";"M19";"V46";"C0139"
"V004484";"19-06-2025";"Web";"livree";"P0021";"1";"0,00";"410,00";"410,00";"189,41";"M01";"V02";"C0103"
"V004485";"19-06-2025";"Web";"Annulee";"P0031";"1";"10,00";"150,00";"135,00";"92,24";"M22";"V53";"C0189"
"V004486";"19-06-2025";"MAGASIN";"EnCours";"P0053";"2";"0,00";"310,00";"310,00";"166,02";"M15";"V36";"C0044"
"V004487";"19-06-2025";"Magasin";"Livree";"P0034";"1";"10,00";"200,00";"180,00";"118,44";"M16";"V38";"C0155"
"V004488";"19-06-2025";"Magasin";"Livree";"P0053";"2";"0,00";"310,00";"310,00";"166,02";"M16";"V37";"C0189"
"V004489";"19-06-2025";"Magasin";"LIVREE";"P0043";"1";"5,00";"2230,00";"2118,50";"1198,97";"M03";"V07";"C0059"
"V004490";"19-06-2025";"Magasin";"LIVREE";"P0055";"1";"0,00";"40,00";"40,00";"19,21";"M19";"V45";"C0044"
"V004491";"19-06-2025";"Magasin";"EnCours";"P0040";"1";"10,00";"1910,00";"1719,00";"1038,92";"M11";"V25";"C0025"
"V004492";"19-06-2025";"web";"Livree";"P0062";"1";"5,00";"130,00";"123,50";"66,13";"M21";"V51";"C0195"
"V004493";"19-06-2025";"magasin";"Livree";"P0031";"3";"0,00";"450,00";"450,00";"276,72";"M21";"V51";"C0177"
"V004494";"19-06-2025";"Magasin";"Annulee";"P0057";"1";"0,00";"20,00";"20,00";"10,89";"M20";"V49";"C0096"
"V004495";"20-06-2025";"magasin";"LIVREE";"P0056";"2";"10,00";"50,00";"45,00";"24,30";"M23";"V56";"C0193"
"V004496";"20-06-2025";"Magasin";"LIVREE";"P0034";"2";"0,00";"400,00";"400,00";"236,88";"M07";"V14";"C0215"
"V004497";"20-06-2025";"Magasin";"Livree";"P0049";"2";"5,00";"3540,00";"3363,00";"1596,14";"M02";"V04";"C0075"
"V004498";"20-06-2025";"Magasin";"livree";"P0038";"1";"0,00";"230,00";"230,00";"119,32";"M12";"V26";"C0164"
"V004499";"20-06-2025";"magasin";"Annulee";"P0047";"4";"0,00";"6660,00";"6660,00";"4016,28";"M17";"V41";"C0151"
"V004500";"20-06-2025";"WEB";"Livree";"P0062";"3";"5,00";"390,00";"370,50";"198,39";"M12";"V27";"C0015"
"V004501";"20-06-2025";"Magasin";"LIVREE";"P0041";"1";"5,00";"2225,00";"2113,75";"1348,70";"M10";"V20";"C0065"
"V004502";"20-06-2025";"WEB";"Livree";"P0058";"2";"0,00";"130,00";"130,00";"62,62";"M18";"V44";"C0157"
"V004503";"20-06-2025";"web";"Livree";"P0061";"2";"5,00";"280,00";"266,00";"150,94";"M13";"V31";"C0198"
"V004504";"20-06-2025";"web";"Livree";"P0060";"1";"0,00";"40,00";"40,00";"20,46";"M04";"V08";"C0164"
"V004505";"20-06-2025";"Magasin";"livree";"P0026";"3";"5,00";"825,00";"783,75";"412,35";"M15";"V34";"C0207"
"V004506";"21-06-2025";"web";"livree";"P0061";"1";"0,00";"140,00";"140,00";"75,47";"M20";"V48";"C0071"
"V004507";"21-06-2025";"magasin";"Livree";"P0053";"2";"0,00";"310,00";"310,00";"166,02";"M16";"V38";"C0084"
"V004508";"21-06-2025";"Magasin";"Livree";"P0058";"1";"0,00";"65,00";"65,00";"31,31";"M01";"V01";"C0091"
"V004509";"21-06-2025";"Magasin";"Livree";"P0025";"1";"0,00";"55,00";"55,00";"32,37";"M12";"V26";"C0042"
"V004510";"21-06-2025";"Magasin";"Livree";"P0024";"2";"0,00";"1540,00";"1540,00";"931,78";"M19";"V45";"C0133"
"V004511";"21-06-2025";"Web";"LIVREE";"P0032";"1";"10,00";"190,00";"171,00";"108,18";"M08";"V16";"C0134"
"V004512";"21-06-2025";"Magasin";"Annulee";"P0022";"2";"10,00";"860,00";"774,00";"411,40";"M08";"V16";"C0120"
"V004513";"21-06-2025";"web";"LIVREE";"P0062";"1";"0,00";"130,00";"130,00";"66,13";"M01";"V01";"C0136"
"V004514";"21-06-2025";"MAGASIN";"Livree";"P0034";"2";"0,00";"400,00";"400,00";"236,88";"M04";"V09";"C0132"
"V004515";"21-06-2025";"MAGASIN";"Livree";"P0045";"2";"0,00";"650,00";"650,00";"298,38";"M11";"V23";"C0069"
"V004516";"21-06-2025";"Web";"livree";"P0015";"3";"0,00";"1650,00";"1650,00";"917,25";"M24";"V58";"C0123"
"V004517";"21-06-2025";"Magasin";"LIVREE";"P0053";"1";"0,00";"155,00";"155,00";"83,01";"M13";"V30";"C0135"
"V004518";"22-06-2025";"Magasin";"LIVREE";"P0054";"2";"0,00";"320,00";"320,00";"154,88";"M19";"V45";"C0160"
"V004519";"22-06-2025";"magasin";"Livree";"P0040";"4";"5,00";"7640,00";"7258,00";"4155,68";"M22";"V53";"C0129"
"V004520";"22-06-2025";"MAGASIN";"Annulee";"P0064";"3";"0,00";"210,00";"210,00";"107,58";"M17";"V42";"C0127"
"V004521";"22-06-2025";"web";"LIVREE";"P0054";"1";"0,00";"160,00";"160,00";"77,44";"M02";"V04";"C0114"
"V004522";"22-06-2025";"Magasin";"Livree";"P0006";"1";"0,00";"1075,00";"1075,00";"657,19";"M07";"V14";"C0119"
"V004523";"23-06-2025";"Magasin";"Livree";"P0053";"3";"0,00";"465,00";"465,00";"249,03";"M12";"V28";"C0179"
"V004524";"23-06-2025";"web";"LIVREE";"P0023";"1";"0,00";"700,00";"700,00";"404,57";"M07";"V15";"C0115"
"V004525";"23-06-2025";"web";"Livree";"P0015";"2";"0,00";"1100,00";"1100,00";"611,50";"M17";"V42";"C0029"
"V004526";"23-06-2025";"Magasin";"Livree";"P0056";"4";"5,00";"100,00";"95,00";"48,60";"M21";"V52";"C0209"
"V004527";"23-06-2025";"Magasin";"Livree";"P0042";"3";"0,00";"6135,00";"6135,00";"3709,92";"M08";"V17";"C0088"
"V004528";"23-06-2025";"Magasin";"LIVREE";"P0018";"1";"0,00";"865,00";"865,00";"441,11";"M08";"V16";"C0006"
"V004529";"23-06-2025";"Web";"LIVREE";"P0033";"1";"0,00";"50,00";"50,00";"22,73";"M08";"V17";"C0028"
"V004530";"23-06-2025";"Magasin";"Annulee";"P0037";"2";"0,00";"460,00";"460,00";"231,90";"M13";"V30";"C0178"
"V004531";"23-06-2025";"Magasin";"EnCours";"P0044";"1";"5,00";"1800,00";"1710,00";"1053,21";"M16";"V37";"C0146"
"V004532";"23-06-2025";"web";"LIVREE";"P0041";"1";"0,00";"2225,00";"2225,00";"1348,70";"M04";"V09";"C0183"
"V004533";"23-06-2025";"Web";"LIVREE";"P0054";"1";"10,00";"160,00";"144,00";"77,44";"M16";"V38";"C0157"
"V004534";"23-06-2025";"web";"livree";"P0049";"1";"0,00";"1770,00";"1770,00";"798,07";"M18";"V43";"C0195"
"V004535";"23-06-2025";"MAGASIN";"livree";"P0028";"1";"0,00";"130,00";"130,00";"67,26";"M20";"V49";"C0050"
"V004536";"23-06-2025";"Web";"Livree";"P0050";"4";"10,00";"920,00";"828,00";"463,32";"M17";"V40";"C0164"
"V004537";"23-06-2025";"Magasin";"encours";"P0038";"2";"5,00";"460,00";"437,00";"238,64";"M09";"V19";"C0191"
"V004538";"23-06-2025";"WEB";"Livree";"P0046";"2";"0,00";"2070,00";"2070,00";"1230,72";"M08";"V16";"C0004"
"V004539";"24-06-2025";"Magasin";"EnCours";"P0042";"2";"5,00";"4090,00";"3885,50";"2473,28";"M22";"V53";"C0022"
"V004540";"24-06-2025";"WEB";"Livree";"P0017";"1";"0,00";"450,00";"450,00";"256,83";"M13";"V29";"C0042"
"V004541";"24-06-2025";"magasin";"LIVREE";"P0033";"3";"10,00";"150,00";"135,00";"68,19";"M01";"V03";"C0152"
"V004542";"24-06-2025";"Magasin";"LIVREE";"P0058";"3";"5,00";"195,00";"185,25";"93,93";"M22";"V53";"C0119"
"V004543";"24-06-2025";"magasin";"livree";"P0053";"2";"5,00";"310,00";"294,50";"166,02";"M02";"V05";"C0016"
"V004544";"24-06-2025";"Magasin";"Livree";"P0059";"1";"0,00";"40,00";"40,00";"19,23";"M22";"V54";"C0002"
"V004545";"24-06-2025";"WEB";"LIVREE";"P0059";"1";"0,00";"40,00";"40,00";"19,23";"M16";"V39";"C0158"
"V004546";"25-06-2025";"magasin";"Livree";"P0033";"3";"0,00";"150,00";"150,00";"68,19";"M13";"V29";"C0126"
"V004547";"25-06-2025";"Web";"livree";"P0058";"1";"0,00";"65,00";"65,00";"31,31";"M02";"V04";"C0210"
"V004548";"25-06-2025";"Magasin";"Annulee";"P0026";"1";"0,00";"275,00";"275,00";"137,45";"M15";"V35";"C0098"
"V004549";"25-06-2025";"magasin";"LIVREE";"P0041";"4";"0,00";"8900,00";"8900,00";"5394,80";"M13";"V29";"C0204"
"V004550";"25-06-2025";"Magasin";"Annulee";"P0057";"1";"0,00";"20,00";"20,00";"10,89";"M07";"V15";"C0059"
"V004551";"25-06-2025";"Web";"encours";"P0019";"1";"5,00";"535,00";"508,25";"307,48";"M12";"V26";"C0106"
"V004552";"25-06-2025";"Magasin";"EnCours";"P0031";"2";"0,00";"300,00";"300,00";"184,48";"M10";"V20";"C0004"
"V004553";"26-06-2025";"Magasin";"Livree";"P0050";"1";"0,00";"230,00";"230,00";"115,83";"M18";"V44";"C0162"
"V004554";"26-06-2025";"Magasin";"livree";"P0036";"3";"5,00";"315,00";"299,25";"173,73";"M21";"V51";"C0155"
"V004555";"26-06-2025";"Magasin";"EnCours";"P0041";"1";"0,00";"2225,00";"2225,00";"1348,70";"M09";"V19";"C0088"
"V004556";"26-06-2025";"MAGASIN";"Livree";"P0063";"1";"10,00";"105,00";"94,50";"58,21";"M17";"V40";"C0118"
"V004557";"26-06-2025";"Magasin";"Annulee";"P0064";"1";"0,00";"70,00";"70,00";"35,86";"M22";"V54";"C0124"
"V004558";"26-06-2025";"MAGASIN";"LIVREE";"P0045";"2";"0,00";"650,00";"650,00";"298,38";"M06";"V13";"C0182"
"V004559";"26-06-2025";"WEB";"LIVREE";"P0019";"2";"0,00";"1070,00";"1070,00";"614,96";"M11";"V24";"C0159"
"V004560";"26-06-2025";"Web";"Annulee";"P0050";"1";"0,00";"230,00";"230,00";"115,83";"M07";"V15";"C0107"
"V004561";"27-06-2025";"WEB";"Livree";"P0060";"1";"5,00";"40,00";"38,00";"20,46";"M21";"V51";"C0214"
"V004562";"27-06-2025";"magasin";"Livree";"P0039";"3";"5,00";"4455,00";"4232,25";"2020,53";"M02";"V05";"C0100"
"V004563";"27-06-2025";"web";"Livree";"P0054";"2";"5,00";"320,00";"304,00";"154,88";"M04";"V08";"C0105"
"V004564";"27-06-2025";"Magasin";"Livree";"P0052";"1";"5,00";"135,00";"128,25";"72,51";"M25";"V59";"C0180"
"V004565";"27-06-2025";"Magasin";"Livree";"P0036";"4";"10,00";"420,00";"378,00";"231,64";"M14";"V33";"C0172"
"V004566";"27-06-2025";"MAGASIN";"livree";"P0056";"2";"10,00";"50,00";"45,00";"24,30";"M04";"V09";"C0097"
"V004567";"27-06-2025";"Magasin";"livree";"P0040";"1";"0,00";"1910,00";"1910,00";"1038,92";"M09";"V19";"C0036"
"V004568";"27-06-2025";"Magasin";"livree";"P0040";"3";"0,00";"5730,00";"5730,00";"3116,76";"M17";"V40";"C0106"
"V004569";"27-06-2025";"magasin";"Livree";"P0058";"2";"0,00";"130,00";"130,00";"62,62";"M06";"V13";"C0095"
"V004570";"28-06-2025";"magasin";"LIVREE";"P0028";"3";"10,00";"390,00";"351,00";"201,78";"M22";"V53";"C0218"
"V004571";"28-06-2025";"Magasin";"Livree";"P0032";"2";"5,00";"380,00";"361,00";"216,36";"M04";"V09";"C0001"
"V004572";"28-06-2025";"web";"livree";"P0058";"2";"0,00";"130,00";"130,00";"62,62";"M12";"V26";"C0180"
"V004573";"28-06-2025";"WEB";"livree";"P0046";"1";"10,00";"1035,00";"931,50";"615,36";"M16";"V39";"C0019"
"V004574";"28-06-2025";"Magasin";"Annulee";"P0024";"3";"0,00";"2310,00";"2310,00";"1397,67";"M13";"V30";"C0193"
"V004575";"28-06-2025";"magasin";"Annulee";"P0040";"3";"5,00";"5730,00";"5443,50";"3116,76";"M16";"V38";"C0041"
"V004576";"28-06-2025";"Magasin";"livree";"P0052";"2";"10,00";"270,00";"243,00";"145,02";"M06";"V12";"C0126"
"V004577";"28-06-2025";"Magasin";"livree";"P0028";"2";"5,00";"260,00";"247,00";"134,52";"M11";"V23";"C0036"
"V004578";"28-06-2025";"Web";"Livree";"P0053";"1";"0,00";"155,00";"155,00";"83,01";"M16";"V38";"C0094"
"V004579";"28-06-2025";"magasin";"Livree";"P0043";"2";"0,00";"4460,00";"4460,00";"2397,94";"M14";"V32";"C0210"
"V004580";"28-06-2025";"Magasin";"LIVREE";"P0040";"4";"10,00";"7640,00";"6876,00";"4155,68";"M23";"V55";"C0109"
"V004581";"29-06-2025";"Web";"Livree";"P0025";"2";"5,00";"110,00";"104,50";"64,74";"M18";"V43";"C0017"
"V004582";"29-06-2025";"WEB";"Livree";"P0046";"2";"0,00";"2070,00";"2070,00";"1230,72";"M01";"V02";"C0118"
"V004583";"29-06-2025";"WEB";"Livree";"P0050";"1";"5,00";"230,00";"218,50";"115,83";"M08";"V17";"C0131"
"V004584";"29-06-2025";"Magasin";"Livree";"P0058";"1";"0,00";"65,00";"65,00";"31,31";"M13";"V31";"C0023"
"V004585";"29-06-2025";"Web";"LIVREE";"P0059";"3";"0,00";"120,00";"120,00";"57,69";"M05";"V10";"C0104"
"V004586";"29-06-2025";"Magasin";"EnCours";"P0045";"2";"0,00";"650,00";"650,00";"298,38";"M02";"V04";"C0066"
"V004587";"29-06-2025";"Magasin";"Livree";"P0045";"1";"10,00";"325,00";"292,50";"149,19";"M22";"V53";"C0097"
"V004588";"29-06-2025";"Magasin";"LIVREE";"P0045";"2";"0,00";"650,00";"650,00";"298,38";"M10";"V20";"C0220"
"V004589";"29-06-2025";"Magasin";"Livree";"P0024";"1";"0,00";"770,00";"770,00";"465,89";"M05";"V10";"C0048"
"V004590";"29-06-2025";"Magasin";"EnCours";"P0058";"1";"0,00";"65,00";"65,00";"31,31";"M22";"V54";"C0043"
"V004591";"29-06-2025";"magasin";"LIVREE";"P0062";"1";"0,00";"130,00";"130,00";"66,13";"M16";"V39";"C0041"
"V004592";"29-06-2025";"MAGASIN";"Livree";"P0031";"2";"0,00";"300,00";"300,00";"184,48";"M23";"V55";"C0060"
"V004593";"29-06-2025";"Magasin";"Livree";"P0060";"1";"10,00";"40,00";"36,00";"20,46";"M15";"V36";"C0018"
"V004594";"29-06-2025";"WEB";"Livree";"P0058";"1";"0,00";"65,00";"65,00";"31,31";"M11";"V25";"C0101"
"V004595";"29-06-2025";"MAGASIN";"Livree";"P0038";"4";"5,00";"920,00";"874,00";"477,28";"M09";"V19";"C0132"
"V004596";"29-06-2025";"Magasin";"encours";"P0023";"1";"0,00";"700,00";"700,00";"404,57";"M24";"V57";"C0108"
"V004597";"29-06-2025";"MAGASIN";"Livree";"P0050";"1";"0,00";"230,00";"230,00";"115,83";"M22";"V53";"C0038"
"V004598";"29-06-2025";"MAGASIN";"EnCours";"P0058";"3";"0,00";"195,00";"195,00";"93,93";"M19";"V47";"C0034"
"V004599";"29-06-2025";"Magasin";"livree";"P0041";"2";"5,00";"4450,00";"4227,50";"2697,40";"M12";"V28";"C0048"
"V004600";"30-06-2025";"Magasin";"LIVREE";"P0053";"1";"0,00";"155,00";"155,00";"83,01";"M20";"V50";"C0111"
"V004601";"30-06-2025";"Magasin";"livree";"P0050";"1";"5,00";"230,00";"218,50";"115,83";"M10";"V22";"C0112"
"V004602";"30-06-2025";"MAGASIN";"Annulee";"P0042";"1";"0,00";"2045,00";"2045,00";"1236,64";"M25";"V59";"C0077"
"V004603";"30-06-2025";"web";"livree";"P0053";"3";"5,00";"465,00";"441,75";"249,03";"M25";"V59";"C0080"
"V004604";"30-06-2025";"WEB";"LIVREE";"P0055";"1";"0,00";"40,00";"40,00";"19,21";"M17";"V41";"C0089"
"V004605";"30-06-2025";"magasin";"Livree";"P0058";"2";"10,00";"130,00";"117,00";"62,62";"M02";"V05";"C0131"
"V004606";"30-06-2025";"Magasin";"Livree";"P0046";"3";"0,00";"3105,00";"3105,00";"1846,08";"M13";"V30";"C0142"
"V004607";"30-06-2025";"magasin";"Livree";"P0047";"1";"0,00";"1665,00";"1665,00";"1004,07";"M02";"V04";"C0062"
"V004608";"30-06-2025";"Magasin";"LIVREE";"P0025";"1";"0,00";"55,00";"55,00";"32,37";"M12";"V27";"C0061"
"V004609";"30-06-2025";"Magasin";"Livree";"P0063";"2";"0,00";"210,00";"210,00";"116,42";"M18";"V43";"C0197"
"V004610";"30-06-2025";"magasin";"livree";"P0029";"1";"0,00";"285,00";"285,00";"169,00";"M13";"V29";"C0012"
"V004611";"30-06-2025";"Web";"livree";"P0064";"2";"0,00";"140,00";"140,00";"71,72";"M06";"V12";"C0176"
"V004612";"30-06-2025";"Magasin";"EnCours";"P0062";"2";"0,00";"260,00";"260,00";"132,26";"M11";"V25";"C0072"
"V004613";"30-06-2025";"magasin";"LIVREE";"P0045";"1";"0,00";"325,00";"325,00";"149,19";"M18";"V43";"C0214"
"V004614";"30-06-2025";"Magasin";"LIVREE";"P0055";"3";"0,00";"120,00";"120,00";"57,63";"M07";"V15";"C0098"
"V004615";"01-07-2025";"MAGASIN";"LIVREE";"P0052";"3";"0,00";"405,00";"405,00";"217,53";"M18";"V44";"C0148"
"V004616";"01-07-2025";"Web";"LIVREE";"P0057";"2";"0,00";"40,00";"40,00";"21,78";"M03";"V06";"C0106"
"V004617";"01-07-2025";"Web";"Livree";"P0060";"1";"0,00";"40,00";"40,00";"20,46";"M22";"V53";"C0159"
"V004618";"01-07-2025";"Web";"livree";"P0044";"1";"5,00";"1800,00";"1710,00";"1053,21";"M12";"V27";"C0143"
"V004619";"01-07-2025";"MAGASIN";"LIVREE";"P0060";"1";"5,00";"40,00";"38,00";"20,46";"M13";"V29";"C0165"
"V004620";"01-07-2025";"magasin";"EnCours";"P0056";"2";"0,00";"50,00";"50,00";"24,30";"M19";"V46";"C0108"
"V004621";"01-07-2025";"Magasin";"EnCours";"P0062";"1";"0,00";"130,00";"130,00";"66,13";"M25";"V59";"C0159"
"V004622";"01-07-2025";"Magasin";"Livree";"P0044";"1";"0,00";"1800,00";"1800,00";"1053,21";"M07";"V14";"C0121"
"V004623";"02-07-2025";"Magasin";"Livree";"P0053";"1";"0,00";"155,00";"155,00";"83,01";"M11";"V23";"C0013"
"V004624";"02-07-2025";"MAGASIN";"LIVREE";"P0033";"2";"0,00";"100,00";"100,00";"45,46";"M19";"V45";"C0107"
"V004625";"02-07-2025";"Magasin";"Livree";"P0064";"1";"10,00";"70,00";"63,00";"35,86";"M19";"V47";"C0076"
"V004626";"02-07-2025";"Magasin";"Livree";"P0056";"2";"0,00";"50,00";"50,00";"24,30";"M25";"V59";"C0131"
"V004627";"02-07-2025";"Web";"Livree";"P0051";"2";"5,00";"310,00";"294,50";"155,70";"M22";"V54";"C0143"
"V004628";"02-07-2025";"MAGASIN";"Livree";"P0064";"2";"5,00";"140,00";"133,00";"71,72";"M23";"V56";"C0053"
"V004629";"02-07-2025";"magasin";"Livree";"P0050";"1";"5,00";"230,00";"218,50";"115,83";"M16";"V39";"C0135"
"V004630";"02-07-2025";"Magasin";"Livree";"P0022";"1";"10,00";"430,00";"387,00";"205,70";"M01";"V02";"C0125"
"V004631";"02-07-2025";"magasin";"livree";"P0052";"2";"5,00";"270,00";"256,50";"145,02";"M12";"V26";"C0165"
"V004632";"02-07-2025";"Magasin";"Livree";"P0046";"2";"0,00";"2070,00";"2070,00";"1230,72";"M22";"V54";"C0048"
"V004633";"02-07-2025";"MAGASIN";"encours";"P0053";"1";"0,00";"155,00";"155,00";"83,01";"M15";"V36";"C0004"
"V004634";"02-07-2025";"Magasin";"LIVREE";"P0027";"1";"0,00";"220,00";"220,00";"106,66";"M07";"V14";"C0169"
"V004635";"03-07-2025";"MAGASIN";"LIVREE";"P0019";"1";"0,00";"535,00";"535,00";"307,48";"M17";"V42";"C0030"
"V004636";"03-07-2025";"magasin";"EnCours";"P0035";"3";"0,00";"510,00";"510,00";"275,94";"M01";"V02";"C0030"
"V004637";"03-07-2025";"WEB";"Livree";"P0062";"1";"0,00";"130,00";"130,00";"66,13";"M08";"V17";"C0050"
"V004638";"03-07-2025";"magasin";"livree";"P0029";"2";"0,00";"570,00";"570,00";"338,00";"M19";"V45";"C0209"
"V004639";"03-07-2025";"magasin";"Livree";"P0052";"4";"0,00";"540,00";"540,00";"290,04";"M04";"V09";"C0074"
"V004640";"03-07-2025";"magasin";"LIVREE";"P0022";"1";"0,00";"430,00";"430,00";"205,70";"M01";"V02";"C0086"
"V004641";"03-07-2025";"MAGASIN";"Livree";"P0062";"2";"0,00";"260,00";"260,00";"132,26";"M25";"V59";"C0073"
"V004642";"03-07-2025";"Magasin";"EnCours";"P0028";"1";"0,00";"130,00";"130,00";"67,26";"M09";"V18";"C0144"
"V004643";"03-07-2025";"web";"Livree";"P0059";"1";"0,00";"40,00";"40,00";"19,23";"M13";"V31";"C0082"
"V004644";"03-07-2025";"MAGASIN";"Livree";"P0053";"3";"5,00";"465,00";"441,75";"249,03";"M02";"V04";"C0163"
"V004645";"03-07-2025";"Web";"Livree";"P0035";"1";"10,00";"170,00";"153,00";"91,98";"M22";"V54";"C0012"
"V004646";"04-07-2025";"WEB";"Livree";"P0055";"2";"0,00";"80,00";"80,00";"38,42";"M06";"V13";"C0122"
"V004647";"04-07-2025";"magasin";"Livree";"P0052";"1";"0,00";"135,00";"135,00";"72,51";"M21";"V51";"C0035"
"V004648";"04-07-2025";"Magasin";"EnCours";"P0052";"1";"0,00";"135,00";"135,00";"72,51";"M01";"V02";"C0075"
"V004649";"04-07-2025";"Magasin";"Livree";"P0057";"1";"0,00";"20,00";"20,00";"10,89";"M21";"V52";"C0148"
"V004650";"04-07-2025";"Magasin";"Livree";"P0049";"1";"0,00";"1770,00";"1770,00";"798,07";"M20";"V48";"C0067"
"V004651";"04-07-2025";"magasin";"Livree";"P0055";"3";"0,00";"120,00";"120,00";"57,63";"M07";"V14";"C0124"
"V004652";"04-07-2025";"magasin";"EnCours";"P0052";"2";"0,00";"270,00";"270,00";"145,02";"M03";"V07";"C0135"
"V004653";"04-07-2025";"WEB";"LIVREE";"P0052";"1";"0,00";"135,00";"135,00";"72,51";"M19";"V47";"C0035"
"V004654";"04-07-2025";"Magasin";"LIVREE";"P0013";"1";"0,00";"750,00";"750,00";"338,18";"M01";"V03";"C0098"
"V004655";"04-07-2025";"magasin";"LIVREE";"P0027";"1";"0,00";"220,00";"220,00";"106,66";"M08";"V16";"C0153"
"V004656";"04-07-2025";"Magasin";"Livree";"P0055";"3";"10,00";"120,00";"108,00";"57,63";"M06";"V12";"C0061"
"V004657";"04-07-2025";"magasin";"Livree";"P0060";"2";"5,00";"80,00";"76,00";"40,92";"M04";"V08";"C0120"
"V004658";"04-07-2025";"Magasin";"Livree";"P0062";"1";"0,00";"130,00";"130,00";"66,13";"M12";"V27";"C0036"
"V004659";"04-07-2025";"Web";"livree";"P0048";"1";"0,00";"1760,00";"1760,00";"945,76";"M02";"V05";"C0075"
"V004660";"04-07-2025";"Web";"Livree";"P0042";"1";"0,00";"2045,00";"2045,00";"1236,64";"M17";"V42";"C0099"
"V004661";"04-07-2025";"magasin";"livree";"P0018";"2";"10,00";"1730,00";"1557,00";"882,22";"M11";"V23";"C0170"
"V004662";"04-07-2025";"magasin";"Livree";"P0027";"1";"5,00";"220,00";"209,00";"106,66";"M06";"V13";"C0041"
"V004663";"05-07-2025";"Magasin";"Livree";"P0057";"1";"0,00";"20,00";"20,00";"10,89";"M22";"V54";"C0042"
"V004664";"05-07-2025";"magasin";"Livree";"P0025";"2";"0,00";"110,00";"110,00";"64,74";"M06";"V13";"C0158"
"V004665";"05-07-2025";"Magasin";"livree";"P0050";"1";"5,00";"230,00";"218,50";"115,83";"M07";"V15";"C0206"
"V004666";"05-07-2025";"MAGASIN";"LIVREE";"P0038";"2";"5,00";"460,00";"437,00";"238,64";"M14";"V33";"C0109"
"V004667";"05-07-2025";"web";"Livree";"P0042";"1";"10,00";"2045,00";"1840,50";"1236,64";"M02";"V05";"C0155"
"V004668";"05-07-2025";"Magasin";"Livree";"P0043";"2";"5,00";"4460,00";"4237,00";"2397,94";"M23";"V55";"C0077"
"V004669";"05-07-2025";"Magasin";"LIVREE";"P0045";"2";"10,00";"650,00";"585,00";"298,38";"M14";"V32";"C0058"
"V004670";"05-07-2025";"MAGASIN";"Livree";"P0064";"1";"0,00";"70,00";"70,00";"35,86";"M11";"V23";"C0118"
"V004671";"05-07-2025";"MAGASIN";"LIVREE";"P0063";"2";"5,00";"210,00";"199,50";"116,42";"M05";"V10";"C0040"
"V004672";"05-07-2025";"Magasin";"Annulee";"P0043";"2";"5,00";"4460,00";"4237,00";"2397,94";"M04";"V08";"C0190"
"V004673";"05-07-2025";"Magasin";"LIVREE";"P0054";"3";"5,00";"480,00";"456,00";"232,32";"M21";"V51";"C0122"
"V004674";"06-07-2025";"Magasin";"livree";"P0054";"2";"0,00";"320,00";"320,00";"154,88";"M08";"V17";"C0200"
"V004675";"06-07-2025";"Magasin";"livree";"P0051";"1";"0,00";"155,00";"155,00";"77,85";"M07";"V14";"C0015"
"V004676";"06-07-2025";"MAGASIN";"Livree";"P0052";"2";"0,00";"270,00";"270,00";"145,02";"M14";"V33";"C0053"
"V004677";"06-07-2025";"Magasin";"Livree";"P0036";"1";"0,00";"105,00";"105,00";"57,91";"M17";"V40";"C0076"
"V004678";"06-07-2025";"magasin";"livree";"P0048";"3";"10,00";"5280,00";"4752,00";"2837,28";"M20";"V50";"C0014"
"V004679";"06-07-2025";"Magasin";"Livree";"P0017";"2";"0,00";"900,00";"900,00";"513,66";"M19";"V45";"C0207"
"V004680";"06-07-2025";"MAGASIN";"Annulee";"P0045";"1";"0,00";"325,00";"325,00";"149,19";"M02";"V04";"C0128"
"V004681";"06-07-2025";"magasin";"Livree";"P0042";"3";"5,00";"6135,00";"5828,25";"3709,92";"M16";"V38";"C0042"
"V004682";"06-07-2025";"magasin";"LIVREE";"P0057";"3";"5,00";"60,00";"57,00";"32,67";"M01";"V01";"C0064"
"V004683";"06-07-2025";"Magasin";"livree";"P0052";"2";"0,00";"270,00";"270,00";"145,02";"M18";"V43";"C0052"
"V004684";"07-07-2025";"Web";"Livree";"P0030";"1";"0,00";"265,00";"265,00";"125,99";"M10";"V21";"C0189"
"V004685";"07-07-2025";"MAGASIN";"encours";"P0055";"4";"0,00";"160,00";"160,00";"76,84";"M21";"V52";"C0049"
"V004686";"07-07-2025";"MAGASIN";"Livree";"P0057";"1";"0,00";"20,00";"20,00";"10,89";"M17";"V40";"C0187"
"V004687";"07-07-2025";"Web";"Livree";"P0027";"1";"10,00";"220,00";"198,00";"106,66";"M20";"V49";"C0037"
"V004688";"07-07-2025";"magasin";"Livree";"P0051";"1";"0,00";"155,00";"155,00";"77,85";"M15";"V34";"C0150"
"V004689";"07-07-2025";"Web";"Livree";"P0028";"4";"0,00";"520,00";"520,00";"269,04";"M07";"V14";"C0023"
"V004690";"07-07-2025";"web";"Livree";"P0058";"1";"0,00";"65,00";"65,00";"31,31";"M06";"V13";"C0154"
"V004691";"07-07-2025";"Magasin";"livree";"P0025";"4";"0,00";"220,00";"220,00";"129,48";"M04";"V09";"C0054"
"V004692";"07-07-2025";"Web";"livree";"P0053";"2";"0,00";"310,00";"310,00";"166,02";"M04";"V08";"C0115"
"V004693";"07-07-2025";"web";"Livree";"P0046";"1";"0,00";"1035,00";"1035,00";"615,36";"M22";"V53";"C0027"
"V004694";"07-07-2025";"Magasin";"encours";"P0064";"1";"0,00";"70,00";"70,00";"35,86";"M13";"V30";"C0021"
"V004695";"07-07-2025";"Web";"Livree";"P0035";"1";"0,00";"170,00";"170,00";"91,98";"M14";"V32";"C0175"
"V004696";"08-07-2025";"MAGASIN";"livree";"P0050";"1";"5,00";"230,00";"218,50";"115,83";"M02";"V04";"C0172"
"V004697";"08-07-2025";"Web";"Livree";"P0043";"2";"10,00";"4460,00";"4014,00";"2397,94";"M01";"V03";"C0058"
"V004698";"08-07-2025";"Magasin";"Livree";"P0040";"1";"0,00";"1910,00";"1910,00";"1038,92";"M03";"V07";"C0150"
"V004699";"08-07-2025";"magasin";"LIVREE";"P0057";"1";"5,00";"20,00";"19,00";"10,89";"M03";"V07";"C0112"
"V004700";"08-07-2025";"Magasin";"livree";"P0038";"2";"0,00";"460,00";"460,00";"238,64";"M21";"V51";"C0009"
"V004701";"08-07-2025";"Magasin";"Livree";"P0053";"1";"0,00";"155,00";"155,00";"83,01";"M24";"V57";"C0031"
"V004702";"08-07-2025";"Magasin";"Livree";"P0062";"3";"0,00";"390,00";"390,00";"198,39";"M06";"V13";"C0042"
"V004703";"08-07-2025";"Magasin";"Livree";"P0049";"2";"10,00";"3540,00";"3186,00";"1596,14";"M16";"V39";"C0077"
"V004704";"08-07-2025";"Magasin";"Livree";"P0009";"1";"0,00";"505,00";"505,00";"297,17";"M08";"V17";"C0069"
"V004705";"08-07-2025";"Magasin";"Livree";"P0039";"2";"0,00";"2970,00";"2970,00";"1347,02";"M17";"V42";"C0196"
"V004706";"08-07-2025";"Magasin";"LIVREE";"P0041";"3";"0,00";"6675,00";"6675,00";"4046,10";"M20";"V50";"C0015"
"V004707";"08-07-2025";"WEB";"LIVREE";"P0047";"2";"0,00";"3330,00";"3330,00";"2008,14";"M22";"V53";"C0179"
"V004708";"08-07-2025";"magasin";"LIVREE";"P0058";"2";"0,00";"130,00";"130,00";"62,62";"M03";"V07";"C0159"
"V004709";"08-07-2025";"MAGASIN";"Annulee";"P0033";"2";"0,00";"100,00";"100,00";"45,46";"M17";"V40";"C0202"
"V004710";"09-07-2025";"Web";"LIVREE";"P0031";"2";"0,00";"300,00";"300,00";"184,48";"M02";"V05";"C0098"
"V004711";"09-07-2025";"Magasin";"Annulee";"P0032";"3";"0,00";"570,00";"570,00";"324,54";"M22";"V53";"C0147"
"V004712";"09-07-2025";"Magasin";"livree";"P0058";"3";"10,00";"195,00";"175,50";"93,93";"M14";"V32";"C0167"
"V004713";"09-07-2025";"Web";"Livree";"P0058";"1";"5,00";"65,00";"61,75";"31,31";"M21";"V52";"C0050"
"V004714";"09-07-2025";"magasin";"Livree";"P0063";"2";"0,00";"210,00";"210,00";"116,42";"M17";"V40";"C0062"
"V004715";"09-07-2025";"web";"Livree";"P0057";"4";"0,00";"80,00";"80,00";"43,56";"M01";"V02";"C0024"
"V004716";"09-07-2025";"Magasin";"Livree";"P0036";"2";"5,00";"210,00";"199,50";"115,82";"M13";"V30";"C0169"
"V004717";"09-07-2025";"Magasin";"encours";"P0028";"2";"0,00";"260,00";"260,00";"134,52";"M20";"V49";"C0195"
"V004718";"09-07-2025";"WEB";"Livree";"P0049";"4";"0,00";"7080,00";"7080,00";"3192,28";"M01";"V01";"C0150"
"V004719";"09-07-2025";"web";"Livree";"P0058";"1";"5,00";"65,00";"61,75";"31,31";"M15";"V35";"C0214"
"V004720";"10-07-2025";"web";"Livree";"P0056";"1";"5,00";"25,00";"23,75";"12,15";"M18";"V43";"C0149"
"V004721";"10-07-2025";"magasin";"livree";"P0060";"1";"5,00";"40,00";"38,00";"20,46";"M10";"V20";"C0004"
"V004722";"10-07-2025";"WEB";"livree";"P0033";"1";"0,00";"50,00";"50,00";"22,73";"M24";"V58";"C0219"
"V004723";"10-07-2025";"magasin";"livree";"P0045";"3";"10,00";"975,00";"877,50";"447,57";"M25";"V59";"C0205"
"V004724";"10-07-2025";"Magasin";"LIVREE";"P0055";"2";"5,00";"80,00";"76,00";"38,42";"M21";"V51";"C0098"
"V004725";"10-07-2025";"MAGASIN";"livree";"P0054";"2";"0,00";"320,00";"320,00";"154,88";"M03";"V06";"C0101"
"V004726";"10-07-2025";"Magasin";"Livree";"P0056";"1";"5,00";"25,00";"23,75";"12,15";"M09";"V19";"C0191"
"V004727";"10-07-2025";"Magasin";"Livree";"P0052";"1";"5,00";"135,00";"128,25";"72,51";"M24";"V57";"C0017"
"V004728";"10-07-2025";"Magasin";"Livree";"P0056";"2";"0,00";"50,00";"50,00";"24,30";"M19";"V47";"C0199"
"V004729";"11-07-2025";"Magasin";"Livree";"P0064";"1";"0,00";"70,00";"70,00";"35,86";"M17";"V41";"C0025"
"V004730";"11-07-2025";"web";"livree";"P0060";"1";"5,00";"40,00";"38,00";"20,46";"M02";"V04";"C0158"
"V004731";"11-07-2025";"WEB";"livree";"P0064";"3";"0,00";"210,00";"210,00";"107,58";"M22";"V54";"C0046"
"V004732";"11-07-2025";"magasin";"Livree";"P0060";"3";"0,00";"120,00";"120,00";"61,38";"M18";"V43";"C0015"
"V004733";"11-07-2025";"magasin";"livree";"P0049";"1";"5,00";"1770,00";"1681,50";"798,07";"M07";"V15";"C0119"
"V004734";"11-07-2025";"Magasin";"livree";"P0051";"1";"0,00";"155,00";"155,00";"77,85";"M19";"V46";"C0046"
"V004735";"11-07-2025";"Web";"LIVREE";"P0019";"1";"0,00";"535,00";"535,00";"307,48";"M05";"V11";"C0055"
"V004736";"12-07-2025";"Magasin";"EnCours";"P0058";"3";"0,00";"195,00";"195,00";"93,93";"M23";"V56";"C0074"
"V004737";"12-07-2025";"WEB";"Livree";"P0042";"2";"5,00";"4090,00";"3885,50";"2473,28";"M08";"V17";"C0085"
"V004738";"12-07-2025";"Magasin";"Livree";"P0026";"4";"0,00";"1100,00";"1100,00";"549,80";"M03";"V07";"C0101"
"V004739";"12-07-2025";"web";"Livree";"P0053";"2";"0,00";"310,00";"310,00";"166,02";"M20";"V49";"C0131"
"V004740";"12-07-2025";"WEB";"encours";"P0036";"2";"0,00";"210,00";"210,00";"115,82";"M16";"V39";"C0136"
"V004741";"12-07-2025";"MAGASIN";"livree";"P0047";"3";"0,00";"4995,00";"4995,00";"3012,21";"M19";"V47";"C0010"
"V004742";"12-07-2025";"Magasin";"Livree";"P0016";"1";"5,00";"385,00";"365,75";"178,74";"M06";"V13";"C0003"
"V004743";"12-07-2025";"WEB";"LIVREE";"P0052";"1";"0,00";"135,00";"135,00";"72,51";"M25";"V59";"C0090"
"V004744";"12-07-2025";"Magasin";"LIVREE";"P0018";"1";"0,00";"865,00";"865,00";"441,11";"M02";"V05";"C0153"
"V004745";"12-07-2025";"Web";"Livree";"P0057";"1";"0,00";"20,00";"20,00";"10,89";"M02";"V05";"C0127"
"V004746";"12-07-2025";"magasin";"livree";"P0008";"3";"0,00";"1485,00";"1485,00";"731,28";"M19";"V46";"C0167"
"V004747";"13-07-2025";"Magasin";"Livree";"P0001";"1";"0,00";"1055,00";"1055,00";"627,64";"M18";"V43";"C0186"
"V004748";"13-07-2025";"Magasin";"encours";"P0041";"1";"10,00";"2225,00";"2002,50";"1348,70";"M09";"V18";"C0139"
"V004749";"13-07-2025";"Magasin";"LIVREE";"P0062";"1";"5,00";"130,00";"123,50";"66,13";"M15";"V34";"C0132"
"V004750";"13-07-2025";"WEB";"LIVREE";"P0046";"4";"5,00";"4140,00";"3933,00";"2461,44";"M02";"V05";"C0190"
"V004751";"13-07-2025";"web";"Livree";"P0052";"4";"0,00";"540,00";"540,00";"290,04";"M22";"V53";"C0025"
"V004752";"13-07-2025";"MAGASIN";"Livree";"P0028";"1";"5,00";"130,00";"123,50";"67,26";"M21";"V52";"C0022"
"V004753";"13-07-2025";"web";"livree";"P0042";"2";"5,00";"4090,00";"3885,50";"2473,28";"M23";"V56";"C0217"
"V004754";"13-07-2025";"Magasin";"LIVREE";"P0016";"1";"0,00";"385,00";"385,00";"178,74";"M11";"V23";"C0051"
"V004755";"13-07-2025";"Magasin";"Annulee";"P0026";"1";"10,00";"275,00";"247,50";"137,45";"M04";"V09";"C0203"
"V004756";"14-07-2025";"MAGASIN";"LIVREE";"P0046";"2";"0,00";"2070,00";"2070,00";"1230,72";"M05";"V10";"C0023"
"V004757";"14-07-2025";"web";"Livree";"P0043";"1";"0,00";"2230,00";"2230,00";"1198,97";"M13";"V31";"C0100"
"V004758";"14-07-2025";"Web";"Livree";"P0041";"2";"5,00";"4450,00";"4227,50";"2697,40";"M21";"V52";"C0140"
"V004759";"14-07-2025";"Web";"encours";"P0041";"1";"0,00";"2225,00";"2225,00";"1348,70";"M12";"V27";"C0086"
"V004760";"14-07-2025";"Magasin";"Livree";"P0057";"1";"0,00";"20,00";"20,00";"10,89";"M12";"V28";"C0193"
"V004761";"14-07-2025";"MAGASIN";"LIVREE";"P0056";"1";"0,00";"25,00";"25,00";"12,15";"M19";"V47";"C0149"
"V004762";"14-07-2025";"MAGASIN";"LIVREE";"P0025";"2";"0,00";"110,00";"110,00";"64,74";"M23";"V56";"C0186"
"V004763";"15-07-2025";"Magasin";"Livree";"P0054";"1";"0,00";"160,00";"160,00";"77,44";"M01";"V03";"C0190"
"V004764";"15-07-2025";"WEB";"Livree";"P0039";"2";"5,00";"2970,00";"2821,50";"1347,02";"M21";"V51";"C0016"
"V004765";"15-07-2025";"WEB";"Livree";"P0052";"4";"0,00";"540,00";"540,00";"290,04";"M04";"V08";"C0051"
"V004766";"15-07-2025";"magasin";"LIVREE";"P0032";"1";"5,00";"190,00";"180,50";"108,18";"M02";"V05";"C0075"
"V004767";"15-07-2025";"Magasin";"encours";"P0052";"1";"5,00";"135,00";"128,25";"72,51";"M05";"V11";"C0036"
"V004768";"15-07-2025";"magasin";"Annulee";"P0045";"1";"0,00";"325,00";"325,00";"149,19";"M02";"V04";"C0039"
"V004769";"15-07-2025";"MAGASIN";"Livree";"P0042";"3";"5,00";"6135,00";"5828,25";"3709,92";"M08";"V16";"C0032"
"V004770";"15-07-2025";"WEB";"Livree";"P0029";"1";"5,00";"285,00";"270,75";"169,00";"M25";"V60";"C0052"
"V004771";"15-07-2025";"MAGASIN";"livree";"P0026";"1";"10,00";"275,00";"247,50";"137,45";"M08";"V17";"C0216"
"V004772";"15-07-2025";"Magasin";"Livree";"P0022";"4";"10,00";"1720,00";"1548,00";"822,80";"M15";"V36";"C0071"
"V004773";"15-07-2025";"Magasin";"LIVREE";"P0037";"1";"10,00";"230,00";"207,00";"115,95";"M25";"V59";"C0024"
"V004774";"15-07-2025";"MAGASIN";"LIVREE";"P0057";"2";"5,00";"40,00";"38,00";"21,78";"M16";"V37";"C0148"
"V004775";"16-07-2025";"MAGASIN";"Livree";"P0062";"1";"0,00";"130,00";"130,00";"66,13";"M02";"V05";"C0125"
"V004776";"16-07-2025";"Web";"Livree";"P0056";"3";"5,00";"75,00";"71,25";"36,45";"M08";"V16";"C0069"
"V004777";"16-07-2025";"web";"Livree";"P0027";"2";"0,00";"440,00";"440,00";"213,32";"M22";"V54";"C0130"
"V004778";"16-07-2025";"WEB";"Livree";"P0041";"2";"0,00";"4450,00";"4450,00";"2697,40";"M10";"V22";"C0099"
"V004779";"16-07-2025";"Web";"Livree";"P0048";"2";"0,00";"3520,00";"3520,00";"1891,52";"M24";"V58";"C0194"
"V004780";"16-07-2025";"Magasin";"Livree";"P0050";"1";"10,00";"230,00";"207,00";"115,83";"M25";"V59";"C0164"
"V004781";"16-07-2025";"magasin";"Livree";"P0058";"3";"0,00";"195,00";"195,00";"93,93";"M22";"V54";"C0051"
"V004782";"16-07-2025";"WEB";"Livree";"P0052";"3";"0,00";"405,00";"405,00";"217,53";"M08";"V16";"C0077"
"V004783";"16-07-2025";"Magasin";"Annulee";"P0022";"4";"0,00";"1720,00";"1720,00";"822,80";"M04";"V09";"C0169"
"V004784";"16-07-2025";"Web";"Livree";"P0055";"2";"5,00";"80,00";"76,00";"38,42";"M02";"V05";"C0094"
"V004785";"16-07-2025";"MAGASIN";"Livree";"P0061";"3";"10,00";"420,00";"378,00";"226,41";"M25";"V60";"C0060"
"V004786";"17-07-2025";"magasin";"Annulee";"P0051";"2";"0,00";"310,00";"310,00";"155,70";"M19";"V45";"C0032"
"V004787";"17-07-2025";"Magasin";"LIVREE";"P0047";"1";"0,00";"1665,00";"1665,00";"1004,07";"M19";"V45";"C0188"
"V004788";"17-07-2025";"web";"LIVREE";"P0056";"1";"0,00";"25,00";"25,00";"12,15";"M10";"V22";"C0090"
"V004789";"17-07-2025";"MAGASIN";"LIVREE";"P0048";"3";"0,00";"5280,00";"5280,00";"2837,28";"M08";"V17";"C0206"
"V004790";"17-07-2025";"Magasin";"Livree";"P0031";"1";"0,00";"150,00";"150,00";"92,24";"M16";"V37";"C0206"
"V004791";"17-07-2025";"Magasin";"Livree";"P0046";"1";"0,00";"1035,00";"1035,00";"615,36";"M12";"V28";"C0209"
"V004792";"17-07-2025";"web";"LIVREE";"P0002";"2";"10,00";"1400,00";"1260,00";"705,52";"M06";"V12";"C0210"
"V004793";"17-07-2025";"Magasin";"Livree";"P0047";"2";"0,00";"3330,00";"3330,00";"2008,14";"M04";"V08";"C0060"
"V004794";"17-07-2025";"Magasin";"LIVREE";"P0029";"2";"0,00";"570,00";"570,00";"338,00";"M04";"V09";"C0027"
"V004795";"17-07-2025";"Magasin";"EnCours";"P0064";"2";"0,00";"140,00";"140,00";"71,72";"M10";"V20";"C0143"
"V004796";"18-07-2025";"Magasin";"LIVREE";"P0047";"1";"0,00";"1665,00";"1665,00";"1004,07";"M16";"V39";"C0071"
"V004797";"18-07-2025";"web";"Livree";"P0037";"1";"10,00";"230,00";"207,00";"115,95";"M16";"V39";"C0005"
"V004798";"18-07-2025";"Web";"encours";"P0017";"2";"10,00";"900,00";"810,00";"513,66";"M11";"V25";"C0042"
"V004799";"18-07-2025";"MAGASIN";"Livree";"P0033";"3";"5,00";"150,00";"142,50";"68,19";"M09";"V18";"C0143"
"V004800";"18-07-2025";"MAGASIN";"LIVREE";"P0053";"3";"0,00";"465,00";"465,00";"249,03";"M07";"V15";"C0088"
"V004801";"18-07-2025";"MAGASIN";"Livree";"P0051";"3";"0,00";"465,00";"465,00";"233,55";"M03";"V06";"C0123"
"V004802";"18-07-2025";"Magasin";"Livree";"P0030";"1";"10,00";"265,00";"238,50";"125,99";"M16";"V38";"C0027"
"V004803";"18-07-2025";"Magasin";"LIVREE";"P0040";"1";"0,00";"1910,00";"1910,00";"1038,92";"M25";"V60";"C0201"
"V004804";"18-07-2025";"WEB";"LIVREE";"P0028";"2";"0,00";"260,00";"260,00";"134,52";"M20";"V50";"C0001"
"V004805";"18-07-2025";"Magasin";"Livree";"P0060";"4";"0,00";"160,00";"160,00";"81,84";"M12";"V26";"C0020"
"V004806";"18-07-2025";"WEB";"livree";"P0028";"3";"0,00";"390,00";"390,00";"201,78";"M23";"V56";"C0091"
"V004807";"18-07-2025";"Magasin";"Livree";"P0059";"1";"0,00";"40,00";"40,00";"19,23";"M23";"V55";"C0103"
"V004808";"18-07-2025";"web";"Livree";"P0061";"2";"0,00";"280,00";"280,00";"150,94";"M21";"V51";"C0143"
"V004809";"19-07-2025";"Magasin";"Livree";"P0045";"2";"0,00";"650,00";"650,00";"298,38";"M13";"V30";"C0057"
"V004810";"19-07-2025";"magasin";"Livree";"P0025";"1";"5,00";"55,00";"52,25";"32,37";"M15";"V34";"C0015"
"V004811";"19-07-2025";"WEB";"Livree";"P0020";"1";"0,00";"385,00";"385,00";"217,97";"M24";"V57";"C0127"
"V004812";"19-07-2025";"Web";"Livree";"P0055";"1";"0,00";"40,00";"40,00";"19,21";"M05";"V11";"C0126"
"V004813";"19-07-2025";"Magasin";"livree";"P0039";"2";"0,00";"2970,00";"2970,00";"1347,02";"M04";"V08";"C0194"
"V004814";"19-07-2025";"magasin";"LIVREE";"P0017";"2";"0,00";"900,00";"900,00";"513,66";"M23";"V56";"C0136"
"V004815";"19-07-2025";"WEB";"encours";"P0059";"2";"0,00";"80,00";"80,00";"38,46";"M03";"V06";"C0049"
"V004816";"19-07-2025";"MAGASIN";"LIVREE";"P0059";"3";"0,00";"120,00";"120,00";"57,69";"M04";"V09";"C0105"
"V004817";"19-07-2025";"web";"Livree";"P0031";"3";"0,00";"450,00";"450,00";"276,72";"M06";"V13";"C0211"
"V004818";"19-07-2025";"web";"Livree";"P0055";"1";"5,00";"40,00";"38,00";"19,21";"M17";"V40";"C0082"
"V004819";"19-07-2025";"Magasin";"Livree";"P0038";"2";"0,00";"460,00";"460,00";"238,64";"M06";"V13";"C0189"
"V004820";"19-07-2025";"web";"livree";"P0035";"2";"0,00";"340,00";"340,00";"183,96";"M06";"V12";"C0041"
"V004821";"19-07-2025";"Web";"LIVREE";"P0050";"1";"5,00";"230,00";"218,50";"115,83";"M15";"V34";"C0031"
"V004822";"19-07-2025";"magasin";"EnCours";"P0055";"2";"0,00";"80,00";"80,00";"38,42";"M06";"V13";"C0136"
"V004823";"20-07-2025";"Web";"LIVREE";"P0057";"1";"0,00";"20,00";"20,00";"10,89";"M21";"V51";"C0099"
"V004824";"20-07-2025";"MAGASIN";"Livree";"P0040";"1";"0,00";"1910,00";"1910,00";"1038,92";"M22";"V53";"C0084"
"V004825";"20-07-2025";"Magasin";"livree";"P0044";"1";"0,00";"1800,00";"1800,00";"1053,21";"M17";"V41";"C0121"
"V004826";"20-07-2025";"Web";"LIVREE";"P0060";"1";"0,00";"40,00";"40,00";"20,46";"M23";"V56";"C0001"
"V004827";"20-07-2025";"web";"LIVREE";"P0044";"1";"0,00";"1800,00";"1800,00";"1053,21";"M12";"V26";"C0193"
"V004828";"20-07-2025";"magasin";"LIVREE";"P0026";"1";"0,00";"275,00";"275,00";"137,45";"M11";"V25";"C0130"
"V004829";"20-07-2025";"Magasin";"LIVREE";"P0015";"2";"0,00";"1100,00";"1100,00";"611,50";"M17";"V41";"C0197"
"V004830";"20-07-2025";"Magasin";"Livree";"P0051";"1";"0,00";"155,00";"155,00";"77,85";"M10";"V22";"C0134"
"V004831";"20-07-2025";"Magasin";"LIVREE";"P0043";"1";"0,00";"2230,00";"2230,00";"1198,97";"M24";"V57";"C0022"
"V004832";"20-07-2025";"Magasin";"encours";"P0056";"2";"0,00";"50,00";"50,00";"24,30";"M10";"V21";"C0134"
"V004833";"20-07-2025";"WEB";"livree";"P0064";"1";"5,00";"70,00";"66,50";"35,86";"M21";"V52";"C0039"
"V004834";"20-07-2025";"web";"LIVREE";"P0027";"3";"0,00";"660,00";"660,00";"319,98";"M23";"V55";"C0009"
"V004835";"21-07-2025";"Magasin";"EnCours";"P0060";"1";"0,00";"40,00";"40,00";"20,46";"M19";"V46";"C0007"
"V004836";"21-07-2025";"magasin";"Livree";"P0031";"1";"0,00";"150,00";"150,00";"92,24";"M07";"V14";"C0189"
"V004837";"21-07-2025";"web";"livree";"P0053";"3";"0,00";"465,00";"465,00";"249,03";"M14";"V33";"C0100"
"V004838";"21-07-2025";"WEB";"Livree";"P0025";"1";"0,00";"55,00";"55,00";"32,37";"M14";"V32";"C0104"
"V004839";"21-07-2025";"MAGASIN";"Livree";"P0035";"1";"0,00";"170,00";"170,00";"91,98";"M14";"V33";"C0107"
"V004840";"21-07-2025";"WEB";"encours";"P0057";"1";"10,00";"20,00";"18,00";"10,89";"M03";"V07";"C0106"
"V004841";"21-07-2025";"Magasin";"LIVREE";"P0038";"1";"0,00";"230,00";"230,00";"119,32";"M07";"V14";"C0083"
"V004842";"21-07-2025";"MAGASIN";"EnCours";"P0048";"2";"5,00";"3520,00";"3344,00";"1891,52";"M20";"V49";"C0046"
"V004843";"22-07-2025";"Magasin";"LIVREE";"P0029";"3";"0,00";"855,00";"855,00";"507,00";"M22";"V54";"C0187"
"V004844";"22-07-2025";"Web";"EnCours";"P0052";"1";"5,00";"135,00";"128,25";"72,51";"M12";"V28";"C0154"
"V004845";"22-07-2025";"Web";"LIVREE";"P0056";"1";"0,00";"25,00";"25,00";"12,15";"M12";"V28";"C0034"
"V004846";"22-07-2025";"Web";"livree";"P0059";"1";"10,00";"40,00";"36,00";"19,23";"M04";"V09";"C0176"
"V004847";"22-07-2025";"Magasin";"Livree";"P0014";"2";"0,00";"1270,00";"1270,00";"666,94";"M10";"V20";"C0070"
"V004848";"22-07-2025";"MAGASIN";"livree";"P0061";"2";"5,00";"280,00";"266,00";"150,94";"M16";"V39";"C0168"
"V004849";"22-07-2025";"WEB";"livree";"P0033";"4";"0,00";"200,00";"200,00";"90,92";"M22";"V54";"C0013"
"V004850";"22-07-2025";"web";"encours";"P0033";"1";"0,00";"50,00";"50,00";"22,73";"M25";"V59";"C0018"
"V004851";"22-07-2025";"Magasin";"LIVREE";"P0028";"1";"0,00";"130,00";"130,00";"67,26";"M11";"V24";"C0142"
"V004852";"22-07-2025";"MAGASIN";"LIVREE";"P0052";"3";"0,00";"405,00";"405,00";"217,53";"M21";"V51";"C0056"
"V004853";"22-07-2025";"Magasin";"LIVREE";"P0055";"1";"0,00";"40,00";"40,00";"19,21";"M14";"V33";"C0155"
"V004854";"22-07-2025";"magasin";"livree";"P0039";"2";"0,00";"2970,00";"2970,00";"1347,02";"M09";"V18";"C0190"
"V004855";"22-07-2025";"MAGASIN";"Livree";"P0064";"1";"0,00";"70,00";"70,00";"35,86";"M14";"V33";"C0183"
"V004856";"23-07-2025";"magasin";"Livree";"P0007";"2";"5,00";"1910,00";"1814,50";"886,30";"M18";"V43";"C0177"
"V004857";"23-07-2025";"magasin";"Livree";"P0030";"2";"10,00";"530,00";"477,00";"251,98";"M11";"V24";"C0096"
"V004858";"23-07-2025";"Magasin";"LIVREE";"P0050";"3";"0,00";"690,00";"690,00";"347,49";"M08";"V17";"C0001"
"V004859";"23-07-2025";"web";"Livree";"P0003";"1";"0,00";"710,00";"710,00";"395,33";"M18";"V44";"C0198"
"V004860";"23-07-2025";"Web";"livree";"P0048";"4";"5,00";"7040,00";"6688,00";"3783,04";"M03";"V07";"C0047"
"V004861";"23-07-2025";"MAGASIN";"Livree";"P0053";"2";"0,00";"310,00";"310,00";"166,02";"M23";"V56";"C0086"
"V004862";"23-07-2025";"Web";"Livree";"P0045";"1";"0,00";"325,00";"325,00";"149,19";"M20";"V48";"C0177"
"V004863";"23-07-2025";"MAGASIN";"Annulee";"P0040";"2";"0,00";"3820,00";"3820,00";"2077,84";"M19";"V45";"C0013"
"V004864";"23-07-2025";"Magasin";"encours";"P0057";"1";"0,00";"20,00";"20,00";"10,89";"M02";"V05";"C0047"
"V004865";"23-07-2025";"Magasin";"EnCours";"P0041";"1";"0,00";"2225,00";"2225,00";"1348,70";"M10";"V20";"C0025"
"V004866";"24-07-2025";"web";"Livree";"P0055";"2";"5,00";"80,00";"76,00";"38,42";"M19";"V45";"C0071"
"V004867";"24-07-2025";"MAGASIN";"livree";"P0006";"1";"5,00";"1075,00";"1021,25";"657,19";"M09";"V19";"C0115"
"V004868";"24-07-2025";"WEB";"LIVREE";"P0058";"1";"10,00";"65,00";"58,50";"31,31";"M02";"V04";"C0110"
"V004869";"24-07-2025";"Magasin";"Livree";"P0005";"2";"0,00";"650,00";"650,00";"297,42";"M08";"V16";"C0012"
"V004870";"24-07-2025";"WEB";"Livree";"P0034";"2";"0,00";"400,00";"400,00";"236,88";"M18";"V44";"C0118"
"V004871";"24-07-2025";"web";"Livree";"P0042";"3";"0,00";"6135,00";"6135,00";"3709,92";"M02";"V05";"C0044"
"V004872";"24-07-2025";"Magasin";"livree";"P0052";"2";"5,00";"270,00";"256,50";"145,02";"M22";"V54";"C0189"
"V004873";"24-07-2025";"Magasin";"LIVREE";"P0008";"2";"0,00";"990,00";"990,00";"487,52";"M11";"V25";"C0081"
"V004874";"24-07-2025";"Magasin";"LIVREE";"P0057";"3";"0,00";"60,00";"60,00";"32,67";"M10";"V22";"C0171"
"V004875";"24-07-2025";"Web";"Livree";"P0064";"2";"0,00";"140,00";"140,00";"71,72";"M22";"V54";"C0020"
"V004876";"24-07-2025";"magasin";"Livree";"P0036";"1";"0,00";"105,00";"105,00";"57,91";"M06";"V12";"C0031"
"V004877";"24-07-2025";"WEB";"EnCours";"P0055";"1";"0,00";"40,00";"40,00";"19,21";"M20";"V50";"C0020"
"V004878";"25-07-2025";"Magasin";"livree";"P0024";"4";"0,00";"3080,00";"3080,00";"1863,56";"M16";"V39";"C0216"
"V004879";"25-07-2025";"Magasin";"EnCours";"P0026";"3";"0,00";"825,00";"825,00";"412,35";"M24";"V58";"C0211"
"V004880";"25-07-2025";"Magasin";"LIVREE";"P0031";"2";"5,00";"300,00";"285,00";"184,48";"M12";"V28";"C0219"
"V004881";"25-07-2025";"Magasin";"EnCours";"P0039";"1";"0,00";"1485,00";"1485,00";"673,51";"M12";"V26";"C0207"
"V004882";"25-07-2025";"Magasin";"Livree";"P0050";"2";"5,00";"460,00";"437,00";"231,66";"M09";"V19";"C0051"
"V004883";"25-07-2025";"WEB";"LIVREE";"P0036";"2";"0,00";"210,00";"210,00";"115,82";"M11";"V23";"C0002"
"V004884";"25-07-2025";"magasin";"Livree";"P0036";"3";"0,00";"315,00";"315,00";"173,73";"M10";"V22";"C0203"
"V004885";"25-07-2025";"MAGASIN";"Livree";"P0034";"1";"0,00";"200,00";"200,00";"118,44";"M18";"V44";"C0061"
"V004886";"25-07-2025";"Magasin";"LIVREE";"P0048";"1";"5,00";"1760,00";"1672,00";"945,76";"M15";"V35";"C0113"
"V004887";"25-07-2025";"Magasin";"livree";"P0059";"2";"0,00";"80,00";"80,00";"38,46";"M03";"V07";"C0083"
"V004888";"25-07-2025";"Web";"Annulee";"P0064";"2";"0,00";"140,00";"140,00";"71,72";"M19";"V45";"C0220"
"V004889";"26-07-2025";"Web";"Livree";"P0030";"1";"5,00";"265,00";"251,75";"125,99";"M21";"V51";"C0165"
"V004890";"26-07-2025";"MAGASIN";"Livree";"P0019";"1";"0,00";"535,00";"535,00";"307,48";"M04";"V08";"C0210"
"V004891";"26-07-2025";"Web";"EnCours";"P0063";"2";"5,00";"210,00";"199,50";"116,42";"M12";"V26";"C0021"
"V004892";"26-07-2025";"MAGASIN";"Livree";"P0062";"2";"5,00";"260,00";"247,00";"132,26";"M12";"V28";"C0100"
"V004893";"26-07-2025";"MAGASIN";"Livree";"P0051";"1";"0,00";"155,00";"155,00";"77,85";"M09";"V19";"C0082"
"V004894";"26-07-2025";"web";"Livree";"P0047";"1";"5,00";"1665,00";"1581,75";"1004,07";"M04";"V08";"C0215"
"V004895";"26-07-2025";"magasin";"Livree";"P0052";"1";"0,00";"135,00";"135,00";"72,51";"M25";"V60";"C0199"
"V004896";"26-07-2025";"magasin";"LIVREE";"P0057";"1";"0,00";"20,00";"20,00";"10,89";"M10";"V22";"C0173"
"V004897";"26-07-2025";"magasin";"Livree";"P0052";"1";"0,00";"135,00";"135,00";"72,51";"M02";"V04";"C0188"
"V004898";"26-07-2025";"Magasin";"livree";"P0053";"3";"0,00";"465,00";"465,00";"249,03";"M15";"V34";"C0101"
"V004899";"26-07-2025";"web";"Livree";"P0037";"1";"0,00";"230,00";"230,00";"115,95";"M07";"V15";"C0174"
"V004900";"27-07-2025";"WEB";"Livree";"P0046";"1";"10,00";"1035,00";"931,50";"615,36";"M21";"V51";"C0173"
"V004901";"27-07-2025";"Magasin";"livree";"P0051";"2";"0,00";"310,00";"310,00";"155,70";"M13";"V30";"C0081"
"V004902";"27-07-2025";"magasin";"livree";"P0055";"2";"0,00";"80,00";"80,00";"38,42";"M10";"V21";"C0001"
"V004903";"27-07-2025";"Magasin";"Livree";"P0062";"1";"0,00";"130,00";"130,00";"66,13";"M12";"V26";"C0119"
"V004904";"27-07-2025";"MAGASIN";"encours";"P0039";"1";"10,00";"1485,00";"1336,50";"673,51";"M05";"V10";"C0011"
"V004905";"27-07-2025";"Magasin";"Livree";"P0062";"3";"0,00";"390,00";"390,00";"198,39";"M18";"V43";"C0033"
"V004906";"27-07-2025";"Magasin";"LIVREE";"P0064";"1";"10,00";"70,00";"63,00";"35,86";"M14";"V33";"C0194"
"V004907";"27-07-2025";"MAGASIN";"Livree";"P0049";"1";"0,00";"1770,00";"1770,00";"798,07";"M04";"V09";"C0103"
"V004908";"27-07-2025";"magasin";"Livree";"P0040";"3";"0,00";"5730,00";"5730,00";"3116,76";"M13";"V29";"C0163"
"V004909";"27-07-2025";"magasin";"Livree";"P0049";"1";"0,00";"1770,00";"1770,00";"798,07";"M15";"V35";"C0147"
"V004910";"27-07-2025";"Magasin";"LIVREE";"P0057";"1";"0,00";"20,00";"20,00";"10,89";"M10";"V20";"C0113"
"V004911";"27-07-2025";"Web";"Livree";"P0043";"1";"0,00";"2230,00";"2230,00";"1198,97";"M01";"V01";"C0049"
"V004912";"28-07-2025";"Magasin";"Livree";"P0048";"2";"5,00";"3520,00";"3344,00";"1891,52";"M20";"V50";"C0204"
"V004913";"28-07-2025";"web";"EnCours";"P0042";"3";"0,00";"6135,00";"6135,00";"3709,92";"M13";"V29";"C0195"
"V004914";"28-07-2025";"Web";"EnCours";"P0029";"3";"5,00";"855,00";"812,25";"507,00";"M15";"V36";"C0072"
"V004915";"28-07-2025";"Magasin";"LIVREE";"P0062";"1";"0,00";"130,00";"130,00";"66,13";"M14";"V32";"C0032"
"V004916";"28-07-2025";"WEB";"Livree";"P0034";"1";"0,00";"200,00";"200,00";"118,44";"M08";"V16";"C0045"
"V004917";"28-07-2025";"magasin";"Livree";"P0059";"2";"5,00";"80,00";"76,00";"38,46";"M14";"V32";"C0111"
"V004918";"28-07-2025";"web";"livree";"P0022";"1";"0,00";"430,00";"430,00";"205,70";"M17";"V41";"C0108"
"V004919";"28-07-2025";"web";"LIVREE";"P0050";"2";"0,00";"460,00";"460,00";"231,66";"M16";"V39";"C0018"
"V004920";"28-07-2025";"web";"Livree";"P0052";"1";"0,00";"135,00";"135,00";"72,51";"M16";"V37";"C0112"
"V004921";"28-07-2025";"magasin";"Livree";"P0048";"1";"0,00";"1760,00";"1760,00";"945,76";"M04";"V08";"C0076"
"V004922";"29-07-2025";"Magasin";"LIVREE";"P0029";"1";"0,00";"285,00";"285,00";"169,00";"M18";"V44";"C0066"
"V004923";"29-07-2025";"Web";"Livree";"P0060";"2";"10,00";"80,00";"72,00";"40,92";"M24";"V58";"C0004"
"V004924";"29-07-2025";"WEB";"Annulee";"P0041";"1";"10,00";"2225,00";"2002,50";"1348,70";"M22";"V54";"C0117"
"V004925";"29-07-2025";"Magasin";"livree";"P0052";"2";"0,00";"270,00";"270,00";"145,02";"M25";"V60";"C0137"
"V004926";"29-07-2025";"Magasin";"Livree";"P0049";"1";"0,00";"1770,00";"1770,00";"798,07";"M20";"V49";"C0052"
"V004927";"29-07-2025";"Magasin";"LIVREE";"P0029";"2";"0,00";"570,00";"570,00";"338,00";"M12";"V27";"C0215"
"V004928";"29-07-2025";"magasin";"Annulee";"P0040";"3";"5,00";"5730,00";"5443,50";"3116,76";"M07";"V15";"C0134"
"V004929";"29-07-2025";"magasin";"encours";"P0033";"1";"10,00";"50,00";"45,00";"22,73";"M23";"V55";"C0081"
"V004930";"29-07-2025";"Magasin";"Livree";"P0060";"1";"0,00";"40,00";"40,00";"20,46";"M18";"V43";"C0013"
"V004931";"29-07-2025";"Magasin";"EnCours";"P0027";"1";"0,00";"220,00";"220,00";"106,66";"M17";"V42";"C0208"
"V004932";"29-07-2025";"MAGASIN";"LIVREE";"P0059";"1";"0,00";"40,00";"40,00";"19,23";"M14";"V32";"C0176"
"V004933";"30-07-2025";"WEB";"Livree";"P0039";"1";"0,00";"1485,00";"1485,00";"673,51";"M01";"V01";"C0176"
"V004934";"30-07-2025";"MAGASIN";"LIVREE";"P0056";"1";"0,00";"25,00";"25,00";"12,15";"M24";"V58";"C0034"
"V004935";"30-07-2025";"Magasin";"Annulee";"P0063";"2";"0,00";"210,00";"210,00";"116,42";"M06";"V13";"C0013"
"V004936";"30-07-2025";"Magasin";"LIVREE";"P0042";"3";"0,00";"6135,00";"6135,00";"3709,92";"M01";"V01";"C0070"
"V004937";"30-07-2025";"Magasin";"Annulee";"P0036";"3";"0,00";"315,00";"315,00";"173,73";"M09";"V19";"C0185"
"V004938";"30-07-2025";"Magasin";"Livree";"P0026";"1";"0,00";"275,00";"275,00";"137,45";"M10";"V22";"C0025"
"V004939";"30-07-2025";"MAGASIN";"EnCours";"P0035";"1";"0,00";"170,00";"170,00";"91,98";"M20";"V49";"C0080"
"V004940";"30-07-2025";"web";"Livree";"P0037";"1";"0,00";"230,00";"230,00";"115,95";"M07";"V14";"C0132"
"V004941";"30-07-2025";"Web";"Livree";"P0063";"1";"0,00";"105,00";"105,00";"58,21";"M15";"V35";"C0085"
"V004942";"30-07-2025";"magasin";"encours";"P0034";"1";"0,00";"200,00";"200,00";"118,44";"M06";"V12";"C0150"
"V004943";"30-07-2025";"Web";"livree";"P0057";"2";"0,00";"40,00";"40,00";"21,78";"M19";"V46";"C0216"
"V004944";"30-07-2025";"Magasin";"Livree";"P0052";"2";"0,00";"270,00";"270,00";"145,02";"M10";"V22";"C0212"
"V004945";"30-07-2025";"Magasin";"Livree";"P0026";"1";"0,00";"275,00";"275,00";"137,45";"M14";"V32";"C0045"
"V004946";"30-07-2025";"Web";"Livree";"P0032";"1";"0,00";"190,00";"190,00";"108,18";"M08";"V17";"C0093"
"V004947";"30-07-2025";"Magasin";"Livree";"P0061";"2";"0,00";"280,00";"280,00";"150,94";"M25";"V60";"C0069"
"V004948";"30-07-2025";"Magasin";"LIVREE";"P0026";"2";"0,00";"550,00";"550,00";"274,90";"M09";"V18";"C0047"
"V004949";"30-07-2025";"magasin";"livree";"P0041";"2";"0,00";"4450,00";"4450,00";"2697,40";"M12";"V28";"C0115"
"V004950";"31-07-2025";"web";"LIVREE";"P0054";"1";"0,00";"160,00";"160,00";"77,44";"M23";"V55";"C0116"
"V004951";"31-07-2025";"magasin";"livree";"P0058";"1";"5,00";"65,00";"61,75";"31,31";"M23";"V56";"C0076"
"V004952";"31-07-2025";"Web";"livree";"P0035";"1";"0,00";"170,00";"170,00";"91,98";"M25";"V60";"C0077"
"V004953";"31-07-2025";"Magasin";"Livree";"P0043";"2";"0,00";"4460,00";"4460,00";"2397,94";"M11";"V23";"C0010"
"V004954";"31-07-2025";"Magasin";"EnCours";"P0057";"1";"0,00";"20,00";"20,00";"10,89";"M02";"V04";"C0091"
"V004955";"31-07-2025";"web";"Livree";"P0019";"1";"0,00";"535,00";"535,00";"307,48";"M24";"V58";"C0023"
"V004956";"31-07-2025";"web";"Livree";"P0060";"1";"10,00";"40,00";"36,00";"20,46";"M16";"V38";"C0183"
"V004957";"31-07-2025";"Magasin";"LIVREE";"P0049";"1";"5,00";"1770,00";"1681,50";"798,07";"M22";"V53";"C0213"
"V004958";"31-07-2025";"MAGASIN";"livree";"P0037";"1";"5,00";"230,00";"218,50";"115,95";"M19";"V45";"C0077"
"V004959";"31-07-2025";"Magasin";"Livree";"P0053";"1";"10,00";"155,00";"139,50";"83,01";"M23";"V56";"C0095"
"V004960";"01-08-2025";"Web";"LIVREE";"P0045";"2";"0,00";"650,00";"650,00";"298,38";"M25";"V60";"C0118"
"V004961";"01-08-2025";"Web";"LIVREE";"P0056";"1";"0,00";"25,00";"25,00";"12,15";"M13";"V30";"C0067"
"V004962";"01-08-2025";"Web";"livree";"P0031";"3";"0,00";"450,00";"450,00";"276,72";"M20";"V50";"C0141"
"V004963";"01-08-2025";"MAGASIN";"Livree";"P0047";"3";"10,00";"4995,00";"4495,50";"3012,21";"M06";"V13";"C0020"
"V004964";"01-08-2025";"Magasin";"Livree";"P0046";"1";"0,00";"1035,00";"1035,00";"615,36";"M09";"V19";"C0079"
"V004965";"01-08-2025";"Magasin";"livree";"P0030";"1";"0,00";"265,00";"265,00";"125,99";"M10";"V21";"C0167"
"V004966";"01-08-2025";"Magasin";"Livree";"P0037";"1";"5,00";"230,00";"218,50";"115,95";"M13";"V29";"C0108"
"V004967";"01-08-2025";"magasin";"Livree";"P0064";"1";"5,00";"70,00";"66,50";"35,86";"M06";"V13";"C0070"
"V004968";"01-08-2025";"web";"LIVREE";"P0053";"1";"0,00";"155,00";"155,00";"83,01";"M22";"V54";"C0046"
"V004969";"01-08-2025";"MAGASIN";"Livree";"P0045";"4";"0,00";"1300,00";"1300,00";"596,76";"M17";"V40";"C0095"
"V004970";"01-08-2025";"Magasin";"LIVREE";"P0062";"3";"0,00";"390,00";"390,00";"198,39";"M10";"V20";"C0023"
"V004971";"02-08-2025";"Web";"LIVREE";"P0048";"3";"5,00";"5280,00";"5016,00";"2837,28";"M07";"V15";"C0054"
"V004972";"02-08-2025";"MAGASIN";"LIVREE";"P0049";"1";"0,00";"1770,00";"1770,00";"798,07";"M21";"V51";"C0105"
"V004973";"02-08-2025";"web";"Annulee";"P0060";"1";"0,00";"40,00";"40,00";"20,46";"M14";"V33";"C0083"
"V004974";"02-08-2025";"Web";"LIVREE";"P0056";"1";"5,00";"25,00";"23,75";"12,15";"M20";"V48";"C0207"
"V004975";"02-08-2025";"Magasin";"LIVREE";"P0032";"2";"0,00";"380,00";"380,00";"216,36";"M18";"V43";"C0056"
"V004976";"02-08-2025";"MAGASIN";"livree";"P0014";"2";"10,00";"1270,00";"1143,00";"666,94";"M19";"V47";"C0201"
"V004977";"02-08-2025";"Magasin";"livree";"P0035";"1";"0,00";"170,00";"170,00";"91,98";"M24";"V58";"C0197"
"V004978";"02-08-2025";"Web";"LIVREE";"P0031";"1";"5,00";"150,00";"142,50";"92,24";"M15";"V35";"C0112"
"V004979";"02-08-2025";"WEB";"livree";"P0058";"1";"0,00";"65,00";"65,00";"31,31";"M13";"V29";"C0106"
"V004980";"02-08-2025";"web";"Livree";"P0054";"1";"0,00";"160,00";"160,00";"77,44";"M19";"V45";"C0180"
"V004981";"02-08-2025";"magasin";"Livree";"P0053";"2";"0,00";"310,00";"310,00";"166,02";"M18";"V43";"C0210"
"V004982";"02-08-2025";"WEB";"Livree";"P0059";"2";"5,00";"80,00";"76,00";"38,46";"M10";"V21";"C0120"
"V004983";"03-08-2025";"web";"Livree";"P0039";"2";"0,00";"2970,00";"2970,00";"1347,02";"M15";"V35";"C0188"
"V004984";"03-08-2025";"Magasin";"Livree";"P0037";"1";"5,00";"230,00";"218,50";"115,95";"M11";"V23";"C0143"
"V004985";"03-08-2025";"Magasin";"LIVREE";"P0056";"2";"5,00";"50,00";"47,50";"24,30";"M12";"V28";"C0092"
"V004986";"03-08-2025";"Magasin";"livree";"P0046";"2";"0,00";"2070,00";"2070,00";"1230,72";"M16";"V38";"C0046"
"V004987";"03-08-2025";"magasin";"Livree";"P0033";"2";"0,00";"100,00";"100,00";"45,46";"M16";"V38";"C0029"
"V004988";"03-08-2025";"Web";"LIVREE";"P0047";"1";"0,00";"1665,00";"1665,00";"1004,07";"M07";"V15";"C0049"
"V004989";"03-08-2025";"magasin";"encours";"P0062";"2";"0,00";"260,00";"260,00";"132,26";"M06";"V12";"C0176"
"V004990";"03-08-2025";"MAGASIN";"Livree";"P0064";"2";"0,00";"140,00";"140,00";"71,72";"M09";"V19";"C0160"
"V004991";"03-08-2025";"Magasin";"LIVREE";"P0033";"1";"0,00";"50,00";"50,00";"22,73";"M23";"V55";"C0054"
"V004992";"03-08-2025";"WEB";"Livree";"P0058";"1";"0,00";"65,00";"65,00";"31,31";"M10";"V22";"C0057"
"V004993";"03-08-2025";"Web";"Livree";"P0043";"1";"0,00";"2230,00";"2230,00";"1198,97";"M10";"V21";"C0108"
"V004994";"03-08-2025";"Magasin";"LIVREE";"P0037";"4";"0,00";"920,00";"920,00";"463,80";"M16";"V38";"C0117"
"V004995";"04-08-2025";"WEB";"Livree";"P0062";"3";"10,00";"390,00";"351,00";"198,39";"M05";"V11";"C0078"
"V004996";"04-08-2025";"MAGASIN";"Livree";"P0028";"1";"0,00";"130,00";"130,00";"67,26";"M11";"V23";"C0066"
"V004997";"04-08-2025";"WEB";"Livree";"P0036";"2";"0,00";"210,00";"210,00";"115,82";"M23";"V56";"C0043"
"V004998";"04-08-2025";"magasin";"Annulee";"P0047";"1";"0,00";"1665,00";"1665,00";"1004,07";"M08";"V17";"C0032"
"V004999";"05-08-2025";"WEB";"Livree";"P0027";"1";"5,00";"220,00";"209,00";"106,66";"M25";"V60";"C0133"
"V005000";"05-08-2025";"magasin";"EnCours";"P0062";"1";"0,00";"130,00";"130,00";"66,13";"M03";"V06";"C0050"
"V005001";"05-08-2025";"WEB";"Livree";"P0049";"2";"0,00";"3540,00";"3540,00";"1596,14";"M10";"V22";"C0076"
"V005002";"05-08-2025";"Magasin";"livree";"P0052";"1";"10,00";"135,00";"121,50";"72,51";"M17";"V41";"C0142"
"V005003";"05-08-2025";"web";"LIVREE";"P0060";"1";"0,00";"40,00";"40,00";"20,46";"M06";"V12";"C0029"
"V005004";"05-08-2025";"WEB";"Livree";"P0049";"1";"0,00";"1770,00";"1770,00";"798,07";"M18";"V43";"C0153"
"V005005";"05-08-2025";"web";"LIVREE";"P0035";"3";"0,00";"510,00";"510,00";"275,94";"M21";"V52";"C0009"
"V005006";"05-08-2025";"MAGASIN";"Livree";"P0031";"2";"0,00";"300,00";"300,00";"184,48";"M21";"V52";"C0116"
"V005007";"05-08-2025";"MAGASIN";"livree";"P0031";"2";"0,00";"300,00";"300,00";"184,48";"M10";"V22";"C0042"
"V005008";"06-08-2025";"MAGASIN";"Livree";"P0053";"1";"10,00";"155,00";"139,50";"83,01";"M04";"V08";"C0102"
"V005009";"06-08-2025";"magasin";"LIVREE";"P0060";"1";"0,00";"40,00";"40,00";"20,46";"M05";"V11";"C0109"
"V005010";"06-08-2025";"Magasin";"Annulee";"P0036";"1";"5,00";"105,00";"99,75";"57,91";"M19";"V46";"C0071"
"V005011";"06-08-2025";"web";"livree";"P0059";"2";"5,00";"80,00";"76,00";"38,46";"M08";"V16";"C0214"
"V005012";"06-08-2025";"MAGASIN";"Livree";"P0058";"1";"10,00";"65,00";"58,50";"31,31";"M10";"V21";"C0116"
"V005013";"06-08-2025";"Magasin";"LIVREE";"P0038";"1";"0,00";"230,00";"230,00";"119,32";"M03";"V07";"C0183"
"V005014";"06-08-2025";"Magasin";"Livree";"P0033";"1";"0,00";"50,00";"50,00";"22,73";"M23";"V55";"C0191"
"V005015";"06-08-2025";"MAGASIN";"LIVREE";"P0031";"2";"0,00";"300,00";"300,00";"184,48";"M10";"V20";"C0117"
"V005016";"06-08-2025";"magasin";"LIVREE";"P0047";"2";"5,00";"3330,00";"3163,50";"2008,14";"M20";"V48";"C0025"
"V005017";"06-08-2025";"Magasin";"EnCours";"P0060";"1";"0,00";"40,00";"40,00";"20,46";"M07";"V15";"C0026"
"V005018";"07-08-2025";"Magasin";"Livree";"P0064";"2";"0,00";"140,00";"140,00";"71,72";"M24";"V57";"C0203"
"V005019";"07-08-2025";"WEB";"Livree";"P0060";"2";"0,00";"80,00";"80,00";"40,92";"M20";"V49";"C0091"
"V005020";"07-08-2025";"magasin";"Livree";"P0048";"2";"0,00";"3520,00";"3520,00";"1891,52";"M08";"V17";"C0051"
"V005021";"07-08-2025";"WEB";"livree";"P0064";"3";"5,00";"210,00";"199,50";"107,58";"M16";"V38";"C0182"
"V005022";"07-08-2025";"magasin";"encours";"P0035";"2";"5,00";"340,00";"323,00";"183,96";"M05";"V10";"C0007"
"V005023";"07-08-2025";"MAGASIN";"Annulee";"P0055";"3";"0,00";"120,00";"120,00";"57,63";"M25";"V60";"C0218"
"V005024";"07-08-2025";"Web";"LIVREE";"P0005";"1";"0,00";"325,00";"325,00";"148,71";"M02";"V05";"C0008"
"V005025";"07-08-2025";"Magasin";"LIVREE";"P0059";"2";"0,00";"80,00";"80,00";"38,46";"M10";"V22";"C0081"
"V005026";"08-08-2025";"Web";"Livree";"P0029";"4";"0,00";"1140,00";"1140,00";"676,00";"M14";"V33";"C0061"
"V005027";"08-08-2025";"Magasin";"encours";"P0054";"1";"0,00";"160,00";"160,00";"77,44";"M14";"V33";"C0157"
"V005028";"08-08-2025";"Magasin";"livree";"P0027";"2";"5,00";"440,00";"418,00";"213,32";"M09";"V18";"C0200"
"V005029";"08-08-2025";"web";"Annulee";"P0021";"4";"0,00";"1640,00";"1640,00";"757,64";"M18";"V43";"C0016"
"V005030";"08-08-2025";"magasin";"LIVREE";"P0020";"2";"0,00";"770,00";"770,00";"435,94";"M08";"V16";"C0126"
"V005031";"08-08-2025";"Magasin";"LIVREE";"P0040";"2";"0,00";"3820,00";"3820,00";"2077,84";"M14";"V33";"C0138"
"V005032";"08-08-2025";"magasin";"Livree";"P0049";"1";"0,00";"1770,00";"1770,00";"798,07";"M18";"V43";"C0001"
"V005033";"08-08-2025";"Web";"Livree";"P0057";"2";"0,00";"40,00";"40,00";"21,78";"M14";"V32";"C0220"
"V005034";"09-08-2025";"MAGASIN";"Livree";"P0052";"3";"5,00";"405,00";"384,75";"217,53";"M09";"V18";"C0199"
"V005035";"09-08-2025";"magasin";"LIVREE";"P0014";"1";"0,00";"635,00";"635,00";"333,47";"M16";"V37";"C0101"
"V005036";"09-08-2025";"magasin";"Livree";"P0043";"1";"5,00";"2230,00";"2118,50";"1198,97";"M09";"V18";"C0007"
"V005037";"09-08-2025";"MAGASIN";"LIVREE";"P0053";"3";"0,00";"465,00";"465,00";"249,03";"M20";"V48";"C0024"
"V005038";"09-08-2025";"magasin";"EnCours";"P0037";"1";"0,00";"230,00";"230,00";"115,95";"M09";"V18";"C0099"
"V005039";"09-08-2025";"Web";"LIVREE";"P0055";"1";"0,00";"40,00";"40,00";"19,21";"M19";"V46";"C0048"
"V005040";"09-08-2025";"WEB";"LIVREE";"P0056";"1";"5,00";"25,00";"23,75";"12,15";"M01";"V01";"C0030"
"V005041";"10-08-2025";"MAGASIN";"Livree";"P0046";"1";"0,00";"1035,00";"1035,00";"615,36";"M02";"V05";"C0188"
"V005042";"10-08-2025";"magasin";"Livree";"P0036";"1";"0,00";"105,00";"105,00";"57,91";"M24";"V57";"C0032"
"V005043";"10-08-2025";"web";"Livree";"P0056";"1";"0,00";"25,00";"25,00";"12,15";"M02";"V05";"C0166"
"V005044";"10-08-2025";"Web";"livree";"P0037";"1";"10,00";"230,00";"207,00";"115,95";"M03";"V06";"C0111"
"V005045";"10-08-2025";"Magasin";"livree";"P0035";"2";"0,00";"340,00";"340,00";"183,96";"M19";"V47";"C0020"
"V005046";"10-08-2025";"Web";"livree";"P0032";"2";"5,00";"380,00";"361,00";"216,36";"M12";"V28";"C0024"
"V005047";"10-08-2025";"WEB";"Annulee";"P0052";"1";"0,00";"135,00";"135,00";"72,51";"M23";"V55";"C0048"
"V005048";"10-08-2025";"magasin";"Livree";"P0035";"1";"0,00";"170,00";"170,00";"91,98";"M02";"V04";"C0017"
"V005049";"10-08-2025";"Magasin";"LIVREE";"P0052";"3";"0,00";"405,00";"405,00";"217,53";"M03";"V06";"C0006"
"V005050";"11-08-2025";"Magasin";"Annulee";"P0042";"2";"0,00";"4090,00";"4090,00";"2473,28";"M13";"V31";"C0172"
"V005051";"11-08-2025";"MAGASIN";"livree";"P0062";"1";"5,00";"130,00";"123,50";"66,13";"M25";"V60";"C0120"
"V005052";"11-08-2025";"Magasin";"Annulee";"P0025";"1";"0,00";"55,00";"55,00";"32,37";"M02";"V04";"C0045"
"V005053";"11-08-2025";"web";"Livree";"P0061";"1";"0,00";"140,00";"140,00";"75,47";"M25";"V59";"C0144"
"V005054";"11-08-2025";"web";"Livree";"P0036";"1";"0,00";"105,00";"105,00";"57,91";"M11";"V24";"C0031"
"V005055";"11-08-2025";"magasin";"LIVREE";"P0063";"1";"0,00";"105,00";"105,00";"58,21";"M11";"V23";"C0198"
"V005056";"11-08-2025";"MAGASIN";"Livree";"P0064";"1";"0,00";"70,00";"70,00";"35,86";"M16";"V38";"C0101"
"V005057";"11-08-2025";"magasin";"Livree";"P0055";"1";"0,00";"40,00";"40,00";"19,21";"M24";"V58";"C0187"
"V005058";"11-08-2025";"Magasin";"Livree";"P0063";"3";"0,00";"315,00";"315,00";"174,63";"M08";"V16";"C0086"
"V005059";"11-08-2025";"WEB";"livree";"P0057";"1";"0,00";"20,00";"20,00";"10,89";"M24";"V57";"C0202"
"V005060";"11-08-2025";"MAGASIN";"Livree";"P0027";"1";"0,00";"220,00";"220,00";"106,66";"M09";"V19";"C0099"
"V005061";"11-08-2025";"Magasin";"Livree";"P0016";"2";"0,00";"770,00";"770,00";"357,48";"M02";"V05";"C0018"
"V005062";"12-08-2025";"Magasin";"Livree";"P0039";"1";"0,00";"1485,00";"1485,00";"673,51";"M23";"V55";"C0043"
"V005063";"12-08-2025";"WEB";"Livree";"P0056";"2";"0,00";"50,00";"50,00";"24,30";"M01";"V02";"C0145"
"V005064";"12-08-2025";"Web";"EnCours";"P0061";"1";"0,00";"140,00";"140,00";"75,47";"M23";"V56";"C0187"
"V005065";"12-08-2025";"Magasin";"Livree";"P0054";"2";"0,00";"320,00";"320,00";"154,88";"M08";"V17";"C0119"
"V005066";"12-08-2025";"Magasin";"LIVREE";"P0019";"1";"0,00";"535,00";"535,00";"307,48";"M12";"V27";"C0176"
"V005067";"12-08-2025";"Magasin";"Annulee";"P0062";"1";"0,00";"130,00";"130,00";"66,13";"M05";"V11";"C0171"
"V005068";"12-08-2025";"Magasin";"LIVREE";"P0047";"1";"5,00";"1665,00";"1581,75";"1004,07";"M12";"V26";"C0105"
"V005069";"12-08-2025";"magasin";"Livree";"P0030";"2";"0,00";"530,00";"530,00";"251,98";"M15";"V36";"C0100"
"V005070";"12-08-2025";"web";"EnCours";"P0054";"3";"0,00";"480,00";"480,00";"232,32";"M25";"V59";"C0058"
"V005071";"13-08-2025";"magasin";"encours";"P0022";"1";"0,00";"430,00";"430,00";"205,70";"M13";"V31";"C0098"
"V005072";"13-08-2025";"Magasin";"Livree";"P0059";"1";"10,00";"40,00";"36,00";"19,23";"M01";"V03";"C0205"
"V005073";"13-08-2025";"magasin";"Livree";"P0044";"3";"5,00";"5400,00";"5130,00";"3159,63";"M09";"V19";"C0109"
"V005074";"13-08-2025";"Web";"Livree";"P0040";"1";"0,00";"1910,00";"1910,00";"1038,92";"M13";"V31";"C0036"
"V005075";"13-08-2025";"MAGASIN";"Livree";"P0063";"1";"5,00";"105,00";"99,75";"58,21";"M11";"V23";"C0078"
"V005076";"13-08-2025";"magasin";"LIVREE";"P0042";"1";"5,00";"2045,00";"1942,75";"1236,64";"M05";"V10";"C0116"
"V005077";"13-08-2025";"Magasin";"LIVREE";"P0041";"1";"0,00";"2225,00";"2225,00";"1348,70";"M20";"V48";"C0046"
"V005078";"13-08-2025";"Magasin";"Livree";"P0043";"2";"0,00";"4460,00";"4460,00";"2397,94";"M10";"V22";"C0163"
"V005079";"13-08-2025";"web";"Annulee";"P0034";"3";"5,00";"600,00";"570,00";"355,32";"M23";"V55";"C0043"
"V005080";"13-08-2025";"Magasin";"Livree";"P0027";"2";"0,00";"440,00";"440,00";"213,32";"M22";"V53";"C0172"
"V005081";"13-08-2025";"Magasin";"livree";"P0026";"3";"10,00";"825,00";"742,50";"412,35";"M01";"V01";"C0059"
"V005082";"13-08-2025";"magasin";"encours";"P0042";"1";"0,00";"2045,00";"2045,00";"1236,64";"M10";"V20";"C0199"
"V005083";"13-08-2025";"Magasin";"Livree";"P0055";"3";"10,00";"120,00";"108,00";"57,63";"M01";"V01";"C0080"
"V005084";"13-08-2025";"web";"Livree";"P0009";"4";"5,00";"2020,00";"1919,00";"1188,68";"M22";"V53";"C0069"
"V005085";"13-08-2025";"WEB";"Livree";"P0061";"1";"10,00";"140,00";"126,00";"75,47";"M15";"V36";"C0183"
"V005086";"14-08-2025";"Magasin";"LIVREE";"P0054";"3";"0,00";"480,00";"480,00";"232,32";"M24";"V57";"C0027"
"V005087";"14-08-2025";"Magasin";"LIVREE";"P0052";"3";"0,00";"405,00";"405,00";"217,53";"M04";"V08";"C0034"
"V005088";"14-08-2025";"Magasin";"livree";"P0026";"1";"0,00";"275,00";"275,00";"137,45";"M18";"V44";"C0080"
"V005089";"14-08-2025";"Web";"Livree";"P0028";"1";"0,00";"130,00";"130,00";"67,26";"M25";"V60";"C0201"
"V005090";"14-08-2025";"Magasin";"livree";"P0002";"1";"10,00";"700,00";"630,00";"352,76";"M12";"V27";"C0179"
"V005091";"14-08-2025";"magasin";"Livree";"P0054";"1";"10,00";"160,00";"144,00";"77,44";"M02";"V04";"C0179"
"V005092";"14-08-2025";"WEB";"Livree";"P0057";"1";"0,00";"20,00";"20,00";"10,89";"M04";"V09";"C0027"
"V005093";"14-08-2025";"Magasin";"livree";"P0052";"2";"0,00";"270,00";"270,00";"145,02";"M21";"V51";"C0170"
"V005094";"14-08-2025";"WEB";"Livree";"P0016";"4";"0,00";"1540,00";"1540,00";"714,96";"M08";"V17";"C0011"
"V005095";"14-08-2025";"Web";"livree";"P0061";"2";"0,00";"280,00";"280,00";"150,94";"M13";"V29";"C0171"
"V005096";"14-08-2025";"web";"livree";"P0026";"2";"5,00";"550,00";"522,50";"274,90";"M24";"V58";"C0062"
"V005097";"14-08-2025";"magasin";"Livree";"P0048";"2";"0,00";"3520,00";"3520,00";"1891,52";"M24";"V57";"C0198"
"V005098";"14-08-2025";"WEB";"Livree";"P0033";"2";"10,00";"100,00";"90,00";"45,46";"M19";"V45";"C0164"
"V005099";"14-08-2025";"magasin";"Livree";"P0055";"1";"0,00";"40,00";"40,00";"19,21";"M04";"V08";"C0065"
"V005100";"14-08-2025";"Magasin";"Livree";"P0051";"1";"0,00";"155,00";"155,00";"77,85";"M22";"V53";"C0125"
"V005101";"14-08-2025";"Web";"Livree";"P0062";"2";"0,00";"260,00";"260,00";"132,26";"M17";"V40";"C0122"
"V005102";"14-08-2025";"web";"Livree";"P0054";"1";"0,00";"160,00";"160,00";"77,44";"M11";"V23";"C0194"
"V005103";"14-08-2025";"Magasin";"LIVREE";"P0025";"1";"5,00";"55,00";"52,25";"32,37";"M10";"V22";"C0104"
"V005104";"15-08-2025";"MAGASIN";"Livree";"P0061";"2";"0,00";"280,00";"280,00";"150,94";"M18";"V43";"C0007"
"V005105";"15-08-2025";"magasin";"LIVREE";"P0064";"1";"0,00";"70,00";"70,00";"35,86";"M07";"V15";"C0202"
"V005106";"15-08-2025";"Magasin";"Livree";"P0052";"1";"5,00";"135,00";"128,25";"72,51";"M07";"V14";"C0146"
"V005107";"15-08-2025";"Magasin";"Livree";"P0063";"2";"0,00";"210,00";"210,00";"116,42";"M04";"V08";"C0121"
"V005108";"15-08-2025";"magasin";"LIVREE";"P0020";"3";"5,00";"1155,00";"1097,25";"653,91";"M01";"V02";"C0220"
"V005109";"16-08-2025";"WEB";"Livree";"P0037";"3";"0,00";"690,00";"690,00";"347,85";"M04";"V09";"C0061"
"V005110";"16-08-2025";"MAGASIN";"EnCours";"P0061";"2";"0,00";"280,00";"280,00";"150,94";"M09";"V18";"C0093"
"V005111";"16-08-2025";"MAGASIN";"LIVREE";"P0062";"2";"5,00";"260,00";"247,00";"132,26";"M23";"V56";"C0036"
"V005112";"16-08-2025";"MAGASIN";"Livree";"P0040";"1";"0,00";"1910,00";"1910,00";"1038,92";"M10";"V21";"C0063"
"V005113";"16-08-2025";"Web";"Livree";"P0033";"3";"0,00";"150,00";"150,00";"68,19";"M14";"V32";"C0089"
"V005114";"16-08-2025";"Web";"EnCours";"P0048";"1";"0,00";"1760,00";"1760,00";"945,76";"M20";"V50";"C0040"
"V005115";"16-08-2025";"Magasin";"LIVREE";"P0057";"1";"0,00";"20,00";"20,00";"10,89";"M05";"V11";"C0196"
"V005116";"16-08-2025";"Web";"LIVREE";"P0049";"4";"5,00";"7080,00";"6726,00";"3192,28";"M13";"V29";"C0043"
"V005117";"16-08-2025";"Magasin";"encours";"P0043";"2";"0,00";"4460,00";"4460,00";"2397,94";"M03";"V07";"C0106"
"V005118";"16-08-2025";"Magasin";"Livree";"P0064";"2";"0,00";"140,00";"140,00";"71,72";"M09";"V19";"C0025"
"V005119";"16-08-2025";"web";"livree";"P0046";"4";"0,00";"4140,00";"4140,00";"2461,44";"M07";"V14";"C0039"
"V005120";"17-08-2025";"WEB";"Livree";"P0064";"2";"0,00";"140,00";"140,00";"71,72";"M25";"V59";"C0044"
"V005121";"17-08-2025";"Magasin";"Livree";"P0045";"1";"0,00";"325,00";"325,00";"149,19";"M04";"V08";"C0162"
"V005122";"17-08-2025";"web";"Livree";"P0032";"1";"0,00";"190,00";"190,00";"108,18";"M13";"V29";"C0124"
"V005123";"17-08-2025";"Magasin";"LIVREE";"P0030";"3";"0,00";"795,00";"795,00";"377,97";"M03";"V06";"C0196"
"V005124";"17-08-2025";"Magasin";"EnCours";"P0064";"2";"0,00";"140,00";"140,00";"71,72";"M21";"V51";"C0213"
"V005125";"18-08-2025";"Magasin";"EnCours";"P0046";"1";"0,00";"1035,00";"1035,00";"615,36";"M06";"V12";"C0087"
"V005126";"18-08-2025";"Web";"LIVREE";"P0015";"3";"0,00";"1650,00";"1650,00";"917,25";"M08";"V17";"C0062"
"V005127";"18-08-2025";"web";"Livree";"P0062";"1";"5,00";"130,00";"123,50";"66,13";"M22";"V54";"C0108"
"V005128";"18-08-2025";"WEB";"Livree";"P0051";"1";"0,00";"155,00";"155,00";"77,85";"M18";"V43";"C0031"
"V005129";"18-08-2025";"Web";"Livree";"P0049";"1";"10,00";"1770,00";"1593,00";"798,07";"M16";"V37";"C0007"
"V005130";"18-08-2025";"Magasin";"LIVREE";"P0061";"1";"0,00";"140,00";"140,00";"75,47";"M17";"V41";"C0069"
"V005131";"18-08-2025";"MAGASIN";"Livree";"P0060";"1";"5,00";"40,00";"38,00";"20,46";"M19";"V45";"C0206"
"V005132";"18-08-2025";"Magasin";"livree";"P0064";"1";"0,00";"70,00";"70,00";"35,86";"M11";"V25";"C0132"
"V005133";"18-08-2025";"Web";"LIVREE";"P0059";"1";"0,00";"40,00";"40,00";"19,23";"M07";"V15";"C0080"
"V005134";"18-08-2025";"Magasin";"LIVREE";"P0029";"2";"5,00";"570,00";"541,50";"338,00";"M08";"V16";"C0120"
"V005135";"18-08-2025";"Magasin";"Livree";"P0040";"2";"5,00";"3820,00";"3629,00";"2077,84";"M17";"V41";"C0186"
"V005136";"19-08-2025";"Magasin";"LIVREE";"P0039";"3";"0,00";"4455,00";"4455,00";"2020,53";"M17";"V41";"C0143"
"V005137";"19-08-2025";"Magasin";"Livree";"P0052";"1";"0,00";"135,00";"135,00";"72,51";"M15";"V34";"C0024"
"V005138";"19-08-2025";"magasin";"livree";"P0054";"2";"5,00";"320,00";"304,00";"154,88";"M03";"V06";"C0131"
"V005139";"19-08-2025";"web";"encours";"P0021";"2";"5,00";"820,00";"779,00";"378,82";"M06";"V13";"C0059"
"V005140";"19-08-2025";"WEB";"LIVREE";"P0045";"1";"0,00";"325,00";"325,00";"149,19";"M12";"V28";"C0026"
"V005141";"19-08-2025";"Magasin";"LIVREE";"P0059";"1";"5,00";"40,00";"38,00";"19,23";"M19";"V47";"C0140"
"V005142";"19-08-2025";"Web";"Livree";"P0028";"1";"0,00";"130,00";"130,00";"67,26";"M17";"V42";"C0137"
"V005143";"20-08-2025";"WEB";"Livree";"P0048";"1";"5,00";"1760,00";"1672,00";"945,76";"M20";"V49";"C0200"
"V005144";"20-08-2025";"magasin";"livree";"P0054";"1";"10,00";"160,00";"144,00";"77,44";"M06";"V13";"C0044"
"V005145";"20-08-2025";"MAGASIN";"LIVREE";"P0033";"1";"0,00";"50,00";"50,00";"22,73";"M19";"V45";"C0213"
"V005146";"20-08-2025";"Magasin";"livree";"P0056";"1";"0,00";"25,00";"25,00";"12,15";"M19";"V47";"C0001"
"V005147";"20-08-2025";"MAGASIN";"Livree";"P0040";"2";"0,00";"3820,00";"3820,00";"2077,84";"M02";"V04";"C0130"
"V005148";"20-08-2025";"Web";"LIVREE";"P0054";"2";"0,00";"320,00";"320,00";"154,88";"M20";"V49";"C0005"
"V005149";"20-08-2025";"magasin";"LIVREE";"P0063";"1";"10,00";"105,00";"94,50";"58,21";"M08";"V17";"C0140"
"V005150";"20-08-2025";"MAGASIN";"LIVREE";"P0052";"4";"0,00";"540,00";"540,00";"290,04";"M08";"V17";"C0070"
"V005151";"20-08-2025";"MAGASIN";"Livree";"P0031";"2";"5,00";"300,00";"285,00";"184,48";"M04";"V09";"C0143"
"V005152";"20-08-2025";"WEB";"LIVREE";"P0046";"2";"0,00";"2070,00";"2070,00";"1230,72";"M07";"V14";"C0039"
"V005153";"20-08-2025";"Web";"livree";"P0040";"3";"0,00";"5730,00";"5730,00";"3116,76";"M15";"V36";"C0191"
"V005154";"20-08-2025";"Magasin";"EnCours";"P0058";"1";"0,00";"65,00";"65,00";"31,31";"M25";"V59";"C0183"
"V005155";"21-08-2025";"Magasin";"EnCours";"P0061";"4";"0,00";"560,00";"560,00";"301,88";"M13";"V31";"C0182"
"V005156";"21-08-2025";"magasin";"livree";"P0058";"2";"0,00";"130,00";"130,00";"62,62";"M23";"V56";"C0220"
"V005157";"21-08-2025";"magasin";"livree";"P0029";"2";"0,00";"570,00";"570,00";"338,00";"M03";"V07";"C0200"
"V005158";"21-08-2025";"Magasin";"Livree";"P0034";"1";"0,00";"200,00";"200,00";"118,44";"M02";"V05";"C0087"
"V005159";"21-08-2025";"MAGASIN";"Annulee";"P0041";"2";"0,00";"4450,00";"4450,00";"2697,40";"M05";"V11";"C0143"
"V005160";"21-08-2025";"web";"Livree";"P0034";"1";"0,00";"200,00";"200,00";"118,44";"M01";"V01";"C0066"
"V005161";"21-08-2025";"MAGASIN";"Livree";"P0044";"2";"0,00";"3600,00";"3600,00";"2106,42";"M03";"V07";"C0015"
"V005162";"21-08-2025";"Web";"Livree";"P0048";"1";"0,00";"1760,00";"1760,00";"945,76";"M10";"V20";"C0203"
"V005163";"22-08-2025";"Web";"EnCours";"P0047";"3";"10,00";"4995,00";"4495,50";"3012,21";"M21";"V52";"C0024"
"V005164";"22-08-2025";"WEB";"Livree";"P0057";"1";"0,00";"20,00";"20,00";"10,89";"M01";"V03";"C0202"
"V005165";"22-08-2025";"web";"Livree";"P0034";"2";"0,00";"400,00";"400,00";"236,88";"M24";"V57";"C0180"
"V005166";"22-08-2025";"magasin";"EnCours";"P0025";"1";"0,00";"55,00";"55,00";"32,37";"M10";"V20";"C0133"
"V005167";"22-08-2025";"Magasin";"Livree";"P0061";"1";"0,00";"140,00";"140,00";"75,47";"M06";"V12";"C0165"
"V005168";"22-08-2025";"magasin";"livree";"P0035";"1";"5,00";"170,00";"161,50";"91,98";"M04";"V08";"C0122"
"V005169";"23-08-2025";"WEB";"encours";"P0056";"3";"0,00";"75,00";"75,00";"36,45";"M24";"V58";"C0069"
"V005170";"23-08-2025";"WEB";"Livree";"P0063";"3";"0,00";"315,00";"315,00";"174,63";"M18";"V44";"C0034"
"V005171";"23-08-2025";"WEB";"Annulee";"P0059";"1";"10,00";"40,00";"36,00";"19,23";"M20";"V49";"C0044"
"V005172";"23-08-2025";"WEB";"Livree";"P0043";"1";"5,00";"2230,00";"2118,50";"1198,97";"M18";"V44";"C0001"
"V005173";"23-08-2025";"MAGASIN";"Livree";"P0029";"1";"0,00";"285,00";"285,00";"169,00";"M15";"V35";"C0020"
"V005174";"23-08-2025";"WEB";"Livree";"P0031";"1";"10,00";"150,00";"135,00";"92,24";"M12";"V26";"C0111"
"V005175";"23-08-2025";"web";"livree";"P0028";"1";"0,00";"130,00";"130,00";"67,26";"M16";"V39";"C0217"
"V005176";"23-08-2025";"Magasin";"Livree";"P0060";"2";"0,00";"80,00";"80,00";"40,92";"M06";"V12";"C0131"
"V005177";"23-08-2025";"Magasin";"Annulee";"P0052";"1";"0,00";"135,00";"135,00";"72,51";"M04";"V08";"C0126"
"V005178";"24-08-2025";"magasin";"livree";"P0051";"1";"0,00";"155,00";"155,00";"77,85";"M15";"V34";"C0139"
"V005179";"24-08-2025";"Web";"Livree";"P0012";"3";"5,00";"3030,00";"2878,50";"1765,62";"M10";"V22";"C0217"
"V005180";"24-08-2025";"Magasin";"Livree";"P0061";"3";"0,00";"420,00";"420,00";"226,41";"M13";"V31";"C0150"
"V005181";"24-08-2025";"Magasin";"EnCours";"P0062";"1";"0,00";"130,00";"130,00";"66,13";"M16";"V39";"C0001"
"V005182";"24-08-2025";"magasin";"Livree";"P0043";"3";"0,00";"6690,00";"6690,00";"3596,91";"M24";"V58";"C0089"
"V005183";"24-08-2025";"MAGASIN";"Livree";"P0045";"1";"0,00";"325,00";"325,00";"149,19";"M14";"V33";"C0210"
"V005184";"24-08-2025";"Magasin";"livree";"P0027";"1";"0,00";"220,00";"220,00";"106,66";"M24";"V58";"C0078"
"V005185";"24-08-2025";"magasin";"Livree";"P0048";"3";"5,00";"5280,00";"5016,00";"2837,28";"M14";"V33";"C0216"
"V005186";"24-08-2025";"MAGASIN";"livree";"P0053";"1";"0,00";"155,00";"155,00";"83,01";"M09";"V19";"C0035"
"V005187";"24-08-2025";"magasin";"Livree";"P0035";"1";"0,00";"170,00";"170,00";"91,98";"M12";"V27";"C0111"
"V005188";"25-08-2025";"WEB";"Livree";"P0045";"1";"0,00";"325,00";"325,00";"149,19";"M06";"V12";"C0148"
"V005189";"25-08-2025";"MAGASIN";"Livree";"P0040";"1";"0,00";"1910,00";"1910,00";"1038,92";"M14";"V33";"C0165"
"V005190";"25-08-2025";"Magasin";"Livree";"P0039";"2";"0,00";"2970,00";"2970,00";"1347,02";"M11";"V25";"C0107"
"V005191";"25-08-2025";"magasin";"livree";"P0057";"1";"10,00";"20,00";"18,00";"10,89";"M04";"V08";"C0069"
"V005192";"25-08-2025";"Magasin";"LIVREE";"P0044";"3";"0,00";"5400,00";"5400,00";"3159,63";"M01";"V02";"C0087"
"V005193";"25-08-2025";"WEB";"encours";"P0025";"2";"5,00";"110,00";"104,50";"64,74";"M15";"V35";"C0033"
"V005194";"25-08-2025";"magasin";"Livree";"P0035";"4";"5,00";"680,00";"646,00";"367,92";"M07";"V14";"C0151"
"V005195";"25-08-2025";"Magasin";"Livree";"P0034";"3";"0,00";"600,00";"600,00";"355,32";"M10";"V21";"C0219"
"V005196";"25-08-2025";"Web";"LIVREE";"P0057";"3";"0,00";"60,00";"60,00";"32,67";"M23";"V56";"C0035"
"V005197";"25-08-2025";"Magasin";"Livree";"P0059";"2";"0,00";"80,00";"80,00";"38,46";"M15";"V36";"C0083"
"V005198";"25-08-2025";"Web";"EnCours";"P0058";"3";"0,00";"195,00";"195,00";"93,93";"M15";"V34";"C0191"
"V005199";"26-08-2025";"Magasin";"Livree";"P0055";"2";"5,00";"80,00";"76,00";"38,42";"M06";"V12";"C0044"
"V005200";"26-08-2025";"Magasin";"livree";"P0039";"3";"10,00";"4455,00";"4009,50";"2020,53";"M22";"V54";"C0052"
"V005201";"26-08-2025";"Magasin";"LIVREE";"P0010";"3";"0,00";"2865,00";"2865,00";"1538,82";"M04";"V09";"C0096"
"V005202";"26-08-2025";"Magasin";"Livree";"P0054";"1";"0,00";"160,00";"160,00";"77,44";"M11";"V25";"C0058"
"V005203";"26-08-2025";"Web";"encours";"P0056";"1";"0,00";"25,00";"25,00";"12,15";"M07";"V15";"C0118"
"V005204";"26-08-2025";"magasin";"livree";"P0056";"2";"0,00";"50,00";"50,00";"24,30";"M21";"V52";"C0009"
"V005205";"26-08-2025";"Magasin";"LIVREE";"P0053";"1";"0,00";"155,00";"155,00";"83,01";"M09";"V18";"C0093"
"V005206";"26-08-2025";"Magasin";"LIVREE";"P0044";"3";"0,00";"5400,00";"5400,00";"3159,63";"M07";"V14";"C0140"
"V005207";"26-08-2025";"Magasin";"Livree";"P0046";"1";"0,00";"1035,00";"1035,00";"615,36";"M01";"V02";"C0162"
"V005208";"26-08-2025";"Magasin";"LIVREE";"P0049";"2";"0,00";"3540,00";"3540,00";"1596,14";"M02";"V04";"C0184"
"V005209";"27-08-2025";"MAGASIN";"Livree";"P0058";"1";"0,00";"65,00";"65,00";"31,31";"M13";"V31";"C0105"
"V005210";"27-08-2025";"Magasin";"Livree";"P0026";"2";"10,00";"550,00";"495,00";"274,90";"M07";"V15";"C0067"
"V005211";"27-08-2025";"Web";"livree";"P0053";"1";"0,00";"155,00";"155,00";"83,01";"M20";"V48";"C0013"
"V005212";"27-08-2025";"magasin";"LIVREE";"P0035";"2";"10,00";"340,00";"306,00";"183,96";"M11";"V24";"C0058"
"V005213";"27-08-2025";"Web";"Livree";"P0062";"4";"5,00";"520,00";"494,00";"264,52";"M25";"V59";"C0004"
"V005214";"27-08-2025";"Magasin";"livree";"P0025";"1";"0,00";"55,00";"55,00";"32,37";"M23";"V55";"C0029"
"V005215";"28-08-2025";"MAGASIN";"Livree";"P0048";"2";"0,00";"3520,00";"3520,00";"1891,52";"M02";"V05";"C0160"
"V005216";"28-08-2025";"Magasin";"Livree";"P0038";"3";"0,00";"690,00";"690,00";"357,96";"M20";"V49";"C0072"
"V005217";"28-08-2025";"WEB";"LIVREE";"P0025";"1";"0,00";"55,00";"55,00";"32,37";"M01";"V02";"C0075"
"V005218";"28-08-2025";"Magasin";"LIVREE";"P0057";"1";"5,00";"20,00";"19,00";"10,89";"M01";"V01";"C0075"
"V005219";"28-08-2025";"Magasin";"livree";"P0056";"3";"10,00";"75,00";"67,50";"36,45";"M18";"V44";"C0003"
"V005220";"28-08-2025";"Magasin";"LIVREE";"P0052";"3";"0,00";"405,00";"405,00";"217,53";"M05";"V11";"C0119"
"V005221";"28-08-2025";"MAGASIN";"EnCours";"P0048";"4";"10,00";"7040,00";"6336,00";"3783,04";"M06";"V13";"C0122"
"V005222";"29-08-2025";"WEB";"LIVREE";"P0043";"1";"0,00";"2230,00";"2230,00";"1198,97";"M22";"V54";"C0064"
"V005223";"29-08-2025";"Magasin";"LIVREE";"P0029";"1";"0,00";"285,00";"285,00";"169,00";"M09";"V18";"C0108"
"V005224";"29-08-2025";"MAGASIN";"livree";"P0041";"1";"0,00";"2225,00";"2225,00";"1348,70";"M08";"V17";"C0026"
"V005225";"29-08-2025";"magasin";"Livree";"P0048";"2";"0,00";"3520,00";"3520,00";"1891,52";"M18";"V44";"C0042"
"V005226";"29-08-2025";"web";"Livree";"P0050";"1";"0,00";"230,00";"230,00";"115,83";"M10";"V22";"C0123"
"V005227";"29-08-2025";"Magasin";"Livree";"P0034";"3";"0,00";"600,00";"600,00";"355,32";"M21";"V52";"C0067"
"V005228";"29-08-2025";"WEB";"LIVREE";"P0051";"3";"5,00";"465,00";"441,75";"233,55";"M03";"V06";"C0117"
"V005229";"29-08-2025";"Web";"Livree";"P0045";"2";"0,00";"650,00";"650,00";"298,38";"M19";"V45";"C0028"
"V005230";"29-08-2025";"MAGASIN";"Livree";"P0002";"1";"0,00";"700,00";"700,00";"352,76";"M23";"V55";"C0115"
"V005231";"29-08-2025";"Magasin";"Livree";"P0037";"3";"0,00";"690,00";"690,00";"347,85";"M02";"V04";"C0020"
"V005232";"29-08-2025";"Magasin";"Livree";"P0006";"1";"0,00";"1075,00";"1075,00";"657,19";"M12";"V26";"C0094"
"V005233";"29-08-2025";"MAGASIN";"Livree";"P0028";"2";"0,00";"260,00";"260,00";"134,52";"M22";"V54";"C0105"
"V005234";"29-08-2025";"magasin";"livree";"P0064";"1";"0,00";"70,00";"70,00";"35,86";"M08";"V16";"C0213"
"V005235";"29-08-2025";"Magasin";"Livree";"P0055";"2";"5,00";"80,00";"76,00";"38,42";"M15";"V34";"C0054"
"V005236";"30-08-2025";"MAGASIN";"LIVREE";"P0035";"1";"0,00";"170,00";"170,00";"91,98";"M03";"V07";"C0031"
"V005237";"30-08-2025";"Magasin";"LIVREE";"P0059";"2";"0,00";"80,00";"80,00";"38,46";"M17";"V40";"C0109"
"V005238";"30-08-2025";"Magasin";"Livree";"P0063";"2";"0,00";"210,00";"210,00";"116,42";"M23";"V56";"C0037"
"V005239";"30-08-2025";"Magasin";"Livree";"P0029";"1";"0,00";"285,00";"285,00";"169,00";"M25";"V60";"C0107"
"V005240";"30-08-2025";"Magasin";"Livree";"P0028";"1";"5,00";"130,00";"123,50";"67,26";"M13";"V31";"C0084"
"V005241";"30-08-2025";"Web";"Livree";"P0034";"1";"0,00";"200,00";"200,00";"118,44";"M15";"V36";"C0135"
"V005242";"30-08-2025";"magasin";"LIVREE";"P0025";"2";"0,00";"110,00";"110,00";"64,74";"M09";"V19";"C0190"
"V005243";"30-08-2025";"MAGASIN";"Livree";"P0063";"3";"10,00";"315,00";"283,50";"174,63";"M03";"V06";"C0206"
"V005244";"30-08-2025";"Magasin";"Livree";"P0048";"3";"5,00";"5280,00";"5016,00";"2837,28";"M18";"V43";"C0026"
"V005245";"30-08-2025";"MAGASIN";"livree";"P0050";"3";"0,00";"690,00";"690,00";"347,49";"M23";"V56";"C0098"
"V005246";"30-08-2025";"WEB";"LIVREE";"P0053";"2";"0,00";"310,00";"310,00";"166,02";"M09";"V18";"C0012"
"V005247";"30-08-2025";"web";"LIVREE";"P0063";"1";"0,00";"105,00";"105,00";"58,21";"M13";"V30";"C0071"
"V005248";"30-08-2025";"web";"livree";"P0041";"2";"5,00";"4450,00";"4227,50";"2697,40";"M02";"V04";"C0008"
"V005249";"30-08-2025";"magasin";"Livree";"P0003";"1";"0,00";"710,00";"710,00";"395,33";"M06";"V13";"C0190"
"V005250";"30-08-2025";"Magasin";"Annulee";"P0028";"1";"0,00";"130,00";"130,00";"67,26";"M10";"V21";"C0025"
"V005251";"31-08-2025";"Magasin";"LIVREE";"P0046";"2";"0,00";"2070,00";"2070,00";"1230,72";"M23";"V55";"C0054"
"V005252";"31-08-2025";"Magasin";"LIVREE";"P0045";"3";"0,00";"975,00";"975,00";"447,57";"M25";"V59";"C0172"
"V005253";"31-08-2025";"MAGASIN";"livree";"P0040";"2";"5,00";"3820,00";"3629,00";"2077,84";"M13";"V31";"C0163"
"V005254";"31-08-2025";"Magasin";"EnCours";"P0053";"1";"5,00";"155,00";"147,25";"83,01";"M25";"V59";"C0027"
"V005255";"31-08-2025";"MAGASIN";"Livree";"P0060";"3";"0,00";"120,00";"120,00";"61,38";"M16";"V39";"C0103"
"V005256";"31-08-2025";"Magasin";"Livree";"P0056";"2";"0,00";"50,00";"50,00";"24,30";"M15";"V36";"C0041"
"V005257";"31-08-2025";"MAGASIN";"Livree";"P0053";"2";"10,00";"310,00";"279,00";"166,02";"M18";"V44";"C0124"
"V005258";"31-08-2025";"Magasin";"EnCours";"P0057";"2";"0,00";"40,00";"40,00";"21,78";"M02";"V04";"C0180"
"V005259";"31-08-2025";"magasin";"LIVREE";"P0064";"1";"0,00";"70,00";"70,00";"35,86";"M05";"V11";"C0121"
"V005260";"31-08-2025";"Magasin";"Livree";"P0059";"4";"0,00";"160,00";"160,00";"76,92";"M09";"V19";"C0072"
"V005261";"31-08-2025";"Magasin";"Livree";"P0063";"1";"0,00";"105,00";"105,00";"58,21";"M03";"V06";"C0049"
"V005262";"31-08-2025";"Magasin";"Livree";"P0045";"4";"10,00";"1300,00";"1170,00";"596,76";"M15";"V36";"C0031"
"V005263";"01-09-2025";"Magasin";"Annulee";"P0051";"1";"0,00";"155,00";"155,00";"77,85";"M18";"V44";"C0047"
"V005264";"01-09-2025";"magasin";"Livree";"P0051";"2";"10,00";"310,00";"279,00";"155,70";"M18";"V43";"C0206"
"V005265";"01-09-2025";"Magasin";"Annulee";"P0022";"3";"0,00";"1290,00";"1290,00";"617,10";"M15";"V35";"C0048"
"V005266";"01-09-2025";"Magasin";"LIVREE";"P0006";"2";"0,00";"2150,00";"2150,00";"1314,38";"M17";"V40";"C0058"
"V005267";"01-09-2025";"magasin";"Livree";"P0034";"2";"0,00";"400,00";"400,00";"236,88";"M19";"V45";"C0124"
"V005268";"02-09-2025";"Magasin";"Livree";"P0020";"2";"0,00";"770,00";"770,00";"435,94";"M13";"V31";"C0028"
"V005269";"02-09-2025";"web";"Livree";"P0059";"1";"0,00";"40,00";"40,00";"19,23";"M09";"V18";"C0143"
"V005270";"02-09-2025";"Magasin";"Livree";"P0031";"1";"5,00";"150,00";"142,50";"92,24";"M18";"V44";"C0147"
"V005271";"02-09-2025";"WEB";"Livree";"P0054";"1";"0,00";"160,00";"160,00";"77,44";"M16";"V39";"C0218"
"V005272";"02-09-2025";"MAGASIN";"Livree";"P0039";"1";"0,00";"1485,00";"1485,00";"673,51";"M20";"V49";"C0115"
"V005273";"02-09-2025";"Web";"encours";"P0059";"2";"5,00";"80,00";"76,00";"38,46";"M23";"V55";"C0216"
"V005274";"02-09-2025";"Magasin";"EnCours";"P0035";"2";"5,00";"340,00";"323,00";"183,96";"M19";"V45";"C0082"
"V005275";"02-09-2025";"WEB";"LIVREE";"P0034";"1";"0,00";"200,00";"200,00";"118,44";"M20";"V50";"C0141"
"V005276";"02-09-2025";"magasin";"Livree";"P0029";"3";"5,00";"855,00";"812,25";"507,00";"M07";"V15";"C0149"
"V005277";"02-09-2025";"Magasin";"LIVREE";"P0051";"2";"5,00";"310,00";"294,50";"155,70";"M16";"V38";"C0149"
"V005278";"03-09-2025";"Magasin";"EnCours";"P0048";"1";"0,00";"1760,00";"1760,00";"945,76";"M03";"V06";"C0198"
"V005279";"03-09-2025";"MAGASIN";"Livree";"P0024";"2";"0,00";"1540,00";"1540,00";"931,78";"M11";"V24";"C0204"
"V005280";"03-09-2025";"WEB";"EnCours";"P0046";"2";"0,00";"2070,00";"2070,00";"1230,72";"M25";"V59";"C0168"
"V005281";"03-09-2025";"Magasin";"Livree";"P0036";"1";"5,00";"105,00";"99,75";"57,91";"M19";"V46";"C0077"
"V005282";"03-09-2025";"Magasin";"Livree";"P0004";"2";"0,00";"1920,00";"1920,00";"1123,74";"M13";"V29";"C0125"
"V005283";"03-09-2025";"web";"LIVREE";"P0029";"1";"0,00";"285,00";"285,00";"169,00";"M22";"V54";"C0167"
"V005284";"03-09-2025";"magasin";"Livree";"P0025";"2";"0,00";"110,00";"110,00";"64,74";"M16";"V37";"C0135"
"V005285";"03-09-2025";"Magasin";"LIVREE";"P0031";"1";"0,00";"150,00";"150,00";"92,24";"M07";"V15";"C0088"
"V005286";"03-09-2025";"Web";"encours";"P0045";"1";"5,00";"325,00";"308,75";"149,19";"M25";"V60";"C0129"
"V005287";"03-09-2025";"magasin";"Livree";"P0055";"1";"0,00";"40,00";"40,00";"19,21";"M19";"V47";"C0074"
"V005288";"04-09-2025";"Magasin";"LIVREE";"P0008";"2";"0,00";"990,00";"990,00";"487,52";"M10";"V20";"C0021"
"V005289";"04-09-2025";"Magasin";"Livree";"P0032";"3";"0,00";"570,00";"570,00";"324,54";"M24";"V57";"C0159"
"V005290";"04-09-2025";"magasin";"livree";"P0029";"3";"5,00";"855,00";"812,25";"507,00";"M03";"V06";"C0123"
"V005291";"04-09-2025";"WEB";"Livree";"P0043";"2";"0,00";"4460,00";"4460,00";"2397,94";"M19";"V45";"C0093"
"V005292";"04-09-2025";"MAGASIN";"Livree";"P0049";"1";"0,00";"1770,00";"1770,00";"798,07";"M06";"V13";"C0099"
"V005293";"04-09-2025";"Magasin";"Livree";"P0001";"1";"0,00";"1055,00";"1055,00";"627,64";"M15";"V34";"C0119"
"V005294";"04-09-2025";"magasin";"Livree";"P0031";"3";"0,00";"450,00";"450,00";"276,72";"M15";"V35";"C0205"
"V005295";"05-09-2025";"WEB";"LIVREE";"P0036";"1";"0,00";"105,00";"105,00";"57,91";"M02";"V04";"C0119"
"V005296";"06-09-2025";"Magasin";"Livree";"P0051";"2";"5,00";"310,00";"294,50";"155,70";"M15";"V34";"C0216"
"V005297";"06-09-2025";"MAGASIN";"Livree";"P0028";"1";"0,00";"130,00";"130,00";"67,26";"M04";"V09";"C0144"
"V005298";"06-09-2025";"magasin";"EnCours";"P0049";"2";"5,00";"3540,00";"3363,00";"1596,14";"M06";"V13";"C0173"
"V005299";"06-09-2025";"MAGASIN";"livree";"P0013";"2";"0,00";"1500,00";"1500,00";"676,36";"M10";"V21";"C0070"
"V005300";"06-09-2025";"WEB";"LIVREE";"P0064";"2";"0,00";"140,00";"140,00";"71,72";"M18";"V44";"C0186"
"V005301";"06-09-2025";"magasin";"Livree";"P0058";"1";"0,00";"65,00";"65,00";"31,31";"M15";"V36";"C0142"
"V005302";"06-09-2025";"Magasin";"encours";"P0011";"1";"10,00";"1150,00";"1035,00";"671,97";"M08";"V16";"C0203"
"V005303";"06-09-2025";"Magasin";"Livree";"P0029";"3";"0,00";"855,00";"855,00";"507,00";"M06";"V12";"C0006"
"V005304";"06-09-2025";"Magasin";"LIVREE";"P0055";"1";"10,00";"40,00";"36,00";"19,21";"M06";"V13";"C0070"
"V005305";"07-09-2025";"Magasin";"Livree";"P0004";"1";"0,00";"960,00";"960,00";"561,87";"M21";"V52";"C0183"
"V005306";"07-09-2025";"Web";"LIVREE";"P0029";"4";"0,00";"1140,00";"1140,00";"676,00";"M25";"V59";"C0105"
"V005307";"07-09-2025";"Magasin";"LIVREE";"P0048";"2";"0,00";"3520,00";"3520,00";"1891,52";"M17";"V40";"C0106"
"V005308";"07-09-2025";"Magasin";"livree";"P0026";"1";"10,00";"275,00";"247,50";"137,45";"M01";"V02";"C0020"
"V005309";"07-09-2025";"WEB";"livree";"P0059";"1";"10,00";"40,00";"36,00";"19,23";"M08";"V17";"C0079"
"V005310";"07-09-2025";"magasin";"LIVREE";"P0056";"1";"0,00";"25,00";"25,00";"12,15";"M21";"V52";"C0133"
"V005311";"07-09-2025";"Magasin";"EnCours";"P0038";"1";"0,00";"230,00";"230,00";"119,32";"M17";"V42";"C0019"
"V005312";"07-09-2025";"Magasin";"Livree";"P0058";"1";"0,00";"65,00";"65,00";"31,31";"M15";"V34";"C0165"
"V005313";"07-09-2025";"MAGASIN";"Livree";"P0017";"1";"0,00";"450,00";"450,00";"256,83";"M13";"V31";"C0080"
"V005314";"07-09-2025";"web";"Livree";"P0022";"1";"0,00";"430,00";"430,00";"205,70";"M05";"V11";"C0215"
"V005315";"07-09-2025";"Web";"LIVREE";"P0055";"2";"10,00";"80,00";"72,00";"38,42";"M17";"V40";"C0090"
"V005316";"07-09-2025";"WEB";"encours";"P0038";"2";"0,00";"460,00";"460,00";"238,64";"M10";"V21";"C0188"
"V005317";"08-09-2025";"magasin";"Livree";"P0046";"2";"5,00";"2070,00";"1966,50";"1230,72";"M15";"V36";"C0179"
"V005318";"08-09-2025";"Magasin";"Livree";"P0060";"1";"0,00";"40,00";"40,00";"20,46";"M15";"V34";"C0173"
"V005319";"08-09-2025";"magasin";"LIVREE";"P0043";"2";"5,00";"4460,00";"4237,00";"2397,94";"M24";"V58";"C0057"
"V005320";"08-09-2025";"MAGASIN";"Livree";"P0057";"1";"0,00";"20,00";"20,00";"10,89";"M08";"V17";"C0072"
"V005321";"08-09-2025";"Magasin";"Annulee";"P0036";"2";"0,00";"210,00";"210,00";"115,82";"M09";"V19";"C0084"
"V005322";"08-09-2025";"Magasin";"livree";"P0035";"1";"0,00";"170,00";"170,00";"91,98";"M10";"V22";"C0199"
"V005323";"08-09-2025";"web";"Livree";"P0058";"1";"5,00";"65,00";"61,75";"31,31";"M16";"V38";"C0213"
"V005324";"08-09-2025";"MAGASIN";"Livree";"P0045";"2";"0,00";"650,00";"650,00";"298,38";"M23";"V55";"C0002"
"V005325";"08-09-2025";"Magasin";"Livree";"P0063";"3";"0,00";"315,00";"315,00";"174,63";"M01";"V02";"C0058"
"V005326";"09-09-2025";"MAGASIN";"Livree";"P0057";"3";"0,00";"60,00";"60,00";"32,67";"M06";"V13";"C0184"
"V005327";"09-09-2025";"Magasin";"Annulee";"P0056";"1";"5,00";"25,00";"23,75";"12,15";"M16";"V38";"C0064"
"V005328";"10-09-2025";"Magasin";"livree";"P0035";"1";"0,00";"170,00";"170,00";"91,98";"M19";"V46";"C0028"
"V005329";"10-09-2025";"magasin";"LIVREE";"P0049";"2";"0,00";"3540,00";"3540,00";"1596,14";"M12";"V26";"C0197"
"V005330";"10-09-2025";"MAGASIN";"LIVREE";"P0043";"1";"0,00";"2230,00";"2230,00";"1198,97";"M22";"V53";"C0051"
"V005331";"10-09-2025";"Magasin";"LIVREE";"P0055";"2";"0,00";"80,00";"80,00";"38,42";"M16";"V37";"C0001"
"V005332";"10-09-2025";"web";"Livree";"P0054";"4";"0,00";"640,00";"640,00";"309,76";"M15";"V35";"C0034"
"V005333";"11-09-2025";"MAGASIN";"livree";"P0029";"1";"0,00";"285,00";"285,00";"169,00";"M23";"V56";"C0011"
"V005334";"11-09-2025";"MAGASIN";"LIVREE";"P0032";"1";"0,00";"190,00";"190,00";"108,18";"M06";"V12";"C0163"
"V005335";"11-09-2025";"MAGASIN";"Livree";"P0054";"2";"0,00";"320,00";"320,00";"154,88";"M06";"V13";"C0074"
"V005336";"11-09-2025";"Magasin";"Livree";"P0062";"2";"0,00";"260,00";"260,00";"132,26";"M11";"V25";"C0072"
"V005337";"11-09-2025";"Web";"LIVREE";"P0049";"1";"0,00";"1770,00";"1770,00";"798,07";"M10";"V20";"C0094"
"V005338";"12-09-2025";"Magasin";"Annulee";"P0058";"2";"0,00";"130,00";"130,00";"62,62";"M19";"V45";"C0210"
"V005339";"12-09-2025";"Magasin";"encours";"P0001";"3";"0,00";"3165,00";"3165,00";"1882,92";"M07";"V14";"C0174"
"V005340";"12-09-2025";"Magasin";"Livree";"P0049";"2";"0,00";"3540,00";"3540,00";"1596,14";"M01";"V02";"C0159"
"V005341";"12-09-2025";"Magasin";"Livree";"P0055";"1";"5,00";"40,00";"38,00";"19,21";"M05";"V11";"C0014"
"V005342";"13-09-2025";"Magasin";"Livree";"P0028";"1";"0,00";"130,00";"130,00";"67,26";"M22";"V54";"C0043"
"V005343";"13-09-2025";"Magasin";"Livree";"P0030";"1";"0,00";"265,00";"265,00";"125,99";"M16";"V39";"C0170"
"V005344";"13-09-2025";"Magasin";"Livree";"P0014";"2";"0,00";"1270,00";"1270,00";"666,94";"M03";"V07";"C0179"
"V005345";"14-09-2025";"magasin";"Livree";"P0063";"1";"0,00";"105,00";"105,00";"58,21";"M18";"V43";"C0047"
"V005346";"14-09-2025";"MAGASIN";"LIVREE";"P0064";"2";"0,00";"140,00";"140,00";"71,72";"M21";"V51";"C0201"
"V005347";"14-09-2025";"magasin";"LIVREE";"P0002";"1";"0,00";"700,00";"700,00";"352,76";"M20";"V49";"C0157"
"V005348";"15-09-2025";"magasin";"LIVREE";"P0057";"1";"0,00";"20,00";"20,00";"10,89";"M10";"V21";"C0158"
"V005349";"15-09-2025";"Magasin";"LIVREE";"P0058";"3";"0,00";"195,00";"195,00";"93,93";"M09";"V19";"C0174"
"V005350";"15-09-2025";"Magasin";"Annulee";"P0063";"3";"10,00";"315,00";"283,50";"174,63";"M19";"V46";"C0201"
"V005351";"16-09-2025";"Magasin";"livree";"P0062";"3";"0,00";"390,00";"390,00";"198,39";"M06";"V12";"C0054"
"V005352";"16-09-2025";"Magasin";"Livree";"P0052";"2";"0,00";"270,00";"270,00";"145,02";"M19";"V47";"C0018"
"V005353";"16-09-2025";"Magasin";"Livree";"P0055";"1";"0,00";"40,00";"40,00";"19,21";"M06";"V12";"C0171"
"V005354";"16-09-2025";"Web";"livree";"P0014";"1";"10,00";"635,00";"571,50";"333,47";"M10";"V22";"C0102"
"V005355";"17-09-2025";"Magasin";"Livree";"P0059";"1";"0,00";"40,00";"40,00";"19,23";"M12";"V27";"C0031"
"V005356";"17-09-2025";"web";"livree";"P0006";"1";"0,00";"1075,00";"1075,00";"657,19";"M02";"V04";"C0185"
"V005357";"17-09-2025";"web";"Livree";"P0057";"2";"0,00";"40,00";"40,00";"21,78";"M12";"V28";"C0171"
"V005358";"17-09-2025";"WEB";"EnCours";"P0052";"2";"0,00";"270,00";"270,00";"145,02";"M09";"V18";"C0128"
"V005359";"17-09-2025";"Magasin";"Livree";"P0022";"1";"0,00";"430,00";"430,00";"205,70";"M10";"V20";"C0056"
"V005360";"18-09-2025";"Magasin";"LIVREE";"P0064";"1";"0,00";"70,00";"70,00";"35,86";"M09";"V19";"C0015"
"V005361";"18-09-2025";"MAGASIN";"livree";"P0031";"1";"0,00";"150,00";"150,00";"92,24";"M03";"V06";"C0138"
"V005362";"18-09-2025";"Magasin";"Livree";"P0056";"2";"0,00";"50,00";"50,00";"24,30";"M10";"V21";"C0171"
"V005363";"18-09-2025";"MAGASIN";"LIVREE";"P0021";"1";"0,00";"410,00";"410,00";"189,41";"M02";"V05";"C0126"
"V005364";"18-09-2025";"WEB";"Livree";"P0028";"1";"5,00";"130,00";"123,50";"67,26";"M14";"V32";"C0060"
"V005365";"19-09-2025";"web";"Livree";"P0026";"1";"10,00";"275,00";"247,50";"137,45";"M01";"V03";"C0174"
"V005366";"19-09-2025";"MAGASIN";"EnCours";"P0015";"3";"0,00";"1650,00";"1650,00";"917,25";"M02";"V05";"C0061"
"V005367";"19-09-2025";"Magasin";"encours";"P0024";"3";"0,00";"2310,00";"2310,00";"1397,67";"M04";"V08";"C0075"
"V005368";"19-09-2025";"WEB";"Livree";"P0030";"3";"5,00";"795,00";"755,25";"377,97";"M05";"V10";"C0105"
"V005369";"19-09-2025";"Magasin";"LIVREE";"P0053";"2";"0,00";"310,00";"310,00";"166,02";"M10";"V22";"C0146"
"V005370";"19-09-2025";"web";"LIVREE";"P0031";"2";"0,00";"300,00";"300,00";"184,48";"M05";"V10";"C0005"
"V005371";"19-09-2025";"Magasin";"encours";"P0031";"2";"0,00";"300,00";"300,00";"184,48";"M21";"V51";"C0141"
"V005372";"19-09-2025";"Magasin";"Livree";"P0059";"3";"0,00";"120,00";"120,00";"57,69";"M18";"V43";"C0187"
"V005373";"19-09-2025";"Magasin";"livree";"P0029";"2";"0,00";"570,00";"570,00";"338,00";"M21";"V51";"C0134"
"V005374";"19-09-2025";"Web";"livree";"P0064";"1";"0,00";"70,00";"70,00";"35,86";"M24";"V57";"C0040"
"V005375";"20-09-2025";"magasin";"LIVREE";"P0004";"1";"0,00";"960,00";"960,00";"561,87";"M13";"V31";"C0007"
"V005376";"20-09-2025";"Magasin";"livree";"P0001";"3";"0,00";"3165,00";"3165,00";"1882,92";"M09";"V19";"C0065"
"V005377";"20-09-2025";"magasin";"EnCours";"P0051";"1";"0,00";"155,00";"155,00";"77,85";"M20";"V50";"C0126"
"V005378";"20-09-2025";"WEB";"encours";"P0043";"2";"0,00";"4460,00";"4460,00";"2397,94";"M12";"V28";"C0055"
"V005379";"20-09-2025";"Magasin";"LIVREE";"P0022";"3";"0,00";"1290,00";"1290,00";"617,10";"M13";"V30";"C0197"
"V005380";"20-09-2025";"MAGASIN";"livree";"P0002";"1";"0,00";"700,00";"700,00";"352,76";"M25";"V60";"C0205"
"V005381";"20-09-2025";"magasin";"livree";"P0029";"2";"0,00";"570,00";"570,00";"338,00";"M09";"V18";"C0171"
"V005382";"20-09-2025";"Magasin";"livree";"P0053";"2";"0,00";"310,00";"310,00";"166,02";"M15";"V35";"C0113"
"V005383";"20-09-2025";"Magasin";"EnCours";"P0062";"4";"5,00";"520,00";"494,00";"264,52";"M25";"V59";"C0179"
"V005384";"20-09-2025";"web";"Livree";"P0053";"2";"0,00";"310,00";"310,00";"166,02";"M11";"V23";"C0069"
"V005385";"21-09-2025";"Magasin";"Livree";"P0051";"2";"0,00";"310,00";"310,00";"155,70";"M14";"V32";"C0057"
"V005386";"21-09-2025";"magasin";"Livree";"P0062";"1";"0,00";"130,00";"130,00";"66,13";"M06";"V13";"C0082"
"V005387";"22-09-2025";"Web";"livree";"P0033";"2";"0,00";"100,00";"100,00";"45,46";"M21";"V52";"C0027"
"V005388";"22-09-2025";"Magasin";"livree";"P0051";"1";"10,00";"155,00";"139,50";"77,85";"M17";"V41";"C0031"
"V005389";"22-09-2025";"Magasin";"LIVREE";"P0038";"1";"5,00";"230,00";"218,50";"119,32";"M17";"V42";"C0192"
"V005390";"22-09-2025";"WEB";"Livree";"P0062";"3";"0,00";"390,00";"390,00";"198,39";"M05";"V11";"C0159"
"V005391";"23-09-2025";"Magasin";"Livree";"P0055";"1";"0,00";"40,00";"40,00";"19,21";"M19";"V45";"C0052"
"V005392";"23-09-2025";"web";"livree";"P0054";"1";"0,00";"160,00";"160,00";"77,44";"M15";"V34";"C0215"
"V005393";"23-09-2025";"magasin";"encours";"P0003";"1";"5,00";"710,00";"674,50";"395,33";"M09";"V19";"C0016"
"V005394";"23-09-2025";"magasin";"livree";"P0063";"2";"0,00";"210,00";"210,00";"116,42";"M02";"V04";"C0154"
"V005395";"23-09-2025";"Web";"livree";"P0064";"4";"0,00";"280,00";"280,00";"143,44";"M06";"V12";"C0066"
"V005396";"23-09-2025";"MAGASIN";"LIVREE";"P0045";"1";"10,00";"325,00";"292,50";"149,19";"M24";"V57";"C0178"
"V005397";"24-09-2025";"Web";"livree";"P0063";"2";"10,00";"210,00";"189,00";"116,42";"M23";"V55";"C0024"
"V005398";"24-09-2025";"MAGASIN";"LIVREE";"P0036";"3";"0,00";"315,00";"315,00";"173,73";"M05";"V10";"C0016"
"V005399";"24-09-2025";"web";"Livree";"P0059";"2";"10,00";"80,00";"72,00";"38,46";"M21";"V51";"C0010"
"V005400";"24-09-2025";"web";"livree";"P0057";"1";"0,00";"20,00";"20,00";"10,89";"M12";"V26";"C0086"
"V005401";"24-09-2025";"Web";"Livree";"P0053";"1";"10,00";"155,00";"139,50";"83,01";"M14";"V33";"C0046"
"V005402";"24-09-2025";"magasin";"Livree";"P0039";"1";"0,00";"1485,00";"1485,00";"673,51";"M24";"V57";"C0093"
"V005403";"24-09-2025";"WEB";"Livree";"P0046";"3";"10,00";"3105,00";"2794,50";"1846,08";"M03";"V06";"C0116"
"V005404";"24-09-2025";"Magasin";"LIVREE";"P0035";"2";"5,00";"340,00";"323,00";"183,96";"M21";"V52";"C0069"
"V005405";"24-09-2025";"MAGASIN";"livree";"P0047";"2";"5,00";"3330,00";"3163,50";"2008,14";"M16";"V38";"C0033"
"V005406";"24-09-2025";"MAGASIN";"LIVREE";"P0064";"2";"0,00";"140,00";"140,00";"71,72";"M08";"V16";"C0150"
"V005407";"24-09-2025";"magasin";"Livree";"P0006";"2";"0,00";"2150,00";"2150,00";"1314,38";"M06";"V12";"C0033"
"V005408";"24-09-2025";"Magasin";"EnCours";"P0041";"1";"0,00";"2225,00";"2225,00";"1348,70";"M08";"V17";"C0126"
"V005409";"25-09-2025";"MAGASIN";"Livree";"P0023";"1";"0,00";"700,00";"700,00";"404,57";"M17";"V40";"C0146"
"V005410";"26-09-2025";"MAGASIN";"Livree";"P0040";"3";"5,00";"5730,00";"5443,50";"3116,76";"M15";"V35";"C0090"
"V005411";"26-09-2025";"Magasin";"Livree";"P0036";"4";"0,00";"420,00";"420,00";"231,64";"M14";"V32";"C0010"
"V005412";"26-09-2025";"Magasin";"livree";"P0032";"1";"5,00";"190,00";"180,50";"108,18";"M13";"V30";"C0100"
"V005413";"26-09-2025";"Magasin";"LIVREE";"P0009";"1";"5,00";"505,00";"479,75";"297,17";"M17";"V42";"C0201"
"V005414";"27-09-2025";"magasin";"Livree";"P0028";"1";"0,00";"130,00";"130,00";"67,26";"M23";"V55";"C0080"
"V005415";"27-09-2025";"Magasin";"Livree";"P0001";"1";"0,00";"1055,00";"1055,00";"627,64";"M14";"V32";"C0080"
"V005416";"27-09-2025";"MAGASIN";"EnCours";"P0052";"1";"5,00";"135,00";"128,25";"72,51";"M24";"V57";"C0174"
"V005417";"27-09-2025";"magasin";"LIVREE";"P0046";"1";"0,00";"1035,00";"1035,00";"615,36";"M20";"V49";"C0188"
"V005418";"27-09-2025";"magasin";"Livree";"P0022";"1";"0,00";"430,00";"430,00";"205,70";"M21";"V51";"C0215"
"V005419";"27-09-2025";"magasin";"Livree";"P0031";"1";"0,00";"150,00";"150,00";"92,24";"M10";"V22";"C0129"
"V005420";"27-09-2025";"MAGASIN";"LIVREE";"P0007";"1";"0,00";"955,00";"955,00";"443,15";"M12";"V28";"C0161"
"V005421";"27-09-2025";"web";"Livree";"P0007";"1";"0,00";"955,00";"955,00";"443,15";"M20";"V50";"C0012"
"V005422";"27-09-2025";"Web";"EnCours";"P0018";"1";"0,00";"865,00";"865,00";"441,11";"M07";"V14";"C0174"
"V005423";"28-09-2025";"Magasin";"Livree";"P0017";"1";"5,00";"450,00";"427,50";"256,83";"M13";"V31";"C0067"
"V005424";"28-09-2025";"Magasin";"livree";"P0047";"1";"5,00";"1665,00";"1581,75";"1004,07";"M14";"V33";"C0171"
"V005425";"28-09-2025";"MAGASIN";"EnCours";"P0044";"1";"0,00";"1800,00";"1800,00";"1053,21";"M17";"V40";"C0100"
"V005426";"28-09-2025";"Magasin";"EnCours";"P0033";"3";"5,00";"150,00";"142,50";"68,19";"M09";"V19";"C0013"
"V005427";"28-09-2025";"Web";"Livree";"P0015";"1";"0,00";"550,00";"550,00";"305,75";"M14";"V32";"C0039"
"V005428";"28-09-2025";"MAGASIN";"livree";"P0056";"2";"5,00";"50,00";"47,50";"24,30";"M10";"V20";"C0175"
"V005429";"29-09-2025";"web";"livree";"P0039";"1";"5,00";"1485,00";"1410,75";"673,51";"M09";"V18";"C0071"
"V005430";"29-09-2025";"magasin";"LIVREE";"P0040";"3";"0,00";"5730,00";"5730,00";"3116,76";"M09";"V18";"C0150"
"V005431";"29-09-2025";"web";"Livree";"P0034";"1";"0,00";"200,00";"200,00";"118,44";"M21";"V52";"C0005"
"V005432";"29-09-2025";"web";"Livree";"P0016";"1";"0,00";"385,00";"385,00";"178,74";"M23";"V56";"C0192"
"V005433";"29-09-2025";"Magasin";"Livree";"P0011";"1";"5,00";"1150,00";"1092,50";"671,97";"M05";"V10";"C0133"
"V005434";"30-09-2025";"MAGASIN";"Livree";"P0016";"1";"0,00";"385,00";"385,00";"178,74";"M23";"V56";"C0205"
"V005435";"30-09-2025";"MAGASIN";"LIVREE";"P0060";"1";"0,00";"40,00";"40,00";"20,46";"M02";"V04";"C0182"
"V005436";"30-09-2025";"magasin";"Livree";"P0054";"2";"0,00";"320,00";"320,00";"154,88";"M01";"V01";"C0189"
"V005437";"01-10-2025";"MAGASIN";"LIVREE";"P0013";"1";"10,00";"750,00";"675,00";"338,18";"M23";"V56";"C0033"
"V005438";"01-10-2025";"Magasin";"Annulee";"P0029";"2";"0,00";"570,00";"570,00";"338,00";"M03";"V07";"C0064"
"V005439";"01-10-2025";"Magasin";"LIVREE";"P0039";"2";"5,00";"2970,00";"2821,50";"1347,02";"M17";"V40";"C0066"
"V005440";"01-10-2025";"magasin";"Annulee";"P0034";"1";"10,00";"200,00";"180,00";"118,44";"M18";"V43";"C0126"
"V005441";"01-10-2025";"Magasin";"Livree";"P0056";"1";"10,00";"25,00";"22,50";"12,15";"M10";"V20";"C0181"
"V005442";"01-10-2025";"Magasin";"LIVREE";"P0026";"2";"0,00";"550,00";"550,00";"274,90";"M20";"V48";"C0140"
"V005443";"02-10-2025";"Magasin";"Livree";"P0051";"1";"5,00";"155,00";"147,25";"77,85";"M10";"V21";"C0163"
"V005444";"02-10-2025";"Magasin";"LIVREE";"P0050";"3";"0,00";"690,00";"690,00";"347,49";"M03";"V07";"C0067"
"V005445";"02-10-2025";"Web";"livree";"P0030";"4";"0,00";"1060,00";"1060,00";"503,96";"M18";"V44";"C0104"
"V005446";"02-10-2025";"MAGASIN";"livree";"P0060";"1";"0,00";"40,00";"40,00";"20,46";"M04";"V08";"C0144"
"V005447";"02-10-2025";"magasin";"Livree";"P0034";"1";"0,00";"200,00";"200,00";"118,44";"M23";"V56";"C0048"
"V005448";"02-10-2025";"MAGASIN";"LIVREE";"P0042";"2";"0,00";"4090,00";"4090,00";"2473,28";"M25";"V59";"C0218"
"V005449";"03-10-2025";"Web";"Livree";"P0037";"2";"5,00";"460,00";"437,00";"231,90";"M09";"V19";"C0065"
"V005450";"03-10-2025";"web";"LIVREE";"P0025";"2";"5,00";"110,00";"104,50";"64,74";"M03";"V07";"C0216"
"V005451";"03-10-2025";"MAGASIN";"LIVREE";"P0026";"1";"0,00";"275,00";"275,00";"137,45";"M24";"V57";"C0147"
"V005452";"03-10-2025";"magasin";"Annulee";"P0053";"1";"0,00";"155,00";"155,00";"83,01";"M08";"V16";"C0174"
"V005453";"03-10-2025";"Magasin";"livree";"P0021";"2";"0,00";"820,00";"820,00";"378,82";"M20";"V48";"C0187"
"V005454";"03-10-2025";"Magasin";"Livree";"P0051";"2";"0,00";"310,00";"310,00";"155,70";"M01";"V01";"C0137"
"V005455";"03-10-2025";"MAGASIN";"LIVREE";"P0034";"2";"0,00";"400,00";"400,00";"236,88";"M14";"V32";"C0009"
"V005456";"03-10-2025";"Magasin";"Livree";"P0055";"1";"5,00";"40,00";"38,00";"19,21";"M08";"V17";"C0053"
"V005457";"04-10-2025";"Web";"encours";"P0039";"3";"0,00";"4455,00";"4455,00";"2020,53";"M07";"V15";"C0014"
"V005458";"04-10-2025";"Magasin";"Livree";"P0005";"3";"0,00";"975,00";"975,00";"446,13";"M08";"V16";"C0204"
"V005459";"04-10-2025";"Magasin";"Livree";"P0054";"2";"0,00";"320,00";"320,00";"154,88";"M13";"V30";"C0093"
"V005460";"04-10-2025";"Web";"Livree";"P0053";"1";"0,00";"155,00";"155,00";"83,01";"M04";"V08";"C0088"
"V005461";"04-10-2025";"WEB";"LIVREE";"P0028";"2";"10,00";"260,00";"234,00";"134,52";"M16";"V37";"C0162"
"V005462";"04-10-2025";"Web";"livree";"P0058";"2";"10,00";"130,00";"117,00";"62,62";"M18";"V43";"C0030"
"V005463";"04-10-2025";"Magasin";"Livree";"P0027";"1";"5,00";"220,00";"209,00";"106,66";"M13";"V29";"C0080"
"V005464";"04-10-2025";"magasin";"LIVREE";"P0035";"2";"0,00";"340,00";"340,00";"183,96";"M17";"V41";"C0008"
"V005465";"04-10-2025";"WEB";"LIVREE";"P0062";"1";"0,00";"130,00";"130,00";"66,13";"M17";"V42";"C0199"
"V005466";"05-10-2025";"Magasin";"Livree";"P0002";"2";"0,00";"1400,00";"1400,00";"705,52";"M23";"V55";"C0133"
"V005467";"05-10-2025";"Magasin";"EnCours";"P0039";"1";"10,00";"1485,00";"1336,50";"673,51";"M21";"V51";"C0155"
"V005468";"05-10-2025";"Magasin";"LIVREE";"P0024";"1";"0,00";"770,00";"770,00";"465,89";"M17";"V40";"C0206"
"V005469";"05-10-2025";"MAGASIN";"LIVREE";"P0025";"2";"0,00";"110,00";"110,00";"64,74";"M22";"V53";"C0023"
"V005470";"05-10-2025";"Magasin";"EnCours";"P0041";"1";"10,00";"2225,00";"2002,50";"1348,70";"M15";"V34";"C0064"
"V005471";"05-10-2025";"Magasin";"Livree";"P0053";"2";"5,00";"310,00";"294,50";"166,02";"M11";"V24";"C0032"
"V005472";"06-10-2025";"Magasin";"livree";"P0051";"2";"0,00";"310,00";"310,00";"155,70";"M01";"V02";"C0194"
"V005473";"06-10-2025";"Magasin";"LIVREE";"P0023";"1";"10,00";"700,00";"630,00";"404,57";"M24";"V57";"C0009"
"V005474";"06-10-2025";"WEB";"Livree";"P0034";"2";"0,00";"400,00";"400,00";"236,88";"M21";"V51";"C0019"
"V005475";"06-10-2025";"MAGASIN";"Livree";"P0008";"1";"5,00";"495,00";"470,25";"243,76";"M03";"V06";"C0159"
"V005476";"06-10-2025";"Magasin";"LIVREE";"P0051";"1";"0,00";"155,00";"155,00";"77,85";"M11";"V24";"C0113"
"V005477";"06-10-2025";"Magasin";"LIVREE";"P0004";"2";"0,00";"1920,00";"1920,00";"1123,74";"M09";"V18";"C0219"
"V005478";"07-10-2025";"Magasin";"LIVREE";"P0056";"2";"0,00";"50,00";"50,00";"24,30";"M09";"V18";"C0112"
"V005479";"07-10-2025";"Magasin";"Annulee";"P0003";"2";"5,00";"1420,00";"1349,00";"790,66";"M04";"V08";"C0037"
"V005480";"07-10-2025";"magasin";"Livree";"P0044";"4";"5,00";"7200,00";"6840,00";"4212,84";"M10";"V21";"C0068"
"V005481";"07-10-2025";"magasin";"Livree";"P0010";"2";"5,00";"1910,00";"1814,50";"1025,88";"M19";"V47";"C0123"
"V005482";"07-10-2025";"web";"Livree";"P0004";"2";"0,00";"1920,00";"1920,00";"1123,74";"M18";"V43";"C0041"
"V005483";"07-10-2025";"magasin";"livree";"P0063";"1";"0,00";"105,00";"105,00";"58,21";"M23";"V55";"C0189"
"V005484";"08-10-2025";"Magasin";"EnCours";"P0034";"1";"0,00";"200,00";"200,00";"118,44";"M19";"V45";"C0134"
"V005485";"08-10-2025";"MAGASIN";"Annulee";"P0029";"1";"0,00";"285,00";"285,00";"169,00";"M12";"V26";"C0175"
"V005486";"08-10-2025";"Magasin";"Livree";"P0062";"1";"0,00";"130,00";"130,00";"66,13";"M07";"V14";"C0099"
"V005487";"08-10-2025";"web";"LIVREE";"P0037";"1";"0,00";"230,00";"230,00";"115,95";"M01";"V02";"C0190"
"V005488";"08-10-2025";"MAGASIN";"LIVREE";"P0004";"3";"0,00";"2880,00";"2880,00";"1685,61";"M14";"V33";"C0023"
"V005489";"08-10-2025";"Magasin";"Livree";"P0054";"2";"10,00";"320,00";"288,00";"154,88";"M10";"V20";"C0170"
"V005490";"09-10-2025";"Magasin";"livree";"P0059";"4";"0,00";"160,00";"160,00";"76,92";"M08";"V17";"C0095"
"V005491";"09-10-2025";"Magasin";"Livree";"P0062";"1";"5,00";"130,00";"123,50";"66,13";"M10";"V22";"C0032"
"V005492";"09-10-2025";"Web";"encours";"P0042";"3";"0,00";"6135,00";"6135,00";"3709,92";"M20";"V49";"C0118"
"V005493";"10-10-2025";"MAGASIN";"livree";"P0034";"3";"0,00";"600,00";"600,00";"355,32";"M20";"V48";"C0109"
"V005494";"10-10-2025";"magasin";"LIVREE";"P0058";"1";"0,00";"65,00";"65,00";"31,31";"M11";"V24";"C0039"
"V005495";"10-10-2025";"Magasin";"EnCours";"P0055";"1";"0,00";"40,00";"40,00";"19,21";"M25";"V59";"C0007"
"V005496";"10-10-2025";"Magasin";"livree";"P0015";"2";"5,00";"1100,00";"1045,00";"611,50";"M25";"V60";"C0074"
"V005497";"10-10-2025";"Magasin";"Livree";"P0060";"4";"10,00";"160,00";"144,00";"81,84";"M09";"V19";"C0090"
"V005498";"10-10-2025";"Magasin";"Livree";"P0025";"2";"0,00";"110,00";"110,00";"64,74";"M25";"V59";"C0074"
"V005499";"10-10-2025";"Magasin";"LIVREE";"P0015";"2";"0,00";"1100,00";"1100,00";"611,50";"M02";"V05";"C0092"
"V005500";"11-10-2025";"MAGASIN";"LIVREE";"P0051";"2";"0,00";"310,00";"310,00";"155,70";"M01";"V03";"C0193"
"V005501";"11-10-2025";"Web";"livree";"P0061";"3";"10,00";"420,00";"378,00";"226,41";"M22";"V54";"C0172"
"V005502";"11-10-2025";"web";"encours";"P0023";"1";"0,00";"700,00";"700,00";"404,57";"M01";"V03";"C0138"
"V005503";"11-10-2025";"Web";"EnCours";"P0037";"2";"0,00";"460,00";"460,00";"231,90";"M18";"V43";"C0091"
"V005504";"11-10-2025";"magasin";"Livree";"P0051";"3";"5,00";"465,00";"441,75";"233,55";"M05";"V11";"C0135"
"V005505";"11-10-2025";"Web";"Livree";"P0017";"2";"0,00";"900,00";"900,00";"513,66";"M15";"V34";"C0035"
"V005506";"12-10-2025";"magasin";"Livree";"P0015";"3";"0,00";"1650,00";"1650,00";"917,25";"M18";"V43";"C0179"
"V005507";"12-10-2025";"magasin";"livree";"P0058";"1";"0,00";"65,00";"65,00";"31,31";"M04";"V08";"C0049"
"V005508";"12-10-2025";"Magasin";"LIVREE";"P0032";"3";"0,00";"570,00";"570,00";"324,54";"M09";"V19";"C0120"
"V005509";"12-10-2025";"Magasin";"encours";"P0036";"1";"0,00";"105,00";"105,00";"57,91";"M12";"V27";"C0003"
"V005510";"12-10-2025";"magasin";"EnCours";"P0033";"3";"0,00";"150,00";"150,00";"68,19";"M09";"V19";"C0160"
"V005511";"13-10-2025";"Magasin";"encours";"P0056";"2";"0,00";"50,00";"50,00";"24,30";"M24";"V57";"C0024"
"V005512";"13-10-2025";"Magasin";"encours";"P0058";"1";"0,00";"65,00";"65,00";"31,31";"M09";"V18";"C0118"
"V005513";"13-10-2025";"Magasin";"Livree";"P0031";"1";"0,00";"150,00";"150,00";"92,24";"M20";"V50";"C0034"
"V005514";"13-10-2025";"magasin";"Livree";"P0024";"1";"0,00";"770,00";"770,00";"465,89";"M22";"V54";"C0068"
"V005515";"13-10-2025";"magasin";"Livree";"P0007";"2";"0,00";"1910,00";"1910,00";"886,30";"M10";"V22";"C0199"
"V005516";"13-10-2025";"Magasin";"LIVREE";"P0061";"1";"0,00";"140,00";"140,00";"75,47";"M24";"V57";"C0205"
"V005517";"13-10-2025";"Magasin";"Livree";"P0054";"3";"0,00";"480,00";"480,00";"232,32";"M08";"V17";"C0098"
"V005518";"13-10-2025";"MAGASIN";"livree";"P0031";"1";"0,00";"150,00";"150,00";"92,24";"M02";"V04";"C0214"
"V005519";"14-10-2025";"Magasin";"LIVREE";"P0012";"3";"0,00";"3030,00";"3030,00";"1765,62";"M16";"V37";"C0202"
"V005520";"14-10-2025";"Magasin";"EnCours";"P0004";"1";"0,00";"960,00";"960,00";"561,87";"M06";"V12";"C0093"
"V005521";"14-10-2025";"Magasin";"LIVREE";"P0043";"4";"10,00";"8920,00";"8028,00";"4795,88";"M04";"V09";"C0083"
"V005522";"14-10-2025";"Magasin";"Livree";"P0003";"3";"10,00";"2130,00";"1917,00";"1185,99";"M11";"V24";"C0202"
"V005523";"15-10-2025";"MAGASIN";"encours";"P0061";"3";"0,00";"420,00";"420,00";"226,41";"M25";"V60";"C0082"
"V005524";"15-10-2025";"magasin";"Annulee";"P0058";"1";"10,00";"65,00";"58,50";"31,31";"M16";"V37";"C0207"
"V005525";"15-10-2025";"Magasin";"LIVREE";"P0053";"4";"0,00";"620,00";"620,00";"332,04";"M07";"V14";"C0220"
"V005526";"15-10-2025";"magasin";"Livree";"P0026";"3";"0,00";"825,00";"825,00";"412,35";"M17";"V40";"C0023"
"V005527";"15-10-2025";"WEB";"Livree";"P0045";"2";"0,00";"650,00";"650,00";"298,38";"M14";"V32";"C0126"
"V005528";"15-10-2025";"Magasin";"Livree";"P0024";"1";"10,00";"770,00";"693,00";"465,89";"M04";"V09";"C0146"
"V005529";"16-10-2025";"Magasin";"Livree";"P0029";"1";"0,00";"285,00";"285,00";"169,00";"M03";"V07";"C0092"
"V005530";"16-10-2025";"Magasin";"LIVREE";"P0032";"1";"0,00";"190,00";"190,00";"108,18";"M11";"V24";"C0079"
"V005531";"16-10-2025";"Magasin";"LIVREE";"P0058";"1";"0,00";"65,00";"65,00";"31,31";"M21";"V51";"C0024"
"V005532";"16-10-2025";"Magasin";"livree";"P0050";"1";"10,00";"230,00";"207,00";"115,83";"M02";"V05";"C0189"
"V005533";"17-10-2025";"WEB";"LIVREE";"P0049";"1";"0,00";"1770,00";"1770,00";"798,07";"M15";"V34";"C0060"
"V005534";"18-10-2025";"MAGASIN";"LIVREE";"P0041";"2";"0,00";"4450,00";"4450,00";"2697,40";"M10";"V22";"C0202"
"V005535";"18-10-2025";"magasin";"Livree";"P0021";"1";"5,00";"410,00";"389,50";"189,41";"M10";"V20";"C0177"
"V005536";"19-10-2025";"Magasin";"Livree";"P0027";"4";"0,00";"880,00";"880,00";"426,64";"M21";"V52";"C0140"
"V005537";"19-10-2025";"Web";"LIVREE";"P0053";"1";"5,00";"155,00";"147,25";"83,01";"M06";"V13";"C0219"
"V005538";"20-10-2025";"magasin";"livree";"P0061";"1";"5,00";"140,00";"133,00";"75,47";"M04";"V09";"C0206"
"V005539";"20-10-2025";"MAGASIN";"livree";"P0004";"3";"5,00";"2880,00";"2736,00";"1685,61";"M21";"V52";"C0079"
"V005540";"20-10-2025";"Magasin";"Livree";"P0053";"2";"0,00";"310,00";"310,00";"166,02";"M22";"V53";"C0113"
"V005541";"21-10-2025";"magasin";"Annulee";"P0062";"1";"10,00";"130,00";"117,00";"66,13";"M24";"V57";"C0216"
"V005542";"22-10-2025";"MAGASIN";"Livree";"P0031";"1";"0,00";"150,00";"150,00";"92,24";"M22";"V54";"C0025"
"V005543";"22-10-2025";"Magasin";"LIVREE";"P0063";"1";"10,00";"105,00";"94,50";"58,21";"M21";"V51";"C0156"
"V005544";"22-10-2025";"MAGASIN";"livree";"P0027";"1";"0,00";"220,00";"220,00";"106,66";"M04";"V08";"C0135"
"V005545";"22-10-2025";"Web";"LIVREE";"P0061";"2";"0,00";"280,00";"280,00";"150,94";"M08";"V16";"C0041"
"V005546";"22-10-2025";"WEB";"Annulee";"P0034";"2";"0,00";"400,00";"400,00";"236,88";"M16";"V39";"C0064"
"V005547";"23-10-2025";"Magasin";"EnCours";"P0010";"1";"0,00";"955,00";"955,00";"512,94";"M09";"V18";"C0138"
"V005548";"23-10-2025";"Magasin";"livree";"P0037";"2";"0,00";"460,00";"460,00";"231,90";"M09";"V18";"C0032"
"V005549";"23-10-2025";"Magasin";"Livree";"P0046";"3";"5,00";"3105,00";"2949,75";"1846,08";"M13";"V31";"C0208"
"V005550";"23-10-2025";"MAGASIN";"LIVREE";"P0054";"1";"0,00";"160,00";"160,00";"77,44";"M10";"V22";"C0068"
"V005551";"23-10-2025";"Web";"Livree";"P0060";"2";"0,00";"80,00";"80,00";"40,92";"M01";"V03";"C0208"
"V005552";"23-10-2025";"Magasin";"livree";"P0022";"3";"0,00";"1290,00";"1290,00";"617,10";"M06";"V13";"C0136"
"V005553";"23-10-2025";"Magasin";"LIVREE";"P0039";"1";"5,00";"1485,00";"1410,75";"673,51";"M04";"V08";"C0156"
"V005554";"23-10-2025";"Magasin";"Livree";"P0055";"3";"0,00";"120,00";"120,00";"57,63";"M14";"V33";"C0109"
"V005555";"24-10-2025";"WEB";"LIVREE";"P0057";"1";"5,00";"20,00";"19,00";"10,89";"M10";"V20";"C0121"
"V005556";"24-10-2025";"Magasin";"LIVREE";"P0052";"1";"0,00";"135,00";"135,00";"72,51";"M17";"V41";"C0041"
"V005557";"24-10-2025";"MAGASIN";"Annulee";"P0018";"1";"0,00";"865,00";"865,00";"441,11";"M22";"V54";"C0053"
"V005558";"24-10-2025";"magasin";"Livree";"P0032";"3";"5,00";"570,00";"541,50";"324,54";"M04";"V08";"C0160"
"V005559";"24-10-2025";"WEB";"Livree";"P0064";"1";"0,00";"70,00";"70,00";"35,86";"M01";"V03";"C0217"
"V005560";"24-10-2025";"WEB";"LIVREE";"P0044";"3";"5,00";"5400,00";"5130,00";"3159,63";"M17";"V40";"C0084"
"V005561";"25-10-2025";"WEB";"LIVREE";"P0042";"2";"0,00";"4090,00";"4090,00";"2473,28";"M01";"V02";"C0024"
"V005562";"25-10-2025";"Web";"livree";"P0059";"2";"0,00";"80,00";"80,00";"38,46";"M12";"V27";"C0131"
"V005563";"25-10-2025";"Magasin";"LIVREE";"P0057";"3";"5,00";"60,00";"57,00";"32,67";"M22";"V54";"C0025"
"V005564";"25-10-2025";"Magasin";"Livree";"P0020";"3";"0,00";"1155,00";"1155,00";"653,91";"M03";"V06";"C0163"
"V005565";"26-10-2025";"web";"Livree";"P0047";"3";"0,00";"4995,00";"4995,00";"3012,21";"M06";"V12";"C0026"
"V005566";"26-10-2025";"Web";"LIVREE";"P0015";"1";"0,00";"550,00";"550,00";"305,75";"M07";"V15";"C0135"
"V005567";"26-10-2025";"Magasin";"LIVREE";"P0062";"1";"0,00";"130,00";"130,00";"66,13";"M16";"V37";"C0063"
"V005568";"26-10-2025";"Web";"encours";"P0062";"1";"0,00";"130,00";"130,00";"66,13";"M20";"V48";"C0216"
"V005569";"26-10-2025";"Magasin";"Livree";"P0064";"2";"5,00";"140,00";"133,00";"71,72";"M17";"V42";"C0042"
"V005570";"26-10-2025";"MAGASIN";"livree";"P0029";"3";"0,00";"855,00";"855,00";"507,00";"M08";"V16";"C0075"
"V005571";"27-10-2025";"MAGASIN";"Livree";"P0021";"1";"0,00";"410,00";"410,00";"189,41";"M09";"V19";"C0027"
"V005572";"27-10-2025";"MAGASIN";"LIVREE";"P0045";"3";"0,00";"975,00";"975,00";"447,57";"M11";"V23";"C0012"
"V005573";"27-10-2025";"Web";"LIVREE";"P0041";"1";"0,00";"2225,00";"2225,00";"1348,70";"M04";"V08";"C0046"
"V005574";"27-10-2025";"Magasin";"LIVREE";"P0060";"1";"5,00";"40,00";"38,00";"20,46";"M05";"V10";"C0030"
"V005575";"27-10-2025";"MAGASIN";"EnCours";"P0028";"2";"5,00";"260,00";"247,00";"134,52";"M05";"V11";"C0141"
"V005576";"28-10-2025";"WEB";"livree";"P0051";"2";"0,00";"310,00";"310,00";"155,70";"M16";"V38";"C0212"
"V005577";"28-10-2025";"WEB";"livree";"P0061";"2";"0,00";"280,00";"280,00";"150,94";"M18";"V43";"C0063"
"V005578";"28-10-2025";"WEB";"Livree";"P0044";"2";"5,00";"3600,00";"3420,00";"2106,42";"M19";"V45";"C0022"
"V005579";"28-10-2025";"WEB";"Livree";"P0057";"1";"0,00";"20,00";"20,00";"10,89";"M04";"V09";"C0126"
"V005580";"28-10-2025";"WEB";"Livree";"P0032";"1";"0,00";"190,00";"190,00";"108,18";"M15";"V36";"C0089"
"V005581";"28-10-2025";"WEB";"Livree";"P0017";"3";"0,00";"1350,00";"1350,00";"770,49";"M05";"V11";"C0124"
"V005582";"28-10-2025";"Web";"livree";"P0060";"2";"0,00";"80,00";"80,00";"40,92";"M09";"V18";"C0017"
"V005583";"28-10-2025";"Web";"encours";"P0029";"1";"10,00";"285,00";"256,50";"169,00";"M12";"V28";"C0144"
"V005584";"28-10-2025";"Web";"EnCours";"P0040";"3";"0,00";"5730,00";"5730,00";"3116,76";"M09";"V18";"C0007"
"V005585";"29-10-2025";"web";"Livree";"P0004";"2";"5,00";"1920,00";"1824,00";"1123,74";"M15";"V35";"C0022"
"V005586";"29-10-2025";"web";"LIVREE";"P0013";"1";"0,00";"750,00";"750,00";"338,18";"M06";"V13";"C0023"
"V005587";"29-10-2025";"Magasin";"LIVREE";"P0045";"2";"0,00";"650,00";"650,00";"298,38";"M24";"V57";"C0126"
"V005588";"29-10-2025";"WEB";"LIVREE";"P0005";"1";"0,00";"325,00";"325,00";"148,71";"M22";"V54";"C0181"
"V005589";"29-10-2025";"magasin";"LIVREE";"P0061";"3";"5,00";"420,00";"399,00";"226,41";"M14";"V33";"C0169"
"V005590";"29-10-2025";"Magasin";"Livree";"P0053";"1";"0,00";"155,00";"155,00";"83,01";"M19";"V47";"C0004"
"V005591";"29-10-2025";"magasin";"Livree";"P0014";"2";"0,00";"1270,00";"1270,00";"666,94";"M11";"V25";"C0019"
"V005592";"29-10-2025";"Magasin";"livree";"P0011";"2";"0,00";"2300,00";"2300,00";"1343,94";"M22";"V53";"C0192"
"V005593";"29-10-2025";"Magasin";"LIVREE";"P0063";"1";"0,00";"105,00";"105,00";"58,21";"M17";"V42";"C0117"
"V005594";"29-10-2025";"Magasin";"Livree";"P0028";"2";"0,00";"260,00";"260,00";"134,52";"M02";"V04";"C0152"
"V005595";"29-10-2025";"Magasin";"LIVREE";"P0005";"1";"5,00";"325,00";"308,75";"148,71";"M19";"V45";"C0180"
"V005596";"30-10-2025";"magasin";"Livree";"P0024";"1";"5,00";"770,00";"731,50";"465,89";"M18";"V44";"C0035"
"V005597";"30-10-2025";"web";"encours";"P0040";"1";"0,00";"1910,00";"1910,00";"1038,92";"M23";"V56";"C0005"
"V005598";"30-10-2025";"Magasin";"Livree";"P0032";"1";"5,00";"190,00";"180,50";"108,18";"M02";"V05";"C0204"
"V005599";"30-10-2025";"Magasin";"EnCours";"P0052";"2";"5,00";"270,00";"256,50";"145,02";"M20";"V49";"C0103"
"V005600";"30-10-2025";"Web";"LIVREE";"P0037";"2";"0,00";"460,00";"460,00";"231,90";"M01";"V03";"C0045"
"V005601";"30-10-2025";"Magasin";"Livree";"P0051";"2";"0,00";"310,00";"310,00";"155,70";"M06";"V13";"C0004"
"V005602";"30-10-2025";"web";"Livree";"P0053";"2";"0,00";"310,00";"310,00";"166,02";"M03";"V07";"C0065"
"V005603";"30-10-2025";"WEB";"LIVREE";"P0005";"2";"0,00";"650,00";"650,00";"297,42";"M05";"V11";"C0088"
"V005604";"31-10-2025";"web";"Livree";"P0047";"1";"5,00";"1665,00";"1581,75";"1004,07";"M13";"V31";"C0197"
"V005605";"31-10-2025";"MAGASIN";"LIVREE";"P0045";"1";"0,00";"325,00";"325,00";"149,19";"M25";"V59";"C0205"
"V005606";"31-10-2025";"magasin";"LIVREE";"P0014";"2";"5,00";"1270,00";"1206,50";"666,94";"M04";"V08";"C0208"
"V005607";"31-10-2025";"MAGASIN";"livree";"P0050";"4";"0,00";"920,00";"920,00";"463,32";"M14";"V32";"C0026"
"V005608";"31-10-2025";"MAGASIN";"LIVREE";"P0030";"1";"0,00";"265,00";"265,00";"125,99";"M15";"V34";"C0037"
"V005609";"01-11-2025";"web";"encours";"P0046";"2";"0,00";"2070,00";"2070,00";"1230,72";"M11";"V24";"C0083"
"V005610";"01-11-2025";"Magasin";"Livree";"P0053";"1";"0,00";"155,00";"155,00";"83,01";"M03";"V07";"C0070"
"V005611";"01-11-2025";"web";"Livree";"P0007";"4";"0,00";"3820,00";"3820,00";"1772,60";"M14";"V33";"C0028"
"V005612";"01-11-2025";"WEB";"Annulee";"P0019";"1";"0,00";"535,00";"535,00";"307,48";"M02";"V04";"C0118"
"V005613";"01-11-2025";"Magasin";"LIVREE";"P0046";"1";"10,00";"1035,00";"931,50";"615,36";"M09";"V19";"C0016"
"V005614";"01-11-2025";"WEB";"Livree";"P0005";"3";"0,00";"975,00";"975,00";"446,13";"M14";"V32";"C0002"
"V005615";"01-11-2025";"magasin";"Livree";"P0056";"1";"0,00";"25,00";"25,00";"12,15";"M23";"V56";"C0027"
"V005616";"01-11-2025";"web";"LIVREE";"P0003";"1";"0,00";"710,00";"710,00";"395,33";"M13";"V30";"C0063"
"V005617";"01-11-2025";"MAGASIN";"LIVREE";"P0060";"3";"0,00";"120,00";"120,00";"61,38";"M15";"V36";"C0034"
"V005618";"01-11-2025";"Magasin";"encours";"P0045";"2";"5,00";"650,00";"617,50";"298,38";"M01";"V02";"C0159"
"V005619";"01-11-2025";"MAGASIN";"EnCours";"P0042";"1";"0,00";"2045,00";"2045,00";"1236,64";"M07";"V14";"C0202"
"V005620";"02-11-2025";"Magasin";"livree";"P0003";"1";"0,00";"710,00";"710,00";"395,33";"M12";"V27";"C0202"
"V005621";"02-11-2025";"MAGASIN";"livree";"P0014";"2";"5,00";"1270,00";"1206,50";"666,94";"M15";"V36";"C0077"
"V005622";"02-11-2025";"WEB";"Livree";"P0055";"2";"5,00";"80,00";"76,00";"38,42";"M06";"V13";"C0143"
"V005623";"02-11-2025";"magasin";"livree";"P0054";"2";"0,00";"320,00";"320,00";"154,88";"M04";"V09";"C0163"
"V005624";"02-11-2025";"Magasin";"livree";"P0051";"1";"0,00";"155,00";"155,00";"77,85";"M23";"V55";"C0190"
"V005625";"02-11-2025";"magasin";"encours";"P0059";"1";"0,00";"40,00";"40,00";"19,23";"M21";"V52";"C0105"
"V005626";"02-11-2025";"web";"Livree";"P0058";"2";"5,00";"130,00";"123,50";"62,62";"M11";"V25";"C0002"
"V005627";"02-11-2025";"MAGASIN";"Livree";"P0050";"1";"0,00";"230,00";"230,00";"115,83";"M10";"V21";"C0059"
"V005628";"02-11-2025";"MAGASIN";"Livree";"P0064";"1";"0,00";"70,00";"70,00";"35,86";"M04";"V09";"C0067"
"V005629";"02-11-2025";"MAGASIN";"livree";"P0037";"2";"0,00";"460,00";"460,00";"231,90";"M12";"V27";"C0141"
"V005630";"02-11-2025";"Web";"livree";"P0063";"2";"0,00";"210,00";"210,00";"116,42";"M11";"V24";"C0070"
"V005631";"03-11-2025";"web";"Livree";"P0003";"3";"5,00";"2130,00";"2023,50";"1185,99";"M09";"V19";"C0057"
"V005632";"03-11-2025";"magasin";"Livree";"P0041";"3";"0,00";"6675,00";"6675,00";"4046,10";"M22";"V53";"C0063"
"V005633";"03-11-2025";"web";"Livree";"P0039";"1";"0,00";"1485,00";"1485,00";"673,51";"M07";"V15";"C0118"
"V005634";"03-11-2025";"magasin";"Livree";"P0041";"2";"0,00";"4450,00";"4450,00";"2697,40";"M22";"V54";"C0203"
"V005635";"03-11-2025";"Magasin";"Livree";"P0064";"4";"5,00";"280,00";"266,00";"143,44";"M18";"V43";"C0096"
"V005636";"03-11-2025";"WEB";"Livree";"P0031";"1";"0,00";"150,00";"150,00";"92,24";"M01";"V02";"C0159"
"V005637";"03-11-2025";"Magasin";"LIVREE";"P0038";"2";"0,00";"460,00";"460,00";"238,64";"M02";"V05";"C0001"
"V005638";"03-11-2025";"Magasin";"encours";"P0059";"2";"0,00";"80,00";"80,00";"38,46";"M25";"V59";"C0147"
"V005639";"03-11-2025";"MAGASIN";"LIVREE";"P0061";"1";"5,00";"140,00";"133,00";"75,47";"M02";"V05";"C0119"
"V005640";"03-11-2025";"Magasin";"encours";"P0038";"1";"0,00";"230,00";"230,00";"119,32";"M01";"V01";"C0095"
"V005641";"03-11-2025";"Magasin";"EnCours";"P0051";"4";"5,00";"620,00";"589,00";"311,40";"M09";"V19";"C0113"
"V005642";"03-11-2025";"Magasin";"Livree";"P0018";"3";"0,00";"2595,00";"2595,00";"1323,33";"M21";"V51";"C0143"
"V005643";"03-11-2025";"Magasin";"Livree";"P0040";"1";"0,00";"1910,00";"1910,00";"1038,92";"M13";"V29";"C0023"
"V005644";"04-11-2025";"Web";"LIVREE";"P0063";"1";"0,00";"105,00";"105,00";"58,21";"M22";"V53";"C0012"
"V005645";"04-11-2025";"magasin";"LIVREE";"P0060";"2";"5,00";"80,00";"76,00";"40,92";"M20";"V48";"C0086"
"V005646";"04-11-2025";"Web";"Annulee";"P0009";"3";"0,00";"1515,00";"1515,00";"891,51";"M17";"V41";"C0041"
"V005647";"04-11-2025";"Magasin";"Livree";"P0052";"2";"0,00";"270,00";"270,00";"145,02";"M11";"V24";"C0075"
"V005648";"04-11-2025";"Magasin";"Livree";"P0020";"1";"0,00";"385,00";"385,00";"217,97";"M09";"V18";"C0004"
"V005649";"04-11-2025";"magasin";"Livree";"P0008";"1";"0,00";"495,00";"495,00";"243,76";"M06";"V12";"C0186"
"V005650";"04-11-2025";"Magasin";"Livree";"P0062";"2";"5,00";"260,00";"247,00";"132,26";"M11";"V25";"C0093"
"V005651";"04-11-2025";"magasin";"Livree";"P0052";"1";"0,00";"135,00";"135,00";"72,51";"M21";"V52";"C0102"
"V005652";"04-11-2025";"magasin";"LIVREE";"P0059";"1";"0,00";"40,00";"40,00";"19,23";"M20";"V49";"C0138"
"V005653";"04-11-2025";"Magasin";"LIVREE";"P0044";"1";"5,00";"1800,00";"1710,00";"1053,21";"M19";"V45";"C0034"
"V005654";"05-11-2025";"WEB";"EnCours";"P0046";"2";"5,00";"2070,00";"1966,50";"1230,72";"M20";"V48";"C0158"
"V005655";"05-11-2025";"WEB";"livree";"P0009";"2";"0,00";"1010,00";"1010,00";"594,34";"M08";"V16";"C0151"
"V005656";"05-11-2025";"magasin";"Annulee";"P0052";"1";"0,00";"135,00";"135,00";"72,51";"M11";"V24";"C0057"
"V005657";"05-11-2025";"Web";"LIVREE";"P0031";"2";"10,00";"300,00";"270,00";"184,48";"M13";"V31";"C0088"
"V005658";"06-11-2025";"Web";"EnCours";"P0063";"2";"0,00";"210,00";"210,00";"116,42";"M15";"V34";"C0101"
"V005659";"06-11-2025";"MAGASIN";"LIVREE";"P0048";"1";"0,00";"1760,00";"1760,00";"945,76";"M14";"V33";"C0112"
"V005660";"06-11-2025";"Magasin";"livree";"P0024";"2";"0,00";"1540,00";"1540,00";"931,78";"M23";"V55";"C0087"
"V005661";"06-11-2025";"Web";"Livree";"P0023";"4";"0,00";"2800,00";"2800,00";"1618,28";"M21";"V51";"C0199"
"V005662";"06-11-2025";"Magasin";"LIVREE";"P0029";"1";"0,00";"285,00";"285,00";"169,00";"M25";"V60";"C0126"
"V005663";"06-11-2025";"Magasin";"LIVREE";"P0056";"2";"0,00";"50,00";"50,00";"24,30";"M19";"V45";"C0059"
"V005664";"06-11-2025";"Magasin";"LIVREE";"P0028";"1";"0,00";"130,00";"130,00";"67,26";"M23";"V55";"C0150"
"V005665";"06-11-2025";"magasin";"LIVREE";"P0019";"2";"10,00";"1070,00";"963,00";"614,96";"M02";"V05";"C0169"
"V005666";"06-11-2025";"Magasin";"livree";"P0002";"2";"5,00";"1400,00";"1330,00";"705,52";"M06";"V13";"C0015"
"V005667";"06-11-2025";"Magasin";"Livree";"P0007";"3";"0,00";"2865,00";"2865,00";"1329,45";"M19";"V47";"C0182"
"V005668";"06-11-2025";"Web";"Livree";"P0060";"1";"0,00";"40,00";"40,00";"20,46";"M02";"V05";"C0210"
"V005669";"06-11-2025";"web";"livree";"P0027";"1";"0,00";"220,00";"220,00";"106,66";"M14";"V32";"C0186"
"V005670";"06-11-2025";"Web";"livree";"P0010";"1";"0,00";"955,00";"955,00";"512,94";"M08";"V16";"C0129"
"V005671";"07-11-2025";"Magasin";"LIVREE";"P0042";"1";"10,00";"2045,00";"1840,50";"1236,64";"M23";"V56";"C0068"
"V005672";"07-11-2025";"Web";"Livree";"P0027";"3";"0,00";"660,00";"660,00";"319,98";"M19";"V45";"C0050"
"V005673";"07-11-2025";"Magasin";"livree";"P0061";"1";"5,00";"140,00";"133,00";"75,47";"M01";"V01";"C0139"
"V005674";"07-11-2025";"MAGASIN";"Livree";"P0052";"1";"10,00";"135,00";"121,50";"72,51";"M10";"V20";"C0134"
"V005675";"07-11-2025";"magasin";"LIVREE";"P0028";"2";"0,00";"260,00";"260,00";"134,52";"M19";"V45";"C0159"
"V005676";"07-11-2025";"Web";"Livree";"P0062";"1";"0,00";"130,00";"130,00";"66,13";"M05";"V10";"C0109"
"V005677";"08-11-2025";"Magasin";"Livree";"P0018";"1";"5,00";"865,00";"821,75";"441,11";"M15";"V34";"C0130"
"V005678";"08-11-2025";"MAGASIN";"Livree";"P0022";"1";"0,00";"430,00";"430,00";"205,70";"M20";"V49";"C0203"
"V005679";"08-11-2025";"MAGASIN";"LIVREE";"P0054";"1";"0,00";"160,00";"160,00";"77,44";"M20";"V48";"C0085"
"V005680";"08-11-2025";"Web";"LIVREE";"P0016";"1";"0,00";"385,00";"385,00";"178,74";"M01";"V03";"C0069"
"V005681";"08-11-2025";"WEB";"livree";"P0020";"3";"5,00";"1155,00";"1097,25";"653,91";"M09";"V18";"C0148"
"V005682";"08-11-2025";"Web";"LIVREE";"P0009";"3";"10,00";"1515,00";"1363,50";"891,51";"M17";"V40";"C0051"
"V005683";"09-11-2025";"web";"LIVREE";"P0050";"4";"0,00";"920,00";"920,00";"463,32";"M08";"V17";"C0216"
"V005684";"09-11-2025";"WEB";"Livree";"P0032";"1";"0,00";"190,00";"190,00";"108,18";"M05";"V11";"C0086"
"V005685";"09-11-2025";"Magasin";"LIVREE";"P0023";"2";"0,00";"1400,00";"1400,00";"809,14";"M08";"V17";"C0103"
"V005686";"09-11-2025";"Web";"Livree";"P0002";"1";"0,00";"700,00";"700,00";"352,76";"M17";"V42";"C0207"
"V005687";"09-11-2025";"Magasin";"Livree";"P0063";"1";"0,00";"105,00";"105,00";"58,21";"M06";"V13";"C0066"
"V005688";"09-11-2025";"web";"encours";"P0049";"2";"0,00";"3540,00";"3540,00";"1596,14";"M23";"V56";"C0152"
"V005689";"09-11-2025";"magasin";"Livree";"P0053";"2";"0,00";"310,00";"310,00";"166,02";"M10";"V21";"C0189"
"V005690";"09-11-2025";"magasin";"Livree";"P0044";"1";"0,00";"1800,00";"1800,00";"1053,21";"M25";"V59";"C0089"
"V005691";"10-11-2025";"Web";"LIVREE";"P0051";"2";"5,00";"310,00";"294,50";"155,70";"M08";"V16";"C0061"
"V005692";"10-11-2025";"Magasin";"Livree";"P0020";"1";"0,00";"385,00";"385,00";"217,97";"M17";"V40";"C0009"
"V005693";"10-11-2025";"Magasin";"EnCours";"P0038";"1";"10,00";"230,00";"207,00";"119,32";"M06";"V13";"C0188"
"V005694";"10-11-2025";"Magasin";"EnCours";"P0036";"4";"0,00";"420,00";"420,00";"231,64";"M23";"V56";"C0136"
"V005695";"10-11-2025";"WEB";"Livree";"P0056";"1";"0,00";"25,00";"25,00";"12,15";"M20";"V48";"C0150"
"V005696";"10-11-2025";"web";"EnCours";"P0026";"1";"0,00";"275,00";"275,00";"137,45";"M11";"V24";"C0208"
"V005697";"10-11-2025";"Magasin";"Livree";"P0059";"1";"0,00";"40,00";"40,00";"19,23";"M08";"V17";"C0070"
"V005698";"10-11-2025";"Magasin";"Livree";"P0054";"2";"0,00";"320,00";"320,00";"154,88";"M20";"V49";"C0206"
"V005699";"11-11-2025";"Magasin";"Livree";"P0057";"2";"0,00";"40,00";"40,00";"21,78";"M23";"V56";"C0070"
"V005700";"11-11-2025";"MAGASIN";"Livree";"P0045";"2";"10,00";"650,00";"585,00";"298,38";"M13";"V30";"C0180"
"V005701";"11-11-2025";"Magasin";"Livree";"P0061";"2";"5,00";"280,00";"266,00";"150,94";"M16";"V38";"C0097"
"V005702";"11-11-2025";"Magasin";"LIVREE";"P0028";"2";"5,00";"260,00";"247,00";"134,52";"M24";"V57";"C0110"
"V005703";"11-11-2025";"Web";"Livree";"P0055";"2";"0,00";"80,00";"80,00";"38,42";"M02";"V04";"C0009"
"V005704";"11-11-2025";"Magasin";"Livree";"P0054";"1";"0,00";"160,00";"160,00";"77,44";"M13";"V29";"C0156"
"V005705";"12-11-2025";"WEB";"Livree";"P0057";"1";"0,00";"20,00";"20,00";"10,89";"M22";"V54";"C0137"
"V005706";"12-11-2025";"Magasin";"livree";"P0059";"3";"0,00";"120,00";"120,00";"57,69";"M08";"V16";"C0058"
"V005707";"12-11-2025";"MAGASIN";"Livree";"P0005";"1";"10,00";"325,00";"292,50";"148,71";"M24";"V58";"C0154"
"V005708";"12-11-2025";"Magasin";"LIVREE";"P0006";"1";"0,00";"1075,00";"1075,00";"657,19";"M21";"V51";"C0094"
"V005709";"12-11-2025";"MAGASIN";"Livree";"P0052";"1";"0,00";"135,00";"135,00";"72,51";"M19";"V47";"C0214"
"V005710";"12-11-2025";"Magasin";"LIVREE";"P0030";"2";"0,00";"530,00";"530,00";"251,98";"M09";"V18";"C0158"
"V005711";"12-11-2025";"web";"livree";"P0030";"1";"5,00";"265,00";"251,75";"125,99";"M07";"V14";"C0201"
"V005712";"12-11-2025";"Magasin";"Livree";"P0055";"2";"0,00";"80,00";"80,00";"38,42";"M08";"V17";"C0021"
"V005713";"12-11-2025";"Magasin";"livree";"P0041";"1";"10,00";"2225,00";"2002,50";"1348,70";"M09";"V18";"C0090"
"V005714";"13-11-2025";"MAGASIN";"livree";"P0013";"1";"0,00";"750,00";"750,00";"338,18";"M01";"V03";"C0098"
"V005715";"13-11-2025";"web";"Livree";"P0055";"1";"0,00";"40,00";"40,00";"19,21";"M09";"V18";"C0146"
"V005716";"13-11-2025";"Magasin";"Livree";"P0060";"1";"0,00";"40,00";"40,00";"20,46";"M22";"V53";"C0198"
"V005717";"13-11-2025";"Magasin";"Livree";"P0037";"1";"0,00";"230,00";"230,00";"115,95";"M03";"V06";"C0201"
"V005718";"13-11-2025";"Magasin";"Livree";"P0039";"2";"0,00";"2970,00";"2970,00";"1347,02";"M09";"V18";"C0042"
"V005719";"13-11-2025";"MAGASIN";"Livree";"P0060";"2";"0,00";"80,00";"80,00";"40,92";"M19";"V46";"C0048"
"V005720";"13-11-2025";"Magasin";"livree";"P0037";"1";"0,00";"230,00";"230,00";"115,95";"M18";"V44";"C0190"
"V005721";"13-11-2025";"Magasin";"Annulee";"P0004";"2";"0,00";"1920,00";"1920,00";"1123,74";"M20";"V48";"C0165"
"V005722";"13-11-2025";"Magasin";"Livree";"P0053";"1";"5,00";"155,00";"147,25";"83,01";"M03";"V06";"C0195"
"V005723";"13-11-2025";"WEB";"Livree";"P0012";"2";"0,00";"2020,00";"2020,00";"1177,08";"M19";"V46";"C0043"
"V005724";"14-11-2025";"Magasin";"livree";"P0051";"1";"0,00";"155,00";"155,00";"77,85";"M06";"V12";"C0138"
"V005725";"14-11-2025";"Magasin";"Livree";"P0034";"2";"5,00";"400,00";"380,00";"236,88";"M07";"V14";"C0134"
"V005726";"14-11-2025";"Magasin";"LIVREE";"P0056";"3";"0,00";"75,00";"75,00";"36,45";"M14";"V32";"C0215"
"V005727";"14-11-2025";"Magasin";"Annulee";"P0059";"3";"0,00";"120,00";"120,00";"57,69";"M18";"V44";"C0218"
"V005728";"15-11-2025";"magasin";"LIVREE";"P0039";"1";"0,00";"1485,00";"1485,00";"673,51";"M18";"V43";"C0008"
"V005729";"15-11-2025";"web";"Livree";"P0060";"4";"0,00";"160,00";"160,00";"81,84";"M14";"V33";"C0188"
"V005730";"15-11-2025";"WEB";"Livree";"P0045";"1";"0,00";"325,00";"325,00";"149,19";"M15";"V36";"C0132"
"V005731";"15-11-2025";"magasin";"Livree";"P0050";"1";"0,00";"230,00";"230,00";"115,83";"M14";"V32";"C0054"
"V005732";"16-11-2025";"Magasin";"Livree";"P0039";"1";"0,00";"1485,00";"1485,00";"673,51";"M16";"V38";"C0217"
"V005733";"16-11-2025";"MAGASIN";"LIVREE";"P0052";"4";"0,00";"540,00";"540,00";"290,04";"M09";"V19";"C0031"
"V005734";"16-11-2025";"Magasin";"Livree";"P0048";"1";"0,00";"1760,00";"1760,00";"945,76";"M08";"V17";"C0014"
"V005735";"16-11-2025";"magasin";"LIVREE";"P0009";"1";"0,00";"505,00";"505,00";"297,17";"M22";"V53";"C0157"
"V005736";"16-11-2025";"WEB";"livree";"P0055";"1";"0,00";"40,00";"40,00";"19,21";"M24";"V57";"C0005"
"V005737";"16-11-2025";"Magasin";"Livree";"P0054";"3";"10,00";"480,00";"432,00";"232,32";"M07";"V14";"C0040"
"V005738";"16-11-2025";"Magasin";"Annulee";"P0052";"2";"5,00";"270,00";"256,50";"145,02";"M06";"V12";"C0012"
"V005739";"16-11-2025";"Magasin";"Livree";"P0044";"2";"10,00";"3600,00";"3240,00";"2106,42";"M20";"V50";"C0212"
"V005740";"16-11-2025";"WEB";"livree";"P0046";"1";"5,00";"1035,00";"983,25";"615,36";"M22";"V53";"C0201"
"V005741";"16-11-2025";"MAGASIN";"Livree";"P0045";"2";"0,00";"650,00";"650,00";"298,38";"M10";"V20";"C0120"
"V005742";"16-11-2025";"web";"Annulee";"P0026";"1";"0,00";"275,00";"275,00";"137,45";"M03";"V07";"C0113"
"V005743";"16-11-2025";"web";"Livree";"P0045";"2";"0,00";"650,00";"650,00";"298,38";"M02";"V04";"C0038"
"V005744";"16-11-2025";"Web";"Livree";"P0039";"2";"0,00";"2970,00";"2970,00";"1347,02";"M18";"V43";"C0006"
"V005745";"16-11-2025";"WEB";"Annulee";"P0026";"4";"0,00";"1100,00";"1100,00";"549,80";"M14";"V32";"C0057"
"V005746";"16-11-2025";"Magasin";"Annulee";"P0028";"1";"0,00";"130,00";"130,00";"67,26";"M08";"V17";"C0015"
"V005747";"17-11-2025";"Web";"LIVREE";"P0057";"1";"0,00";"20,00";"20,00";"10,89";"M10";"V20";"C0087"
"V005748";"17-11-2025";"Web";"livree";"P0052";"3";"0,00";"405,00";"405,00";"217,53";"M22";"V53";"C0197"
"V005749";"17-11-2025";"WEB";"LIVREE";"P0018";"1";"0,00";"865,00";"865,00";"441,11";"M03";"V07";"C0200"
"V005750";"17-11-2025";"Magasin";"Livree";"P0060";"3";"0,00";"120,00";"120,00";"61,38";"M02";"V04";"C0090"
"V005751";"17-11-2025";"Magasin";"Livree";"P0020";"3";"0,00";"1155,00";"1155,00";"653,91";"M23";"V56";"C0016"
"V005752";"17-11-2025";"magasin";"Livree";"P0024";"2";"10,00";"1540,00";"1386,00";"931,78";"M25";"V60";"C0181"
"V005753";"17-11-2025";"Magasin";"Livree";"P0036";"1";"0,00";"105,00";"105,00";"57,91";"M16";"V37";"C0214"
"V005754";"17-11-2025";"magasin";"EnCours";"P0030";"1";"0,00";"265,00";"265,00";"125,99";"M09";"V19";"C0100"
"V005755";"17-11-2025";"MAGASIN";"livree";"P0033";"1";"0,00";"50,00";"50,00";"22,73";"M21";"V51";"C0084"
"V005756";"18-11-2025";"magasin";"LIVREE";"P0053";"2";"0,00";"310,00";"310,00";"166,02";"M07";"V14";"C0097"
"V005757";"18-11-2025";"Magasin";"livree";"P0051";"2";"5,00";"310,00";"294,50";"155,70";"M13";"V31";"C0122"
"V005758";"18-11-2025";"Web";"LIVREE";"P0042";"2";"0,00";"4090,00";"4090,00";"2473,28";"M03";"V06";"C0185"
"V005759";"18-11-2025";"MAGASIN";"LIVREE";"P0059";"1";"0,00";"40,00";"40,00";"19,23";"M10";"V22";"C0012"
"V005760";"18-11-2025";"Web";"Livree";"P0056";"1";"5,00";"25,00";"23,75";"12,15";"M12";"V28";"C0077"
"V005761";"18-11-2025";"Magasin";"Livree";"P0022";"1";"0,00";"430,00";"430,00";"205,70";"M11";"V25";"C0067"
"V005762";"18-11-2025";"WEB";"livree";"P0050";"3";"10,00";"690,00";"621,00";"347,49";"M03";"V06";"C0027"
"V005763";"19-11-2025";"Magasin";"LIVREE";"P0037";"2";"0,00";"460,00";"460,00";"231,90";"M14";"V32";"C0026"
"V005764";"19-11-2025";"MAGASIN";"encours";"P0064";"3";"5,00";"210,00";"199,50";"107,58";"M11";"V23";"C0041"
"V005765";"19-11-2025";"web";"Livree";"P0027";"3";"0,00";"660,00";"660,00";"319,98";"M10";"V21";"C0083"
"V005766";"19-11-2025";"magasin";"Livree";"P0026";"1";"0,00";"275,00";"275,00";"137,45";"M15";"V36";"C0147"
"V005767";"19-11-2025";"WEB";"Livree";"P0064";"1";"0,00";"70,00";"70,00";"35,86";"M17";"V42";"C0058"
"V005768";"19-11-2025";"Magasin";"Livree";"P0018";"1";"0,00";"865,00";"865,00";"441,11";"M09";"V19";"C0111"
"V005769";"19-11-2025";"magasin";"LIVREE";"P0041";"1";"5,00";"2225,00";"2113,75";"1348,70";"M25";"V59";"C0078"
"V005770";"19-11-2025";"WEB";"Livree";"P0021";"3";"0,00";"1230,00";"1230,00";"568,23";"M08";"V17";"C0133"
"V005771";"19-11-2025";"magasin";"Livree";"P0054";"3";"10,00";"480,00";"432,00";"232,32";"M19";"V47";"C0168"
"V005772";"20-11-2025";"magasin";"Annulee";"P0025";"1";"0,00";"55,00";"55,00";"32,37";"M02";"V05";"C0039"
"V005773";"20-11-2025";"Magasin";"EnCours";"P0063";"2";"0,00";"210,00";"210,00";"116,42";"M21";"V52";"C0162"
"V005774";"20-11-2025";"Magasin";"LIVREE";"P0044";"2";"5,00";"3600,00";"3420,00";"2106,42";"M14";"V32";"C0070"
"V005775";"20-11-2025";"Magasin";"livree";"P0007";"2";"5,00";"1910,00";"1814,50";"886,30";"M20";"V50";"C0207"
"V005776";"20-11-2025";"Web";"LIVREE";"P0032";"1";"0,00";"190,00";"190,00";"108,18";"M02";"V04";"C0045"
"V005777";"20-11-2025";"WEB";"LIVREE";"P0060";"1";"10,00";"40,00";"36,00";"20,46";"M03";"V06";"C0059"
"V005778";"20-11-2025";"WEB";"Livree";"P0062";"3";"0,00";"390,00";"390,00";"198,39";"M07";"V15";"C0034"
"V005779";"20-11-2025";"web";"LIVREE";"P0054";"2";"0,00";"320,00";"320,00";"154,88";"M08";"V17";"C0093"
"V005780";"21-11-2025";"Magasin";"Livree";"P0062";"2";"5,00";"260,00";"247,00";"132,26";"M23";"V56";"C0002"
"V005781";"21-11-2025";"Web";"Livree";"P0062";"3";"0,00";"390,00";"390,00";"198,39";"M02";"V05";"C0080"
"V005782";"21-11-2025";"Magasin";"encours";"P0042";"2";"0,00";"4090,00";"4090,00";"2473,28";"M21";"V51";"C0087"
"V005783";"21-11-2025";"Web";"Livree";"P0044";"2";"0,00";"3600,00";"3600,00";"2106,42";"M17";"V41";"C0006"
"V005784";"21-11-2025";"MAGASIN";"Annulee";"P0011";"3";"5,00";"3450,00";"3277,50";"2015,91";"M05";"V11";"C0045"
"V005785";"21-11-2025";"Magasin";"encours";"P0062";"3";"0,00";"390,00";"390,00";"198,39";"M07";"V14";"C0167"
"V005786";"21-11-2025";"Magasin";"LIVREE";"P0046";"1";"10,00";"1035,00";"931,50";"615,36";"M14";"V32";"C0203"
"V005787";"21-11-2025";"magasin";"Annulee";"P0055";"1";"0,00";"40,00";"40,00";"19,21";"M23";"V56";"C0192"
"V005788";"21-11-2025";"Web";"LIVREE";"P0045";"1";"0,00";"325,00";"325,00";"149,19";"M20";"V50";"C0177"
"V005789";"22-11-2025";"WEB";"Livree";"P0059";"1";"0,00";"40,00";"40,00";"19,23";"M09";"V18";"C0078"
"V005790";"22-11-2025";"Web";"LIVREE";"P0025";"2";"0,00";"110,00";"110,00";"64,74";"M19";"V46";"C0049"
"V005791";"22-11-2025";"magasin";"Livree";"P0029";"2";"0,00";"570,00";"570,00";"338,00";"M22";"V53";"C0085"
"V005792";"23-11-2025";"web";"Annulee";"P0031";"2";"0,00";"300,00";"300,00";"184,48";"M04";"V08";"C0115"
"V005793";"23-11-2025";"Magasin";"EnCours";"P0055";"1";"0,00";"40,00";"40,00";"19,21";"M12";"V28";"C0174"
"V005794";"23-11-2025";"Magasin";"livree";"P0010";"1";"0,00";"955,00";"955,00";"512,94";"M22";"V54";"C0073"
"V005795";"23-11-2025";"Magasin";"LIVREE";"P0008";"1";"5,00";"495,00";"470,25";"243,76";"M07";"V15";"C0124"
"V005796";"23-11-2025";"Magasin";"LIVREE";"P0007";"1";"0,00";"955,00";"955,00";"443,15";"M22";"V53";"C0159"
"V005797";"23-11-2025";"Magasin";"LIVREE";"P0009";"4";"0,00";"2020,00";"2020,00";"1188,68";"M13";"V30";"C0125"
"V005798";"23-11-2025";"Magasin";"livree";"P0058";"1";"0,00";"65,00";"65,00";"31,31";"M15";"V34";"C0017"
"V005799";"23-11-2025";"Magasin";"EnCours";"P0001";"1";"10,00";"1055,00";"949,50";"627,64";"M09";"V18";"C0096"
"V005800";"23-11-2025";"WEB";"encours";"P0054";"3";"0,00";"480,00";"480,00";"232,32";"M02";"V04";"C0075"
"V005801";"24-11-2025";"MAGASIN";"Livree";"P0006";"1";"0,00";"1075,00";"1075,00";"657,19";"M13";"V31";"C0210"
"V005802";"24-11-2025";"magasin";"Livree";"P0057";"2";"5,00";"40,00";"38,00";"21,78";"M06";"V13";"C0116"
"V005803";"24-11-2025";"Web";"Livree";"P0013";"2";"0,00";"1500,00";"1500,00";"676,36";"M20";"V50";"C0040"
"V005804";"24-11-2025";"magasin";"LIVREE";"P0001";"2";"0,00";"2110,00";"2110,00";"1255,28";"M24";"V57";"C0194"
"V005805";"24-11-2025";"Web";"Livree";"P0056";"4";"0,00";"100,00";"100,00";"48,60";"M03";"V06";"C0079"
"V005806";"24-11-2025";"web";"Livree";"P0062";"2";"5,00";"260,00";"247,00";"132,26";"M13";"V29";"C0161"
"V005807";"24-11-2025";"Magasin";"Livree";"P0037";"2";"0,00";"460,00";"460,00";"231,90";"M22";"V53";"C0208"
"V005808";"24-11-2025";"Web";"Livree";"P0045";"1";"0,00";"325,00";"325,00";"149,19";"M14";"V33";"C0082"
"V005809";"24-11-2025";"magasin";"Livree";"P0027";"2";"0,00";"440,00";"440,00";"213,32";"M12";"V26";"C0185"
"V005810";"25-11-2025";"Magasin";"Livree";"P0048";"2";"5,00";"3520,00";"3344,00";"1891,52";"M20";"V49";"C0033"
"V005811";"25-11-2025";"Magasin";"Livree";"P0059";"1";"0,00";"40,00";"40,00";"19,23";"M21";"V51";"C0196"
"V005812";"25-11-2025";"Web";"Livree";"P0015";"2";"0,00";"1100,00";"1100,00";"611,50";"M12";"V27";"C0020"
"V005813";"25-11-2025";"MAGASIN";"LIVREE";"P0062";"1";"5,00";"130,00";"123,50";"66,13";"M14";"V32";"C0071"
"V005814";"25-11-2025";"web";"Livree";"P0025";"1";"10,00";"55,00";"49,50";"32,37";"M11";"V24";"C0123"
"V005815";"25-11-2025";"Magasin";"Livree";"P0029";"3";"5,00";"855,00";"812,25";"507,00";"M07";"V14";"C0169"
"V005816";"25-11-2025";"Web";"LIVREE";"P0052";"3";"5,00";"405,00";"384,75";"217,53";"M24";"V57";"C0198"
"V005817";"25-11-2025";"Magasin";"Livree";"P0037";"2";"0,00";"460,00";"460,00";"231,90";"M21";"V52";"C0180"
"V005818";"25-11-2025";"WEB";"LIVREE";"P0051";"4";"10,00";"620,00";"558,00";"311,40";"M02";"V04";"C0066"
"V005819";"25-11-2025";"Web";"EnCours";"P0033";"3";"5,00";"150,00";"142,50";"68,19";"M07";"V14";"C0121"
"V005820";"26-11-2025";"Web";"Livree";"P0058";"1";"0,00";"65,00";"65,00";"31,31";"M17";"V40";"C0060"
"V005821";"26-11-2025";"Magasin";"LIVREE";"P0050";"1";"0,00";"230,00";"230,00";"115,83";"M22";"V53";"C0028"
"V005822";"26-11-2025";"MAGASIN";"LIVREE";"P0041";"1";"0,00";"2225,00";"2225,00";"1348,70";"M25";"V59";"C0210"
"V005823";"26-11-2025";"MAGASIN";"LIVREE";"P0008";"1";"0,00";"495,00";"495,00";"243,76";"M08";"V17";"C0154"
"V005824";"26-11-2025";"MAGASIN";"Livree";"P0057";"4";"0,00";"80,00";"80,00";"43,56";"M01";"V03";"C0184"
"V005825";"26-11-2025";"web";"Livree";"P0012";"1";"5,00";"1010,00";"959,50";"588,54";"M15";"V35";"C0039"
"V005826";"26-11-2025";"Web";"LIVREE";"P0018";"1";"5,00";"865,00";"821,75";"441,11";"M07";"V15";"C0148"
"V005827";"26-11-2025";"web";"livree";"P0061";"3";"0,00";"420,00";"420,00";"226,41";"M18";"V43";"C0157"
"V005828";"26-11-2025";"Magasin";"Livree";"P0058";"4";"0,00";"260,00";"260,00";"125,24";"M22";"V54";"C0087"
"V005829";"26-11-2025";"magasin";"Livree";"P0002";"2";"5,00";"1400,00";"1330,00";"705,52";"M06";"V13";"C0078"
"V005830";"26-11-2025";"magasin";"encours";"P0040";"3";"0,00";"5730,00";"5730,00";"3116,76";"M11";"V23";"C0035"
"V005831";"26-11-2025";"Magasin";"EnCours";"P0039";"3";"0,00";"4455,00";"4455,00";"2020,53";"M02";"V04";"C0081"
"V005832";"27-11-2025";"magasin";"encours";"P0047";"1";"0,00";"1665,00";"1665,00";"1004,07";"M10";"V22";"C0057"
"V005833";"27-11-2025";"magasin";"Livree";"P0039";"1";"10,00";"1485,00";"1336,50";"673,51";"M15";"V35";"C0069"
"V005834";"27-11-2025";"magasin";"Livree";"P0012";"3";"0,00";"3030,00";"3030,00";"1765,62";"M23";"V55";"C0109"
"V005835";"27-11-2025";"MAGASIN";"LIVREE";"P0003";"4";"0,00";"2840,00";"2840,00";"1581,32";"M04";"V08";"C0022"
"V005836";"28-11-2025";"Magasin";"Livree";"P0036";"2";"0,00";"210,00";"210,00";"115,82";"M07";"V14";"C0011"
"V005837";"28-11-2025";"MAGASIN";"livree";"P0012";"1";"0,00";"1010,00";"1010,00";"588,54";"M01";"V03";"C0152"
"V005838";"28-11-2025";"Magasin";"Livree";"P0038";"2";"0,00";"460,00";"460,00";"238,64";"M12";"V27";"C0043"
"V005839";"28-11-2025";"MAGASIN";"livree";"P0054";"1";"0,00";"160,00";"160,00";"77,44";"M04";"V09";"C0219"
"V005840";"28-11-2025";"MAGASIN";"Livree";"P0055";"1";"0,00";"40,00";"40,00";"19,21";"M04";"V09";"C0128"
"V005841";"28-11-2025";"WEB";"Livree";"P0061";"1";"0,00";"140,00";"140,00";"75,47";"M10";"V22";"C0056"
"V005842";"28-11-2025";"Magasin";"LIVREE";"P0016";"2";"0,00";"770,00";"770,00";"357,48";"M07";"V14";"C0070"
"V005843";"28-11-2025";"WEB";"LIVREE";"P0029";"2";"0,00";"570,00";"570,00";"338,00";"M12";"V28";"C0119"
"V005844";"28-11-2025";"Magasin";"EnCours";"P0058";"3";"5,00";"195,00";"185,25";"93,93";"M06";"V13";"C0097"
"V005845";"28-11-2025";"magasin";"Livree";"P0051";"4";"0,00";"620,00";"620,00";"311,40";"M19";"V47";"C0074"
"V005846";"28-11-2025";"web";"Livree";"P0039";"2";"0,00";"2970,00";"2970,00";"1347,02";"M02";"V04";"C0128"
"V005847";"29-11-2025";"web";"Livree";"P0045";"1";"0,00";"325,00";"325,00";"149,19";"M17";"V42";"C0170"
"V005848";"30-11-2025";"Magasin";"livree";"P0047";"1";"0,00";"1665,00";"1665,00";"1004,07";"M01";"V01";"C0005"
"V005849";"30-11-2025";"magasin";"Livree";"P0052";"1";"0,00";"135,00";"135,00";"72,51";"M20";"V48";"C0213"
"V005850";"30-11-2025";"WEB";"Livree";"P0054";"1";"0,00";"160,00";"160,00";"77,44";"M23";"V55";"C0124"
"V005851";"30-11-2025";"magasin";"Livree";"P0063";"2";"0,00";"210,00";"210,00";"116,42";"M15";"V34";"C0126"
"V005852";"30-11-2025";"Web";"Livree";"P0003";"3";"5,00";"2130,00";"2023,50";"1185,99";"M21";"V51";"C0186"
"V005853";"30-11-2025";"magasin";"LIVREE";"P0050";"1";"5,00";"230,00";"218,50";"115,83";"M09";"V19";"C0123"
"V005854";"30-11-2025";"Magasin";"EnCours";"P0063";"2";"5,00";"210,00";"199,50";"116,42";"M17";"V42";"C0199"
"V005855";"30-11-2025";"WEB";"Livree";"P0051";"1";"10,00";"155,00";"139,50";"77,85";"M17";"V41";"C0152"
"V005856";"01-12-2025";"Magasin";"LIVREE";"P0059";"1";"0,00";"40,00";"40,00";"19,23";"M17";"V42";"C0002"
"V005857";"01-12-2025";"MAGASIN";"Livree";"P0003";"2";"0,00";"1420,00";"1420,00";"790,66";"M05";"V10";"C0011"
"V005858";"01-12-2025";"Magasin";"livree";"P0028";"3";"0,00";"390,00";"390,00";"201,78";"M20";"V49";"C0102"
"V005859";"01-12-2025";"Magasin";"Livree";"P0010";"1";"10,00";"955,00";"859,50";"512,94";"M22";"V54";"C0199"
"V005860";"01-12-2025";"MAGASIN";"EnCours";"P0042";"1";"5,00";"2045,00";"1942,75";"1236,64";"M04";"V09";"C0201"
"V005861";"01-12-2025";"Magasin";"LIVREE";"P0042";"1";"0,00";"2045,00";"2045,00";"1236,64";"M24";"V58";"C0190"
"V005862";"01-12-2025";"MAGASIN";"LIVREE";"P0010";"1";"0,00";"955,00";"955,00";"512,94";"M20";"V48";"C0138"
"V005863";"02-12-2025";"Web";"Livree";"P0048";"1";"0,00";"1760,00";"1760,00";"945,76";"M16";"V39";"C0035"
"V005864";"02-12-2025";"Magasin";"encours";"P0017";"1";"0,00";"450,00";"450,00";"256,83";"M06";"V12";"C0089"
"V005865";"02-12-2025";"Web";"Livree";"P0040";"1";"0,00";"1910,00";"1910,00";"1038,92";"M13";"V29";"C0004"
"V005866";"02-12-2025";"WEB";"Annulee";"P0011";"2";"5,00";"2300,00";"2185,00";"1343,94";"M25";"V59";"C0212"
"V005867";"02-12-2025";"Magasin";"LIVREE";"P0007";"1";"0,00";"955,00";"955,00";"443,15";"M05";"V11";"C0108"
"V005868";"02-12-2025";"web";"Livree";"P0064";"2";"0,00";"140,00";"140,00";"71,72";"M07";"V15";"C0114"
"V005869";"02-12-2025";"MAGASIN";"LIVREE";"P0021";"4";"0,00";"1640,00";"1640,00";"757,64";"M02";"V04";"C0120"
"V005870";"02-12-2025";"WEB";"livree";"P0057";"1";"5,00";"20,00";"19,00";"10,89";"M24";"V57";"C0156"
"V005871";"02-12-2025";"magasin";"Livree";"P0018";"2";"5,00";"1730,00";"1643,50";"882,22";"M10";"V22";"C0071"
"V005872";"02-12-2025";"Magasin";"Livree";"P0058";"2";"0,00";"130,00";"130,00";"62,62";"M24";"V58";"C0065"
"V005873";"02-12-2025";"Web";"LIVREE";"P0017";"1";"0,00";"450,00";"450,00";"256,83";"M01";"V03";"C0217"
"V005874";"02-12-2025";"Magasin";"livree";"P0058";"1";"5,00";"65,00";"61,75";"31,31";"M07";"V14";"C0001"
"V005875";"02-12-2025";"Magasin";"Livree";"P0010";"1";"5,00";"955,00";"907,25";"512,94";"M07";"V14";"C0015"
"V005876";"02-12-2025";"WEB";"Livree";"P0001";"1";"5,00";"1055,00";"1002,25";"627,64";"M03";"V06";"C0120"
"V005877";"02-12-2025";"Magasin";"Annulee";"P0009";"3";"5,00";"1515,00";"1439,25";"891,51";"M08";"V16";"C0077"
"V005878";"03-12-2025";"Magasin";"LIVREE";"P0057";"1";"0,00";"20,00";"20,00";"10,89";"M20";"V48";"C0127"
"V005879";"03-12-2025";"Web";"encours";"P0057";"1";"10,00";"20,00";"18,00";"10,89";"M19";"V47";"C0005"
"V005880";"03-12-2025";"Magasin";"Livree";"P0054";"1";"0,00";"160,00";"160,00";"77,44";"M01";"V03";"C0054"
"V005881";"03-12-2025";"MAGASIN";"livree";"P0019";"2";"0,00";"1070,00";"1070,00";"614,96";"M03";"V07";"C0178"
"V005882";"03-12-2025";"Web";"Livree";"P0012";"1";"5,00";"1010,00";"959,50";"588,54";"M11";"V24";"C0063"
"V005883";"03-12-2025";"MAGASIN";"EnCours";"P0023";"1";"0,00";"700,00";"700,00";"404,57";"M16";"V39";"C0209"
"V005884";"03-12-2025";"Magasin";"Livree";"P0012";"1";"5,00";"1010,00";"959,50";"588,54";"M19";"V47";"C0164"
"V005885";"03-12-2025";"Magasin";"Livree";"P0063";"1";"5,00";"105,00";"99,75";"58,21";"M05";"V10";"C0085"
"V005886";"03-12-2025";"WEB";"livree";"P0035";"1";"0,00";"170,00";"170,00";"91,98";"M06";"V13";"C0168"
"V005887";"04-12-2025";"MAGASIN";"livree";"P0056";"4";"0,00";"100,00";"100,00";"48,60";"M18";"V44";"C0130"
"V005888";"04-12-2025";"Magasin";"livree";"P0010";"1";"0,00";"955,00";"955,00";"512,94";"M16";"V37";"C0001"
"V005889";"04-12-2025";"Magasin";"Annulee";"P0052";"2";"0,00";"270,00";"270,00";"145,02";"M01";"V01";"C0204"
"V005890";"04-12-2025";"Web";"encours";"P0031";"3";"0,00";"450,00";"450,00";"276,72";"M10";"V20";"C0065"
"V005891";"04-12-2025";"Web";"Livree";"P0007";"1";"0,00";"955,00";"955,00";"443,15";"M18";"V44";"C0158"
"V005892";"04-12-2025";"Magasin";"Livree";"P0014";"1";"0,00";"635,00";"635,00";"333,47";"M04";"V08";"C0142"
"V005893";"04-12-2025";"Magasin";"Annulee";"P0022";"1";"0,00";"430,00";"430,00";"205,70";"M01";"V02";"C0006"
"V005894";"04-12-2025";"Magasin";"Livree";"P0058";"2";"5,00";"130,00";"123,50";"62,62";"M03";"V07";"C0085"
"V005895";"04-12-2025";"Magasin";"Livree";"P0045";"2";"10,00";"650,00";"585,00";"298,38";"M07";"V14";"C0102"
"V005896";"04-12-2025";"WEB";"LIVREE";"P0017";"1";"10,00";"450,00";"405,00";"256,83";"M23";"V56";"C0200"
"V005897";"04-12-2025";"Magasin";"Livree";"P0005";"2";"0,00";"650,00";"650,00";"297,42";"M19";"V47";"C0011"
"V005898";"04-12-2025";"Web";"Livree";"P0010";"1";"0,00";"955,00";"955,00";"512,94";"M09";"V19";"C0149"
"V005899";"04-12-2025";"Web";"Livree";"P0017";"1";"10,00";"450,00";"405,00";"256,83";"M16";"V39";"C0062"
"V005900";"04-12-2025";"Magasin";"Livree";"P0002";"2";"0,00";"1400,00";"1400,00";"705,52";"M05";"V10";"C0014"
"V005901";"05-12-2025";"magasin";"LIVREE";"P0056";"1";"0,00";"25,00";"25,00";"12,15";"M09";"V19";"C0071"
"V005902";"05-12-2025";"Magasin";"Annulee";"P0030";"2";"0,00";"530,00";"530,00";"251,98";"M20";"V48";"C0032"
"V005903";"05-12-2025";"WEB";"Livree";"P0054";"4";"5,00";"640,00";"608,00";"309,76";"M10";"V20";"C0138"
"V005904";"05-12-2025";"Web";"LIVREE";"P0020";"1";"10,00";"385,00";"346,50";"217,97";"M07";"V14";"C0151"
"V005905";"05-12-2025";"MAGASIN";"Livree";"P0053";"1";"0,00";"155,00";"155,00";"83,01";"M07";"V14";"C0154"
"V005906";"05-12-2025";"MAGASIN";"Annulee";"P0004";"1";"0,00";"960,00";"960,00";"561,87";"M09";"V18";"C0178"
"V005907";"05-12-2025";"MAGASIN";"LIVREE";"P0018";"2";"0,00";"1730,00";"1730,00";"882,22";"M08";"V16";"C0080"
"V005908";"05-12-2025";"Magasin";"Livree";"P0001";"1";"5,00";"1055,00";"1002,25";"627,64";"M01";"V02";"C0053"
"V005909";"05-12-2025";"Magasin";"Livree";"P0060";"1";"5,00";"40,00";"38,00";"20,46";"M14";"V33";"C0086"
"V005910";"05-12-2025";"Magasin";"Livree";"P0020";"1";"0,00";"385,00";"385,00";"217,97";"M23";"V56";"C0119"
"V005911";"05-12-2025";"Magasin";"Livree";"P0010";"2";"0,00";"1910,00";"1910,00";"1025,88";"M12";"V28";"C0052"
"V005912";"05-12-2025";"MAGASIN";"Livree";"P0002";"1";"5,00";"700,00";"665,00";"352,76";"M18";"V44";"C0127"
"V005913";"06-12-2025";"Magasin";"Annulee";"P0059";"1";"10,00";"40,00";"36,00";"19,23";"M02";"V05";"C0031"
"V005914";"06-12-2025";"Magasin";"livree";"P0055";"1";"0,00";"40,00";"40,00";"19,21";"M20";"V50";"C0022"
"V005915";"06-12-2025";"Magasin";"LIVREE";"P0024";"4";"0,00";"3080,00";"3080,00";"1863,56";"M25";"V60";"C0178"
"V005916";"06-12-2025";"Magasin";"Livree";"P0050";"1";"0,00";"230,00";"230,00";"115,83";"M19";"V47";"C0111"
"V005917";"06-12-2025";"MAGASIN";"Livree";"P0043";"1";"0,00";"2230,00";"2230,00";"1198,97";"M11";"V23";"C0024"
"V005918";"06-12-2025";"Magasin";"LIVREE";"P0046";"1";"0,00";"1035,00";"1035,00";"615,36";"M21";"V51";"C0084"
"V005919";"06-12-2025";"Web";"LIVREE";"P0023";"1";"0,00";"700,00";"700,00";"404,57";"M20";"V50";"C0164"
"V005920";"06-12-2025";"WEB";"Livree";"P0053";"3";"0,00";"465,00";"465,00";"249,03";"M18";"V43";"C0036"
"V005921";"06-12-2025";"MAGASIN";"Livree";"P0010";"3";"0,00";"2865,00";"2865,00";"1538,82";"M22";"V53";"C0001"
"V005922";"06-12-2025";"WEB";"Livree";"P0009";"2";"10,00";"1010,00";"909,00";"594,34";"M11";"V25";"C0082"
"V005923";"06-12-2025";"Web";"livree";"P0005";"1";"0,00";"325,00";"325,00";"148,71";"M10";"V21";"C0079"
"V005924";"06-12-2025";"MAGASIN";"LIVREE";"P0046";"1";"0,00";"1035,00";"1035,00";"615,36";"M22";"V54";"C0095"
"V005925";"06-12-2025";"magasin";"Livree";"P0036";"2";"0,00";"210,00";"210,00";"115,82";"M17";"V40";"C0219"
"V005926";"07-12-2025";"MAGASIN";"Livree";"P0001";"2";"0,00";"2110,00";"2110,00";"1255,28";"M21";"V51";"C0128"
"V005927";"07-12-2025";"Magasin";"Livree";"P0002";"1";"10,00";"700,00";"630,00";"352,76";"M13";"V30";"C0155"
"V005928";"07-12-2025";"MAGASIN";"EnCours";"P0015";"1";"0,00";"550,00";"550,00";"305,75";"M06";"V12";"C0024"
"V005929";"07-12-2025";"magasin";"Livree";"P0058";"1";"5,00";"65,00";"61,75";"31,31";"M21";"V52";"C0074"
"V005930";"07-12-2025";"Magasin";"LIVREE";"P0015";"2";"0,00";"1100,00";"1100,00";"611,50";"M15";"V36";"C0102"
"V005931";"07-12-2025";"Magasin";"Livree";"P0011";"1";"10,00";"1150,00";"1035,00";"671,97";"M04";"V08";"C0110"
"V005932";"07-12-2025";"MAGASIN";"Livree";"P0049";"3";"0,00";"5310,00";"5310,00";"2394,21";"M04";"V09";"C0048"
"V005933";"07-12-2025";"magasin";"EnCours";"P0055";"1";"0,00";"40,00";"40,00";"19,21";"M02";"V04";"C0028"
"V005934";"07-12-2025";"MAGASIN";"Livree";"P0020";"2";"0,00";"770,00";"770,00";"435,94";"M04";"V08";"C0102"
"V005935";"07-12-2025";"WEB";"LIVREE";"P0054";"2";"0,00";"320,00";"320,00";"154,88";"M17";"V40";"C0142"
"V005936";"07-12-2025";"Web";"Livree";"P0059";"3";"0,00";"120,00";"120,00";"57,69";"M20";"V49";"C0050"
"V005937";"07-12-2025";"Magasin";"Annulee";"P0056";"2";"0,00";"50,00";"50,00";"24,30";"M25";"V59";"C0065"
"V005938";"07-12-2025";"MAGASIN";"Livree";"P0020";"2";"0,00";"770,00";"770,00";"435,94";"M10";"V20";"C0214"
"V005939";"07-12-2025";"WEB";"Livree";"P0019";"1";"0,00";"535,00";"535,00";"307,48";"M25";"V59";"C0055"
"V005940";"08-12-2025";"web";"Livree";"P0036";"1";"0,00";"105,00";"105,00";"57,91";"M04";"V08";"C0187"
"V005941";"08-12-2025";"Magasin";"livree";"P0017";"1";"5,00";"450,00";"427,50";"256,83";"M09";"V18";"C0041"
"V005942";"08-12-2025";"MAGASIN";"Livree";"P0003";"2";"0,00";"1420,00";"1420,00";"790,66";"M25";"V60";"C0206"
"V005943";"08-12-2025";"MAGASIN";"Livree";"P0023";"2";"0,00";"1400,00";"1400,00";"809,14";"M06";"V13";"C0107"
"V005944";"08-12-2025";"Magasin";"Livree";"P0021";"1";"5,00";"410,00";"389,50";"189,41";"M18";"V43";"C0147"
"V005945";"08-12-2025";"MAGASIN";"Livree";"P0006";"1";"0,00";"1075,00";"1075,00";"657,19";"M01";"V02";"C0122"
"V005946";"08-12-2025";"Web";"Annulee";"P0039";"4";"0,00";"5940,00";"5940,00";"2694,04";"M02";"V05";"C0054"
"V005947";"08-12-2025";"Magasin";"encours";"P0060";"1";"0,00";"40,00";"40,00";"20,46";"M19";"V46";"C0017"
"V005948";"08-12-2025";"magasin";"encours";"P0055";"3";"10,00";"120,00";"108,00";"57,63";"M01";"V01";"C0014"
"V005949";"08-12-2025";"Magasin";"Livree";"P0023";"4";"0,00";"2800,00";"2800,00";"1618,28";"M24";"V58";"C0208"
"V005950";"08-12-2025";"Magasin";"Livree";"P0042";"2";"0,00";"4090,00";"4090,00";"2473,28";"M17";"V42";"C0185"
"V005951";"08-12-2025";"Magasin";"LIVREE";"P0060";"1";"0,00";"40,00";"40,00";"20,46";"M04";"V08";"C0162"
"V005952";"08-12-2025";"Magasin";"Livree";"P0020";"1";"0,00";"385,00";"385,00";"217,97";"M17";"V42";"C0128"
"V005953";"09-12-2025";"magasin";"Livree";"P0064";"1";"0,00";"70,00";"70,00";"35,86";"M19";"V46";"C0007"
"V005954";"09-12-2025";"Web";"livree";"P0061";"3";"0,00";"420,00";"420,00";"226,41";"M06";"V12";"C0179"
"V005955";"09-12-2025";"Magasin";"LIVREE";"P0016";"1";"0,00";"385,00";"385,00";"178,74";"M24";"V58";"C0139"
"V005956";"09-12-2025";"Magasin";"LIVREE";"P0063";"1";"5,00";"105,00";"99,75";"58,21";"M21";"V51";"C0076"
"V005957";"09-12-2025";"MAGASIN";"LIVREE";"P0053";"3";"0,00";"465,00";"465,00";"249,03";"M07";"V15";"C0220"
"V005958";"09-12-2025";"Web";"livree";"P0002";"1";"0,00";"700,00";"700,00";"352,76";"M09";"V18";"C0119"
"V005959";"09-12-2025";"magasin";"Livree";"P0041";"1";"0,00";"2225,00";"2225,00";"1348,70";"M13";"V31";"C0052"
"V005960";"09-12-2025";"Web";"LIVREE";"P0015";"3";"0,00";"1650,00";"1650,00";"917,25";"M18";"V44";"C0133"
"V005961";"09-12-2025";"MAGASIN";"LIVREE";"P0014";"2";"0,00";"1270,00";"1270,00";"666,94";"M23";"V55";"C0179"
"V005962";"09-12-2025";"MAGASIN";"LIVREE";"P0007";"2";"5,00";"1910,00";"1814,50";"886,30";"M14";"V32";"C0049"
"V005963";"09-12-2025";"MAGASIN";"LIVREE";"P0007";"1";"0,00";"955,00";"955,00";"443,15";"M10";"V22";"C0113"
"V005964";"09-12-2025";"Magasin";"Livree";"P0062";"2";"0,00";"260,00";"260,00";"132,26";"M05";"V10";"C0132"
"V005965";"09-12-2025";"magasin";"livree";"P0018";"2";"0,00";"1730,00";"1730,00";"882,22";"M03";"V07";"C0132"
"V005966";"09-12-2025";"Web";"encours";"P0002";"1";"0,00";"700,00";"700,00";"352,76";"M23";"V55";"C0188"
"V005967";"09-12-2025";"Magasin";"LIVREE";"P0061";"1";"0,00";"140,00";"140,00";"75,47";"M12";"V26";"C0032"
"V005968";"10-12-2025";"Web";"Livree";"P0064";"2";"0,00";"140,00";"140,00";"71,72";"M01";"V01";"C0194"
"V005969";"10-12-2025";"MAGASIN";"Annulee";"P0013";"1";"0,00";"750,00";"750,00";"338,18";"M01";"V01";"C0006"
"V005970";"10-12-2025";"Web";"EnCours";"P0011";"1";"0,00";"1150,00";"1150,00";"671,97";"M02";"V04";"C0008"
"V005971";"10-12-2025";"Magasin";"encours";"P0011";"2";"0,00";"2300,00";"2300,00";"1343,94";"M25";"V60";"C0150"
"V005972";"10-12-2025";"magasin";"livree";"P0040";"4";"0,00";"7640,00";"7640,00";"4155,68";"M24";"V58";"C0015"
"V005973";"10-12-2025";"Web";"Livree";"P0039";"1";"0,00";"1485,00";"1485,00";"673,51";"M12";"V28";"C0182"
"V005974";"10-12-2025";"Web";"LIVREE";"P0020";"1";"0,00";"385,00";"385,00";"217,97";"M04";"V09";"C0200"
"V005975";"10-12-2025";"Web";"LIVREE";"P0005";"1";"5,00";"325,00";"308,75";"148,71";"M19";"V47";"C0010"
"V005976";"10-12-2025";"magasin";"LIVREE";"P0009";"2";"0,00";"1010,00";"1010,00";"594,34";"M21";"V51";"C0011"
"V005977";"10-12-2025";"MAGASIN";"EnCours";"P0013";"1";"0,00";"750,00";"750,00";"338,18";"M07";"V15";"C0114"
"V005978";"10-12-2025";"MAGASIN";"Livree";"P0010";"1";"0,00";"955,00";"955,00";"512,94";"M06";"V12";"C0151"
"V005979";"10-12-2025";"Magasin";"encours";"P0052";"1";"0,00";"135,00";"135,00";"72,51";"M09";"V19";"C0040"
"V005980";"11-12-2025";"magasin";"Livree";"P0051";"3";"10,00";"465,00";"418,50";"233,55";"M04";"V08";"C0202"
"V005981";"11-12-2025";"Magasin";"LIVREE";"P0011";"1";"0,00";"1150,00";"1150,00";"671,97";"M13";"V29";"C0121"
"V005982";"11-12-2025";"Web";"Livree";"P0005";"1";"0,00";"325,00";"325,00";"148,71";"M16";"V37";"C0057"
"V005983";"11-12-2025";"Web";"EnCours";"P0018";"1";"10,00";"865,00";"778,50";"441,11";"M14";"V32";"C0001"
"V005984";"11-12-2025";"magasin";"Livree";"P0037";"3";"0,00";"690,00";"690,00";"347,85";"M24";"V57";"C0011"
"V005985";"11-12-2025";"magasin";"LIVREE";"P0053";"1";"0,00";"155,00";"155,00";"83,01";"M06";"V12";"C0209"
"V005986";"11-12-2025";"MAGASIN";"Livree";"P0009";"2";"5,00";"1010,00";"959,50";"594,34";"M03";"V07";"C0209"
"V005987";"11-12-2025";"magasin";"Livree";"P0009";"2";"0,00";"1010,00";"1010,00";"594,34";"M20";"V49";"C0062"
"V005988";"11-12-2025";"Magasin";"Livree";"P0011";"1";"0,00";"1150,00";"1150,00";"671,97";"M11";"V24";"C0024"
"V005989";"11-12-2025";"MAGASIN";"Livree";"P0051";"3";"0,00";"465,00";"465,00";"233,55";"M04";"V09";"C0040"
"V005990";"11-12-2025";"magasin";"Livree";"P0064";"4";"0,00";"280,00";"280,00";"143,44";"M17";"V41";"C0150"
"V005991";"12-12-2025";"Web";"Livree";"P0028";"1";"0,00";"130,00";"130,00";"67,26";"M10";"V20";"C0122"
"V005992";"12-12-2025";"Web";"livree";"P0018";"4";"0,00";"3460,00";"3460,00";"1764,44";"M06";"V13";"C0119"
"V005993";"12-12-2025";"WEB";"encours";"P0011";"1";"5,00";"1150,00";"1092,50";"671,97";"M16";"V38";"C0201"
"V005994";"12-12-2025";"MAGASIN";"Livree";"P0019";"2";"10,00";"1070,00";"963,00";"614,96";"M13";"V31";"C0019"
"V005995";"12-12-2025";"Web";"Livree";"P0007";"1";"0,00";"955,00";"955,00";"443,15";"M21";"V52";"C0039"
"V005996";"12-12-2025";"Magasin";"Annulee";"P0040";"1";"0,00";"1910,00";"1910,00";"1038,92";"M12";"V28";"C0095"
"V005997";"12-12-2025";"magasin";"Livree";"P0008";"2";"0,00";"990,00";"990,00";"487,52";"M20";"V48";"C0157"
"V005998";"12-12-2025";"Magasin";"EnCours";"P0064";"3";"5,00";"210,00";"199,50";"107,58";"M01";"V02";"C0210"
"V005999";"12-12-2025";"Magasin";"Livree";"P0011";"2";"0,00";"2300,00";"2300,00";"1343,94";"M09";"V19";"C0012"
"V006000";"12-12-2025";"Magasin";"Livree";"P0016";"3";"5,00";"1155,00";"1097,25";"536,22";"M13";"V31";"C0015"
"V006001";"13-12-2025";"Magasin";"EnCours";"P0023";"1";"5,00";"700,00";"665,00";"404,57";"M03";"V06";"C0041"
"V006002";"13-12-2025";"magasin";"LIVREE";"P0063";"2";"0,00";"210,00";"210,00";"116,42";"M23";"V55";"C0100"
"V006003";"13-12-2025";"Magasin";"Livree";"P0016";"3";"0,00";"1155,00";"1155,00";"536,22";"M21";"V52";"C0162"
"V006004";"13-12-2025";"Web";"Annulee";"P0015";"1";"5,00";"550,00";"522,50";"305,75";"M11";"V23";"C0075"
"V006005";"13-12-2025";"Magasin";"LIVREE";"P0022";"1";"0,00";"430,00";"430,00";"205,70";"M02";"V04";"C0103"
"V006006";"13-12-2025";"Web";"encours";"P0022";"2";"10,00";"860,00";"774,00";"411,40";"M15";"V35";"C0049"
"V006007";"13-12-2025";"MAGASIN";"LIVREE";"P0059";"1";"0,00";"40,00";"40,00";"19,23";"M17";"V40";"C0080"
"V006008";"13-12-2025";"Magasin";"livree";"P0021";"1";"0,00";"410,00";"410,00";"189,41";"M23";"V55";"C0087"
"V006009";"13-12-2025";"Magasin";"livree";"P0052";"2";"0,00";"270,00";"270,00";"145,02";"M18";"V44";"C0150"
"V006010";"13-12-2025";"web";"Livree";"P0020";"3";"0,00";"1155,00";"1155,00";"653,91";"M04";"V09";"C0152"
"V006011";"13-12-2025";"magasin";"Livree";"P0057";"1";"0,00";"20,00";"20,00";"10,89";"M04";"V09";"C0207"
"V006012";"13-12-2025";"MAGASIN";"livree";"P0019";"3";"0,00";"1605,00";"1605,00";"922,44";"M02";"V04";"C0037"
"V006013";"13-12-2025";"magasin";"Livree";"P0054";"3";"0,00";"480,00";"480,00";"232,32";"M12";"V28";"C0157"
"V006014";"13-12-2025";"Magasin";"Livree";"P0006";"2";"0,00";"2150,00";"2150,00";"1314,38";"M06";"V13";"C0065"
"V006015";"13-12-2025";"MAGASIN";"LIVREE";"P0006";"4";"0,00";"4300,00";"4300,00";"2628,76";"M01";"V01";"C0009"
"V006016";"14-12-2025";"Web";"Annulee";"P0014";"1";"10,00";"635,00";"571,50";"333,47";"M25";"V60";"C0125"
"V006017";"14-12-2025";"MAGASIN";"Livree";"P0002";"1";"0,00";"700,00";"700,00";"352,76";"M05";"V11";"C0112"
"V006018";"14-12-2025";"Magasin";"Livree";"P0055";"1";"0,00";"40,00";"40,00";"19,21";"M19";"V45";"C0053"
"V006019";"14-12-2025";"Magasin";"LIVREE";"P0064";"2";"5,00";"140,00";"133,00";"71,72";"M19";"V46";"C0088"
"V006020";"14-12-2025";"MAGASIN";"Livree";"P0019";"1";"5,00";"535,00";"508,25";"307,48";"M17";"V42";"C0196"
"V006021";"14-12-2025";"MAGASIN";"Livree";"P0063";"2";"0,00";"210,00";"210,00";"116,42";"M12";"V27";"C0105"
"V006022";"14-12-2025";"MAGASIN";"Livree";"P0064";"2";"0,00";"140,00";"140,00";"71,72";"M04";"V09";"C0127"
"V006023";"14-12-2025";"Magasin";"Livree";"P0016";"1";"5,00";"385,00";"365,75";"178,74";"M12";"V28";"C0023"
"V006024";"14-12-2025";"magasin";"Livree";"P0007";"1";"0,00";"955,00";"955,00";"443,15";"M13";"V30";"C0067"
"V006025";"14-12-2025";"MAGASIN";"Livree";"P0022";"3";"0,00";"1290,00";"1290,00";"617,10";"M06";"V12";"C0163"
"V006026";"15-12-2025";"Magasin";"Livree";"P0005";"1";"0,00";"325,00";"325,00";"148,71";"M03";"V07";"C0135"
"V006027";"15-12-2025";"Magasin";"livree";"P0009";"2";"0,00";"1010,00";"1010,00";"594,34";"M20";"V48";"C0213"
"V006028";"15-12-2025";"Magasin";"Livree";"P0019";"1";"0,00";"535,00";"535,00";"307,48";"M06";"V12";"C0026"
"V006029";"15-12-2025";"MAGASIN";"Livree";"P0016";"3";"0,00";"1155,00";"1155,00";"536,22";"M17";"V40";"C0018"
"V006030";"15-12-2025";"MAGASIN";"Livree";"P0055";"1";"10,00";"40,00";"36,00";"19,21";"M07";"V15";"C0113"
"V006031";"15-12-2025";"magasin";"Annulee";"P0058";"1";"0,00";"65,00";"65,00";"31,31";"M11";"V25";"C0127"
"V006032";"15-12-2025";"MAGASIN";"encours";"P0006";"2";"0,00";"2150,00";"2150,00";"1314,38";"M01";"V02";"C0072"
"V006033";"15-12-2025";"magasin";"Livree";"P0031";"1";"0,00";"150,00";"150,00";"92,24";"M05";"V10";"C0033"
"V006034";"15-12-2025";"magasin";"Livree";"P0002";"3";"5,00";"2100,00";"1995,00";"1058,28";"M19";"V47";"C0011"
"V006035";"15-12-2025";"WEB";"EnCours";"P0013";"2";"0,00";"1500,00";"1500,00";"676,36";"M12";"V27";"C0120"
"V006036";"15-12-2025";"MAGASIN";"Annulee";"P0003";"2";"0,00";"1420,00";"1420,00";"790,66";"M09";"V19";"C0208"
"V006037";"15-12-2025";"Web";"LIVREE";"P0004";"2";"0,00";"1920,00";"1920,00";"1123,74";"M22";"V54";"C0090"
"V006038";"15-12-2025";"web";"LIVREE";"P0001";"3";"0,00";"3165,00";"3165,00";"1882,92";"M25";"V59";"C0034"
"V006039";"16-12-2025";"Magasin";"Livree";"P0004";"2";"5,00";"1920,00";"1824,00";"1123,74";"M11";"V24";"C0009"
"V006040";"16-12-2025";"Magasin";"Livree";"P0015";"1";"0,00";"550,00";"550,00";"305,75";"M05";"V10";"C0060"
"V006041";"16-12-2025";"Magasin";"Livree";"P0016";"2";"5,00";"770,00";"731,50";"357,48";"M16";"V37";"C0164"
"V006042";"16-12-2025";"magasin";"LIVREE";"P0056";"1";"5,00";"25,00";"23,75";"12,15";"M07";"V15";"C0054"
"V006043";"16-12-2025";"MAGASIN";"Livree";"P0006";"1";"0,00";"1075,00";"1075,00";"657,19";"M14";"V33";"C0217"
"V006044";"16-12-2025";"Magasin";"Livree";"P0060";"2";"0,00";"80,00";"80,00";"40,92";"M03";"V06";"C0124"
"V006045";"16-12-2025";"Magasin";"Livree";"P0059";"3";"5,00";"120,00";"114,00";"57,69";"M15";"V35";"C0175"
"V006046";"16-12-2025";"web";"Livree";"P0001";"3";"5,00";"3165,00";"3006,75";"1882,92";"M13";"V29";"C0214"
"V006047";"16-12-2025";"Web";"Livree";"P0051";"1";"0,00";"155,00";"155,00";"77,85";"M16";"V38";"C0022"
"V006048";"16-12-2025";"WEB";"LIVREE";"P0011";"1";"0,00";"1150,00";"1150,00";"671,97";"M03";"V06";"C0123"
"V006049";"16-12-2025";"Web";"Livree";"P0030";"2";"0,00";"530,00";"530,00";"251,98";"M17";"V42";"C0094"
"V006050";"16-12-2025";"Magasin";"Livree";"P0004";"3";"0,00";"2880,00";"2880,00";"1685,61";"M01";"V01";"C0049"
"V006051";"16-12-2025";"Magasin";"Livree";"P0013";"1";"0,00";"750,00";"750,00";"338,18";"M15";"V35";"C0077"
"V006052";"16-12-2025";"Web";"Livree";"P0003";"1";"0,00";"710,00";"710,00";"395,33";"M04";"V08";"C0065"
"V006053";"16-12-2025";"WEB";"livree";"P0021";"1";"0,00";"410,00";"410,00";"189,41";"M06";"V13";"C0107"
"V006054";"16-12-2025";"Magasin";"livree";"P0019";"1";"0,00";"535,00";"535,00";"307,48";"M09";"V18";"C0081"
"V006055";"16-12-2025";"Magasin";"livree";"P0016";"1";"0,00";"385,00";"385,00";"178,74";"M21";"V52";"C0201"
"V006056";"16-12-2025";"MAGASIN";"LIVREE";"P0019";"3";"5,00";"1605,00";"1524,75";"922,44";"M22";"V53";"C0114"
"V006057";"16-12-2025";"Magasin";"EnCours";"P0053";"1";"0,00";"155,00";"155,00";"83,01";"M08";"V16";"C0009"
"V006058";"17-12-2025";"Magasin";"LIVREE";"P0001";"2";"5,00";"2110,00";"2004,50";"1255,28";"M03";"V07";"C0053"
"V006059";"17-12-2025";"magasin";"Livree";"P0059";"1";"10,00";"40,00";"36,00";"19,23";"M11";"V23";"C0206"
"V006060";"17-12-2025";"WEB";"Livree";"P0004";"1";"0,00";"960,00";"960,00";"561,87";"M06";"V13";"C0198"
"V006061";"17-12-2025";"Magasin";"Livree";"P0010";"2";"10,00";"1910,00";"1719,00";"1025,88";"M21";"V51";"C0085"
"V006062";"17-12-2025";"magasin";"Livree";"P0019";"1";"10,00";"535,00";"481,50";"307,48";"M06";"V12";"C0118"
"V006063";"17-12-2025";"WEB";"livree";"P0051";"1";"5,00";"155,00";"147,25";"77,85";"M16";"V37";"C0124"
"V006064";"17-12-2025";"Web";"LIVREE";"P0053";"1";"10,00";"155,00";"139,50";"83,01";"M23";"V55";"C0112"
"V006065";"17-12-2025";"WEB";"Livree";"P0012";"1";"5,00";"1010,00";"959,50";"588,54";"M05";"V10";"C0045"
"V006066";"17-12-2025";"Magasin";"livree";"P0023";"2";"0,00";"1400,00";"1400,00";"809,14";"M08";"V17";"C0178"
"V006067";"17-12-2025";"MAGASIN";"Livree";"P0054";"3";"5,00";"480,00";"456,00";"232,32";"M12";"V28";"C0074"
"V006068";"17-12-2025";"Magasin";"Livree";"P0007";"3";"5,00";"2865,00";"2721,75";"1329,45";"M19";"V47";"C0152"
"V006069";"17-12-2025";"magasin";"Livree";"P0021";"2";"0,00";"820,00";"820,00";"378,82";"M15";"V36";"C0097"
"V006070";"17-12-2025";"Magasin";"Livree";"P0061";"1";"0,00";"140,00";"140,00";"75,47";"M22";"V53";"C0201"
"V006071";"18-12-2025";"Magasin";"Livree";"P0046";"3";"0,00";"3105,00";"3105,00";"1846,08";"M05";"V11";"C0200"
"V006072";"18-12-2025";"MAGASIN";"livree";"P0059";"3";"0,00";"120,00";"120,00";"57,69";"M22";"V54";"C0220"
"V006073";"18-12-2025";"Magasin";"Livree";"P0016";"1";"0,00";"385,00";"385,00";"178,74";"M10";"V20";"C0022"
"V006074";"18-12-2025";"Magasin";"EnCours";"P0013";"2";"5,00";"1500,00";"1425,00";"676,36";"M03";"V06";"C0169"
"V006075";"18-12-2025";"magasin";"Livree";"P0018";"1";"0,00";"865,00";"865,00";"441,11";"M17";"V40";"C0182"
"V006076";"18-12-2025";"Magasin";"Livree";"P0019";"2";"0,00";"1070,00";"1070,00";"614,96";"M18";"V44";"C0019"
"V006077";"18-12-2025";"Web";"EnCours";"P0044";"1";"0,00";"1800,00";"1800,00";"1053,21";"M23";"V55";"C0185"
"V006078";"18-12-2025";"Magasin";"LIVREE";"P0020";"1";"5,00";"385,00";"365,75";"217,97";"M06";"V12";"C0206"
"V006079";"18-12-2025";"Web";"Livree";"P0059";"1";"0,00";"40,00";"40,00";"19,23";"M14";"V32";"C0208"
"V006080";"19-12-2025";"web";"EnCours";"P0054";"2";"0,00";"320,00";"320,00";"154,88";"M16";"V39";"C0192"
"V006081";"19-12-2025";"Magasin";"Livree";"P0010";"2";"0,00";"1910,00";"1910,00";"1025,88";"M22";"V54";"C0203"
"V006082";"19-12-2025";"MAGASIN";"LIVREE";"P0032";"3";"0,00";"570,00";"570,00";"324,54";"M13";"V31";"C0162"
"V006083";"19-12-2025";"WEB";"Livree";"P0064";"2";"0,00";"140,00";"140,00";"71,72";"M06";"V12";"C0132"
"V006084";"19-12-2025";"Magasin";"Livree";"P0009";"2";"5,00";"1010,00";"959,50";"594,34";"M03";"V06";"C0007"
"V006085";"19-12-2025";"magasin";"LIVREE";"P0062";"1";"0,00";"130,00";"130,00";"66,13";"M16";"V38";"C0039"
"V006086";"19-12-2025";"Magasin";"LIVREE";"P0051";"4";"5,00";"620,00";"589,00";"311,40";"M22";"V54";"C0040"
"V006087";"19-12-2025";"MAGASIN";"Livree";"P0010";"1";"0,00";"955,00";"955,00";"512,94";"M08";"V16";"C0014"
"V006088";"19-12-2025";"MAGASIN";"EnCours";"P0063";"1";"0,00";"105,00";"105,00";"58,21";"M03";"V07";"C0208"
"V006089";"19-12-2025";"WEB";"livree";"P0038";"1";"0,00";"230,00";"230,00";"119,32";"M10";"V21";"C0201"
"V006090";"19-12-2025";"magasin";"Livree";"P0008";"2";"0,00";"990,00";"990,00";"487,52";"M18";"V43";"C0093"
"V006091";"19-12-2025";"WEB";"EnCours";"P0057";"1";"0,00";"20,00";"20,00";"10,89";"M06";"V12";"C0184"
"V006092";"19-12-2025";"Magasin";"Annulee";"P0019";"1";"5,00";"535,00";"508,25";"307,48";"M06";"V12";"C0055"
"V006093";"19-12-2025";"magasin";"Livree";"P0012";"2";"5,00";"2020,00";"1919,00";"1177,08";"M23";"V56";"C0014"
"V006094";"19-12-2025";"Magasin";"LIVREE";"P0047";"3";"0,00";"4995,00";"4995,00";"3012,21";"M19";"V47";"C0068"
"V006095";"19-12-2025";"magasin";"Livree";"P0023";"3";"0,00";"2100,00";"2100,00";"1213,71";"M07";"V15";"C0181"
"V006096";"20-12-2025";"web";"Livree";"P0007";"1";"0,00";"955,00";"955,00";"443,15";"M19";"V47";"C0129"
"V006097";"20-12-2025";"Magasin";"Livree";"P0019";"2";"0,00";"1070,00";"1070,00";"614,96";"M10";"V20";"C0027"
"V006098";"20-12-2025";"Magasin";"Livree";"P0063";"1";"0,00";"105,00";"105,00";"58,21";"M04";"V09";"C0218"
"V006099";"20-12-2025";"web";"Livree";"P0024";"1";"10,00";"770,00";"693,00";"465,89";"M13";"V29";"C0092"
"V006100";"20-12-2025";"Web";"Livree";"P0053";"1";"0,00";"155,00";"155,00";"83,01";"M18";"V43";"C0001"
"V006101";"20-12-2025";"Magasin";"Livree";"P0017";"3";"5,00";"1350,00";"1282,50";"770,49";"M24";"V57";"C0046"
"V006102";"20-12-2025";"WEB";"Livree";"P0010";"1";"0,00";"955,00";"955,00";"512,94";"M10";"V21";"C0079"
"V006103";"20-12-2025";"magasin";"LIVREE";"P0028";"1";"0,00";"130,00";"130,00";"67,26";"M19";"V46";"C0148"
"V006104";"20-12-2025";"Web";"Livree";"P0056";"2";"5,00";"50,00";"47,50";"24,30";"M01";"V01";"C0124"
"V006105";"21-12-2025";"Web";"Livree";"P0010";"2";"0,00";"1910,00";"1910,00";"1025,88";"M20";"V50";"C0078"
"V006106";"21-12-2025";"magasin";"Livree";"P0019";"4";"5,00";"2140,00";"2033,00";"1229,92";"M12";"V28";"C0138"
"V006107";"21-12-2025";"web";"Livree";"P0023";"2";"0,00";"1400,00";"1400,00";"809,14";"M04";"V08";"C0103"
"V006108";"21-12-2025";"Web";"LIVREE";"P0051";"2";"0,00";"310,00";"310,00";"155,70";"M23";"V55";"C0117"
"V006109";"21-12-2025";"WEB";"livree";"P0054";"2";"5,00";"320,00";"304,00";"154,88";"M13";"V29";"C0078"
"V006110";"21-12-2025";"MAGASIN";"Livree";"P0064";"1";"0,00";"70,00";"70,00";"35,86";"M05";"V10";"C0041"
"V006111";"21-12-2025";"WEB";"Livree";"P0064";"2";"0,00";"140,00";"140,00";"71,72";"M14";"V33";"C0173"
"V006112";"21-12-2025";"MAGASIN";"LIVREE";"P0048";"1";"0,00";"1760,00";"1760,00";"945,76";"M08";"V17";"C0164"
"V006113";"21-12-2025";"magasin";"LIVREE";"P0014";"2";"5,00";"1270,00";"1206,50";"666,94";"M05";"V10";"C0071"
"V006114";"21-12-2025";"magasin";"LIVREE";"P0059";"3";"0,00";"120,00";"120,00";"57,69";"M05";"V11";"C0137"
"V006115";"21-12-2025";"Magasin";"EnCours";"P0061";"2";"0,00";"280,00";"280,00";"150,94";"M03";"V07";"C0048"
"V006116";"21-12-2025";"MAGASIN";"LIVREE";"P0001";"1";"5,00";"1055,00";"1002,25";"627,64";"M16";"V39";"C0052"
"V006117";"22-12-2025";"Web";"Livree";"P0007";"3";"10,00";"2865,00";"2578,50";"1329,45";"M24";"V58";"C0186"
"V006118";"22-12-2025";"magasin";"Livree";"P0019";"1";"0,00";"535,00";"535,00";"307,48";"M25";"V60";"C0047"
"V006119";"22-12-2025";"Magasin";"livree";"P0057";"2";"0,00";"40,00";"40,00";"21,78";"M18";"V43";"C0019"
"V006120";"22-12-2025";"MAGASIN";"Livree";"P0023";"3";"5,00";"2100,00";"1995,00";"1213,71";"M12";"V26";"C0220"
"V006121";"22-12-2025";"magasin";"EnCours";"P0054";"1";"5,00";"160,00";"152,00";"77,44";"M07";"V15";"C0011"
"V006122";"22-12-2025";"Magasin";"livree";"P0053";"1";"0,00";"155,00";"155,00";"83,01";"M07";"V15";"C0098"
"V006123";"22-12-2025";"Magasin";"Livree";"P0011";"1";"5,00";"1150,00";"1092,50";"671,97";"M07";"V15";"C0172"
"V006124";"22-12-2025";"Magasin";"livree";"P0006";"1";"5,00";"1075,00";"1021,25";"657,19";"M16";"V38";"C0213"
"V006125";"22-12-2025";"magasin";"Livree";"P0021";"1";"10,00";"410,00";"369,00";"189,41";"M09";"V18";"C0003"
"V006126";"22-12-2025";"Magasin";"Livree";"P0028";"1";"0,00";"130,00";"130,00";"67,26";"M19";"V46";"C0044"
"V006127";"22-12-2025";"web";"EnCours";"P0010";"2";"0,00";"1910,00";"1910,00";"1025,88";"M15";"V36";"C0128"
"V006128";"22-12-2025";"web";"Livree";"P0014";"1";"0,00";"635,00";"635,00";"333,47";"M03";"V06";"C0215"
"V006129";"23-12-2025";"magasin";"Livree";"P0003";"1";"5,00";"710,00";"674,50";"395,33";"M07";"V15";"C0117"
"V006130";"23-12-2025";"web";"Livree";"P0055";"1";"5,00";"40,00";"38,00";"19,21";"M22";"V54";"C0094"
"V006131";"23-12-2025";"WEB";"LIVREE";"P0062";"3";"0,00";"390,00";"390,00";"198,39";"M10";"V22";"C0080"
"V006132";"23-12-2025";"web";"livree";"P0021";"3";"10,00";"1230,00";"1107,00";"568,23";"M13";"V30";"C0084"
"V006133";"23-12-2025";"MAGASIN";"Livree";"P0061";"3";"0,00";"420,00";"420,00";"226,41";"M23";"V56";"C0081"
"V006134";"23-12-2025";"Web";"LIVREE";"P0016";"2";"0,00";"770,00";"770,00";"357,48";"M15";"V36";"C0132"
"V006135";"23-12-2025";"Magasin";"encours";"P0057";"3";"5,00";"60,00";"57,00";"32,67";"M06";"V13";"C0184"
"V006136";"23-12-2025";"MAGASIN";"Livree";"P0002";"1";"5,00";"700,00";"665,00";"352,76";"M08";"V17";"C0083"
"V006137";"23-12-2025";"magasin";"LIVREE";"P0005";"1";"5,00";"325,00";"308,75";"148,71";"M03";"V06";"C0099"
"V006138";"23-12-2025";"Web";"Livree";"P0023";"1";"0,00";"700,00";"700,00";"404,57";"M14";"V33";"C0124"
"V006139";"23-12-2025";"Web";"LIVREE";"P0056";"3";"0,00";"75,00";"75,00";"36,45";"M14";"V33";"C0058"
"V006140";"24-12-2025";"Magasin";"EnCours";"P0009";"1";"0,00";"505,00";"505,00";"297,17";"M22";"V54";"C0008"
"V006141";"24-12-2025";"MAGASIN";"LIVREE";"P0055";"2";"0,00";"80,00";"80,00";"38,42";"M21";"V51";"C0046"
"V006142";"24-12-2025";"MAGASIN";"livree";"P0022";"2";"0,00";"860,00";"860,00";"411,40";"M01";"V03";"C0186"
"V006143";"24-12-2025";"Magasin";"Livree";"P0052";"3";"5,00";"405,00";"384,75";"217,53";"M16";"V37";"C0106"
"V006144";"24-12-2025";"MAGASIN";"Livree";"P0007";"4";"0,00";"3820,00";"3820,00";"1772,60";"M04";"V08";"C0006"
"V006145";"24-12-2025";"Magasin";"Livree";"P0007";"2";"0,00";"1910,00";"1910,00";"886,30";"M05";"V11";"C0133"
"V006146";"25-12-2025";"Magasin";"LIVREE";"P0022";"1";"0,00";"430,00";"430,00";"205,70";"M03";"V06";"C0136"
"V006147";"25-12-2025";"WEB";"Livree";"P0064";"1";"0,00";"70,00";"70,00";"35,86";"M10";"V22";"C0122"
"V006148";"25-12-2025";"MAGASIN";"livree";"P0062";"1";"10,00";"130,00";"117,00";"66,13";"M22";"V53";"C0016"
"V006149";"25-12-2025";"MAGASIN";"Livree";"P0054";"1";"10,00";"160,00";"144,00";"77,44";"M20";"V50";"C0014"
"V006150";"25-12-2025";"magasin";"Livree";"P0013";"1";"0,00";"750,00";"750,00";"338,18";"M03";"V07";"C0096"
"V006151";"25-12-2025";"magasin";"livree";"P0056";"2";"0,00";"50,00";"50,00";"24,30";"M03";"V06";"C0063"
"V006152";"25-12-2025";"Magasin";"Livree";"P0051";"3";"0,00";"465,00";"465,00";"233,55";"M06";"V13";"C0038"
"V006153";"25-12-2025";"Magasin";"Livree";"P0005";"1";"0,00";"325,00";"325,00";"148,71";"M20";"V49";"C0001"
"V006154";"26-12-2025";"MAGASIN";"Livree";"P0040";"2";"0,00";"3820,00";"3820,00";"2077,84";"M06";"V13";"C0090"
"V006155";"26-12-2025";"Magasin";"Livree";"P0023";"4";"10,00";"2800,00";"2520,00";"1618,28";"M08";"V17";"C0132"
"V006156";"26-12-2025";"web";"Livree";"P0006";"2";"10,00";"2150,00";"1935,00";"1314,38";"M10";"V22";"C0013"
"V006157";"26-12-2025";"WEB";"Livree";"P0003";"1";"5,00";"710,00";"674,50";"395,33";"M24";"V58";"C0075"
"V006158";"26-12-2025";"magasin";"Livree";"P0052";"1";"5,00";"135,00";"128,25";"72,51";"M02";"V05";"C0182"
"V006159";"26-12-2025";"MAGASIN";"Annulee";"P0021";"2";"0,00";"820,00";"820,00";"378,82";"M25";"V60";"C0006"
"V006160";"26-12-2025";"Web";"encours";"P0056";"1";"10,00";"25,00";"22,50";"12,15";"M03";"V07";"C0041"
"V006161";"26-12-2025";"magasin";"Livree";"P0057";"1";"0,00";"20,00";"20,00";"10,89";"M12";"V28";"C0083"
"V006162";"26-12-2025";"web";"Livree";"P0049";"1";"0,00";"1770,00";"1770,00";"798,07";"M22";"V53";"C0111"
"V006163";"26-12-2025";"Web";"Livree";"P0028";"3";"10,00";"390,00";"351,00";"201,78";"M10";"V20";"C0174"
"V006164";"26-12-2025";"magasin";"Livree";"P0015";"1";"0,00";"550,00";"550,00";"305,75";"M24";"V58";"C0149"
"V006165";"27-12-2025";"MAGASIN";"Livree";"P0033";"3";"0,00";"150,00";"150,00";"68,19";"M10";"V20";"C0083"
"V006166";"27-12-2025";"Web";"Livree";"P0013";"2";"5,00";"1500,00";"1425,00";"676,36";"M13";"V29";"C0100"
"V006167";"27-12-2025";"MAGASIN";"livree";"P0057";"1";"0,00";"20,00";"20,00";"10,89";"M08";"V16";"C0196"
"V006168";"27-12-2025";"Web";"Annulee";"P0005";"3";"0,00";"975,00";"975,00";"446,13";"M12";"V28";"C0171"
"V006169";"27-12-2025";"MAGASIN";"livree";"P0058";"1";"5,00";"65,00";"61,75";"31,31";"M25";"V60";"C0071"
"V006170";"27-12-2025";"Web";"Livree";"P0020";"1";"0,00";"385,00";"385,00";"217,97";"M13";"V29";"C0186"
"V006171";"27-12-2025";"Web";"LIVREE";"P0064";"2";"0,00";"140,00";"140,00";"71,72";"M04";"V09";"C0158"
"V006172";"27-12-2025";"MAGASIN";"Livree";"P0047";"2";"5,00";"3330,00";"3163,50";"2008,14";"M20";"V48";"C0160"
"V006173";"27-12-2025";"Magasin";"LIVREE";"P0023";"2";"0,00";"1400,00";"1400,00";"809,14";"M25";"V60";"C0120"
"V006174";"27-12-2025";"Magasin";"livree";"P0004";"1";"0,00";"960,00";"960,00";"561,87";"M20";"V48";"C0073"
"V006175";"27-12-2025";"Web";"livree";"P0017";"2";"0,00";"900,00";"900,00";"513,66";"M04";"V09";"C0004"
"V006176";"27-12-2025";"WEB";"Livree";"P0001";"1";"0,00";"1055,00";"1055,00";"627,64";"M02";"V05";"C0156"
"V006177";"27-12-2025";"Magasin";"Livree";"P0031";"3";"5,00";"450,00";"427,50";"276,72";"M16";"V39";"C0173"
"V006178";"28-12-2025";"Web";"Livree";"P0059";"3";"10,00";"120,00";"108,00";"57,69";"M01";"V02";"C0007"
"V006179";"28-12-2025";"WEB";"Livree";"P0010";"2";"10,00";"1910,00";"1719,00";"1025,88";"M12";"V26";"C0074"
"V006180";"28-12-2025";"Magasin";"LIVREE";"P0057";"1";"0,00";"20,00";"20,00";"10,89";"M05";"V11";"C0025"
"V006181";"28-12-2025";"Magasin";"Livree";"P0056";"3";"0,00";"75,00";"75,00";"36,45";"M14";"V33";"C0175"
"V006182";"28-12-2025";"Magasin";"LIVREE";"P0019";"1";"0,00";"535,00";"535,00";"307,48";"M20";"V48";"C0016"
"V006183";"28-12-2025";"Web";"LIVREE";"P0006";"1";"5,00";"1075,00";"1021,25";"657,19";"M14";"V32";"C0011"
"V006184";"28-12-2025";"MAGASIN";"Livree";"P0006";"2";"0,00";"2150,00";"2150,00";"1314,38";"M10";"V22";"C0216"
"V006185";"28-12-2025";"Magasin";"livree";"P0007";"1";"5,00";"955,00";"907,25";"443,15";"M17";"V41";"C0046"
"V006186";"28-12-2025";"Magasin";"Livree";"P0012";"1";"5,00";"1010,00";"959,50";"588,54";"M06";"V13";"C0185"
"V006187";"28-12-2025";"WEB";"LIVREE";"P0030";"1";"0,00";"265,00";"265,00";"125,99";"M05";"V10";"C0127"
"V006188";"29-12-2025";"Magasin";"LIVREE";"P0057";"2";"0,00";"40,00";"40,00";"21,78";"M17";"V40";"C0020"
"V006189";"29-12-2025";"Web";"Livree";"P0061";"1";"10,00";"140,00";"126,00";"75,47";"M09";"V18";"C0207"
"V006190";"29-12-2025";"MAGASIN";"encours";"P0011";"2";"0,00";"2300,00";"2300,00";"1343,94";"M16";"V38";"C0014"
"V006191";"29-12-2025";"Magasin";"Livree";"P0014";"3";"10,00";"1905,00";"1714,50";"1000,41";"M22";"V53";"C0148"
"V006192";"29-12-2025";"Magasin";"Livree";"P0023";"1";"0,00";"700,00";"700,00";"404,57";"M20";"V50";"C0053"
"V006193";"29-12-2025";"Magasin";"Annulee";"P0032";"1";"0,00";"190,00";"190,00";"108,18";"M05";"V10";"C0018"
"V006194";"29-12-2025";"Magasin";"livree";"P0020";"1";"5,00";"385,00";"365,75";"217,97";"M02";"V05";"C0157"
"V006195";"29-12-2025";"Magasin";"livree";"P0056";"2";"0,00";"50,00";"50,00";"24,30";"M22";"V53";"C0073"
"V006196";"29-12-2025";"Magasin";"Livree";"P0061";"2";"5,00";"280,00";"266,00";"150,94";"M16";"V39";"C0213"
"V006197";"29-12-2025";"Magasin";"Livree";"P0023";"2";"0,00";"1400,00";"1400,00";"809,14";"M17";"V41";"C0004"
"V006198";"29-12-2025";"magasin";"Livree";"P0032";"2";"5,00";"380,00";"361,00";"216,36";"M04";"V09";"C0191"
"V006199";"29-12-2025";"web";"livree";"P0004";"3";"0,00";"2880,00";"2880,00";"1685,61";"M06";"V12";"C0035"
"V006200";"29-12-2025";"Magasin";"Livree";"P0061";"1";"0,00";"140,00";"140,00";"75,47";"M19";"V47";"C0137"
"V006201";"30-12-2025";"Magasin";"livree";"P0017";"2";"0,00";"900,00";"900,00";"513,66";"M04";"V08";"C0133"
"V006202";"30-12-2025";"Magasin";"LIVREE";"P0055";"3";"0,00";"120,00";"120,00";"57,63";"M15";"V35";"C0205"
"V006203";"30-12-2025";"Magasin";"LIVREE";"P0001";"3";"0,00";"3165,00";"3165,00";"1882,92";"M02";"V04";"C0157"
"V006204";"30-12-2025";"web";"livree";"P0006";"1";"0,00";"1075,00";"1075,00";"657,19";"M19";"V47";"C0019"
"V006205";"30-12-2025";"Magasin";"LIVREE";"P0004";"1";"0,00";"960,00";"960,00";"561,87";"M05";"V11";"C0171"
"V006206";"30-12-2025";"web";"Livree";"P0018";"1";"0,00";"865,00";"865,00";"441,11";"M20";"V49";"C0184"
"V006207";"30-12-2025";"WEB";"Livree";"P0061";"2";"5,00";"280,00";"266,00";"150,94";"M15";"V36";"C0030"
"V006208";"30-12-2025";"magasin";"Livree";"P0024";"1";"0,00";"770,00";"770,00";"465,89";"M19";"V45";"C0033"
"V006209";"30-12-2025";"magasin";"livree";"P0014";"2";"0,00";"1270,00";"1270,00";"666,94";"M09";"V18";"C0068"
"V006210";"30-12-2025";"Magasin";"livree";"P0016";"2";"0,00";"770,00";"770,00";"357,48";"M08";"V17";"C0133"
"V006211";"30-12-2025";"web";"Livree";"P0019";"1";"5,00";"535,00";"508,25";"307,48";"M05";"V11";"C0039"
"V006212";"30-12-2025";"magasin";"encours";"P0015";"2";"0,00";"1100,00";"1100,00";"611,50";"M12";"V28";"C0158"
"V006213";"30-12-2025";"Magasin";"Livree";"P0060";"3";"0,00";"120,00";"120,00";"61,38";"M15";"V36";"C0126"
"V006214";"30-12-2025";"Magasin";"Livree";"P0013";"4";"0,00";"3000,00";"3000,00";"1352,72";"M20";"V49";"C0041"
"V006215";"30-12-2025";"MAGASIN";"LIVREE";"P0002";"3";"5,00";"2100,00";"1995,00";"1058,28";"M14";"V33";"C0112"
"V006216";"31-12-2025";"Magasin";"EnCours";"P0010";"2";"0,00";"1910,00";"1910,00";"1025,88";"M17";"V40";"C0184"
"V006217";"31-12-2025";"Magasin";"Livree";"P0054";"3";"5,00";"480,00";"456,00";"232,32";"M20";"V49";"C0065"
"V006218";"31-12-2025";"WEB";"LIVREE";"P0057";"2";"0,00";"40,00";"40,00";"21,78";"M09";"V18";"C0043"
"V006219";"31-12-2025";"WEB";"LIVREE";"P0008";"4";"0,00";"1980,00";"1980,00";"975,04";"M16";"V38";"C0073"
"V006220";"31-12-2025";"Web";"Livree";"P0027";"1";"0,00";"220,00";"220,00";"106,66";"M20";"V48";"C0041"
"V006221";"31-12-2025";"Web";"Livree";"P0061";"2";"0,00";"280,00";"280,00";"150,94";"M06";"V12";"C0112"
"V006222";"31-12-2025";"Magasin";"livree";"P0003";"3";"0,00";"2130,00";"2130,00";"1185,99";"M25";"V60";"C0001"
"V006223";"31-12-2025";"Magasin";"livree";"P0062";"3";"0,00";"390,00";"390,00";"198,39";"M21";"V52";"C0063"
"V006224";"31-12-2025";"MAGASIN";"Livree";"P0024";"1";"5,00";"770,00";"731,50";"465,89";"M08";"V16";"C0121"
"V006225";"31-12-2025";"Magasin";"Livree";"P0064";"1";"5,00";"70,00";"66,50";"35,86";"M13";"V29";"C0104"
"V006226";"31-12-2025";"magasin";"Livree";"P0038";"3";"5,00";"690,00";"655,50";"357,96";"M19";"V45";"C0156"
"V006227";"01-01-2026";"MAGASIN";"EnCours";"P0013";"2";"5,00";"1500,00";"1425,00";"676,36";"M16";"V38";"C0035"
"V006228";"01-01-2026";"WEB";"encours";"P0006";"1";"0,00";"1075,00";"1075,00";"657,19";"M01";"V01";"C0137"
"V006229";"01-01-2026";"magasin";"Livree";"P0012";"2";"0,00";"2020,00";"2020,00";"1177,08";"M22";"V54";"C0152"
"V006230";"01-01-2026";"WEB";"LIVREE";"P0056";"1";"0,00";"25,00";"25,00";"12,15";"M11";"V25";"C0045"
"V006231";"01-01-2026";"Magasin";"livree";"P0044";"1";"0,00";"1800,00";"1800,00";"1053,21";"M25";"V60";"C0095"
"V006232";"01-01-2026";"Magasin";"Livree";"P0006";"1";"0,00";"1075,00";"1075,00";"657,19";"M18";"V44";"C0007"
"V006233";"01-01-2026";"Web";"EnCours";"P0016";"2";"5,00";"770,00";"731,50";"357,48";"M21";"V51";"C0174"
"V006234";"01-01-2026";"Magasin";"Livree";"P0007";"2";"0,00";"1910,00";"1910,00";"886,30";"M14";"V33";"C0161"
"V006235";"01-01-2026";"MAGASIN";"Livree";"P0013";"3";"0,00";"2250,00";"2250,00";"1014,54";"M24";"V57";"C0152"
"V006236";"01-01-2026";"magasin";"Livree";"P0023";"1";"0,00";"700,00";"700,00";"404,57";"M09";"V19";"C0095"
"V006237";"01-01-2026";"Web";"LIVREE";"P0012";"2";"0,00";"2020,00";"2020,00";"1177,08";"M03";"V07";"C0128"
"V006238";"01-01-2026";"Magasin";"Livree";"P0059";"2";"0,00";"80,00";"80,00";"38,46";"M11";"V23";"C0128"
"V006239";"01-01-2026";"Magasin";"Livree";"P0031";"1";"0,00";"150,00";"150,00";"92,24";"M10";"V20";"C0066"
"V006240";"01-01-2026";"Magasin";"LIVREE";"P0010";"4";"5,00";"3820,00";"3629,00";"2051,76";"M10";"V20";"C0075"
"V006241";"02-01-2026";"Web";"LIVREE";"P0057";"2";"0,00";"40,00";"40,00";"21,78";"M06";"V13";"C0003"
"V006242";"02-01-2026";"Magasin";"Livree";"P0001";"2";"5,00";"2110,00";"2004,50";"1255,28";"M13";"V29";"C0090"
"V006243";"02-01-2026";"Magasin";"livree";"P0058";"2";"0,00";"130,00";"130,00";"62,62";"M15";"V35";"C0125"
"V006244";"02-01-2026";"web";"Livree";"P0021";"1";"0,00";"410,00";"410,00";"189,41";"M02";"V05";"C0187"
"V006245";"02-01-2026";"WEB";"livree";"P0058";"3";"0,00";"195,00";"195,00";"93,93";"M09";"V18";"C0099"
"V006246";"02-01-2026";"web";"Livree";"P0054";"3";"0,00";"480,00";"480,00";"232,32";"M20";"V49";"C0107"
"V006247";"02-01-2026";"MAGASIN";"Livree";"P0002";"1";"0,00";"700,00";"700,00";"352,76";"M21";"V51";"C0033"
"V006248";"02-01-2026";"Web";"Livree";"P0059";"3";"0,00";"120,00";"120,00";"57,69";"M10";"V21";"C0070"
"V006249";"02-01-2026";"web";"livree";"P0034";"3";"10,00";"600,00";"540,00";"355,32";"M13";"V29";"C0164"
"V006250";"02-01-2026";"WEB";"livree";"P0001";"1";"0,00";"1055,00";"1055,00";"627,64";"M01";"V03";"C0187"
"V006251";"02-01-2026";"magasin";"EnCours";"P0021";"1";"0,00";"410,00";"410,00";"189,41";"M04";"V09";"C0154"
"V006252";"03-01-2026";"MAGASIN";"Livree";"P0057";"1";"0,00";"20,00";"20,00";"10,89";"M21";"V51";"C0177"
"V006253";"03-01-2026";"Magasin";"Livree";"P0019";"2";"0,00";"1070,00";"1070,00";"614,96";"M19";"V46";"C0059"
"V006254";"03-01-2026";"WEB";"Livree";"P0058";"2";"0,00";"130,00";"130,00";"62,62";"M16";"V37";"C0123"
"V006255";"03-01-2026";"WEB";"livree";"P0013";"2";"5,00";"1500,00";"1425,00";"676,36";"M21";"V52";"C0141"
"V006256";"03-01-2026";"Magasin";"Livree";"P0058";"1";"0,00";"65,00";"65,00";"31,31";"M04";"V08";"C0198"
"V006257";"03-01-2026";"Magasin";"Livree";"P0055";"2";"0,00";"80,00";"80,00";"38,42";"M24";"V58";"C0097"
"V006258";"03-01-2026";"magasin";"LIVREE";"P0015";"2";"0,00";"1100,00";"1100,00";"611,50";"M25";"V60";"C0132"
"V006259";"03-01-2026";"web";"LIVREE";"P0051";"1";"0,00";"155,00";"155,00";"77,85";"M06";"V13";"C0189"
"V006260";"03-01-2026";"magasin";"LIVREE";"P0035";"2";"5,00";"340,00";"323,00";"183,96";"M15";"V34";"C0183"
"V006261";"03-01-2026";"Magasin";"LIVREE";"P0008";"2";"5,00";"990,00";"940,50";"487,52";"M03";"V07";"C0163"
"V006262";"03-01-2026";"web";"Annulee";"P0039";"2";"5,00";"2970,00";"2821,50";"1347,02";"M23";"V55";"C0054"
"V006263";"03-01-2026";"Magasin";"Livree";"P0016";"1";"0,00";"385,00";"385,00";"178,74";"M12";"V27";"C0195"
"V006264";"03-01-2026";"magasin";"LIVREE";"P0064";"2";"0,00";"140,00";"140,00";"71,72";"M16";"V38";"C0157"
"V006265";"03-01-2026";"WEB";"LIVREE";"P0052";"2";"0,00";"270,00";"270,00";"145,02";"M17";"V41";"C0021"
"V006266";"03-01-2026";"MAGASIN";"Livree";"P0053";"3";"5,00";"465,00";"441,75";"249,03";"M03";"V07";"C0096"
"V006267";"03-01-2026";"Web";"EnCours";"P0008";"1";"0,00";"495,00";"495,00";"243,76";"M01";"V01";"C0213"
"V006268";"03-01-2026";"Magasin";"Livree";"P0018";"1";"0,00";"865,00";"865,00";"441,11";"M01";"V01";"C0035"
"V006269";"03-01-2026";"MAGASIN";"Livree";"P0013";"1";"0,00";"750,00";"750,00";"338,18";"M22";"V53";"C0128"
"V006270";"04-01-2026";"Magasin";"LIVREE";"P0007";"3";"0,00";"2865,00";"2865,00";"1329,45";"M07";"V14";"C0105"
"V006271";"04-01-2026";"web";"Livree";"P0012";"2";"5,00";"2020,00";"1919,00";"1177,08";"M07";"V14";"C0034"
"V006272";"04-01-2026";"magasin";"Livree";"P0052";"3";"5,00";"405,00";"384,75";"217,53";"M07";"V14";"C0180"
"V006273";"04-01-2026";"Magasin";"Livree";"P0053";"1";"0,00";"155,00";"155,00";"83,01";"M13";"V30";"C0080"
"V006274";"04-01-2026";"MAGASIN";"Livree";"P0056";"1";"5,00";"25,00";"23,75";"12,15";"M23";"V56";"C0136"
"V006275";"04-01-2026";"magasin";"livree";"P0057";"1";"0,00";"20,00";"20,00";"10,89";"M19";"V45";"C0213"
"V006276";"04-01-2026";"Magasin";"Livree";"P0007";"3";"0,00";"2865,00";"2865,00";"1329,45";"M09";"V18";"C0090"
"V006277";"04-01-2026";"web";"LIVREE";"P0057";"3";"0,00";"60,00";"60,00";"32,67";"M25";"V60";"C0169"
"V006278";"04-01-2026";"MAGASIN";"Livree";"P0009";"1";"0,00";"505,00";"505,00";"297,17";"M07";"V14";"C0070"
"V006279";"04-01-2026";"magasin";"LIVREE";"P0040";"1";"10,00";"1910,00";"1719,00";"1038,92";"M05";"V11";"C0073"
"V006280";"05-01-2026";"Web";"Annulee";"P0062";"1";"10,00";"130,00";"117,00";"66,13";"M25";"V60";"C0012"
"V006281";"05-01-2026";"MAGASIN";"Livree";"P0021";"3";"0,00";"1230,00";"1230,00";"568,23";"M01";"V03";"C0109"
"V006282";"05-01-2026";"Magasin";"LIVREE";"P0021";"2";"0,00";"820,00";"820,00";"378,82";"M13";"V29";"C0195"
"V006283";"05-01-2026";"WEB";"livree";"P0014";"1";"0,00";"635,00";"635,00";"333,47";"M05";"V10";"C0016"
"V006284";"05-01-2026";"Magasin";"Livree";"P0034";"1";"0,00";"200,00";"200,00";"118,44";"M12";"V26";"C0125"
"V006285";"05-01-2026";"MAGASIN";"Livree";"P0057";"2";"0,00";"40,00";"40,00";"21,78";"M17";"V40";"C0064"
"V006286";"05-01-2026";"WEB";"Livree";"P0039";"1";"0,00";"1485,00";"1485,00";"673,51";"M15";"V36";"C0171"
"V006287";"05-01-2026";"magasin";"LIVREE";"P0010";"1";"0,00";"955,00";"955,00";"512,94";"M18";"V43";"C0059"
"V006288";"05-01-2026";"Magasin";"Livree";"P0062";"2";"10,00";"260,00";"234,00";"132,26";"M16";"V38";"C0170"
"V006289";"05-01-2026";"Magasin";"Livree";"P0024";"3";"0,00";"2310,00";"2310,00";"1397,67";"M06";"V13";"C0087"
"V006290";"05-01-2026";"Web";"livree";"P0053";"1";"0,00";"155,00";"155,00";"83,01";"M06";"V13";"C0170"
"V006291";"05-01-2026";"Magasin";"Livree";"P0057";"1";"5,00";"20,00";"19,00";"10,89";"M19";"V47";"C0189"
"V006292";"05-01-2026";"WEB";"EnCours";"P0053";"1";"0,00";"155,00";"155,00";"83,01";"M02";"V04";"C0178"
"V006293";"05-01-2026";"MAGASIN";"Livree";"P0009";"1";"0,00";"505,00";"505,00";"297,17";"M19";"V45";"C0191"
"V006294";"05-01-2026";"Magasin";"LIVREE";"P0018";"1";"0,00";"865,00";"865,00";"441,11";"M22";"V53";"C0131"
"V006295";"05-01-2026";"magasin";"Livree";"P0048";"2";"0,00";"3520,00";"3520,00";"1891,52";"M21";"V52";"C0072"
"V006296";"05-01-2026";"web";"Annulee";"P0001";"2";"5,00";"2110,00";"2004,50";"1255,28";"M23";"V55";"C0072"
"V006297";"05-01-2026";"MAGASIN";"livree";"P0010";"1";"5,00";"955,00";"907,25";"512,94";"M21";"V51";"C0130"
"V006298";"05-01-2026";"Magasin";"Livree";"P0061";"2";"0,00";"280,00";"280,00";"150,94";"M16";"V39";"C0045"
"V006299";"06-01-2026";"Magasin";"LIVREE";"P0018";"2";"0,00";"1730,00";"1730,00";"882,22";"M06";"V12";"C0044"
"V006300";"06-01-2026";"Magasin";"LIVREE";"P0059";"2";"0,00";"80,00";"80,00";"38,46";"M18";"V43";"C0087"
"V006301";"06-01-2026";"Web";"EnCours";"P0019";"1";"0,00";"535,00";"535,00";"307,48";"M24";"V58";"C0104"
"V006302";"06-01-2026";"magasin";"Livree";"P0043";"1";"0,00";"2230,00";"2230,00";"1198,97";"M01";"V01";"C0193"
"V006303";"06-01-2026";"magasin";"Livree";"P0053";"1";"0,00";"155,00";"155,00";"83,01";"M14";"V33";"C0104"
"V006304";"06-01-2026";"Web";"Livree";"P0053";"1";"0,00";"155,00";"155,00";"83,01";"M11";"V25";"C0087"
"V006305";"06-01-2026";"Web";"Livree";"P0032";"1";"10,00";"190,00";"171,00";"108,18";"M10";"V20";"C0183"
"V006306";"06-01-2026";"Web";"livree";"P0056";"3";"0,00";"75,00";"75,00";"36,45";"M14";"V33";"C0039"
"V006307";"06-01-2026";"web";"Livree";"P0002";"2";"10,00";"1400,00";"1260,00";"705,52";"M11";"V25";"C0186"
"V006308";"06-01-2026";"Web";"Livree";"P0037";"2";"0,00";"460,00";"460,00";"231,90";"M12";"V28";"C0002"
"V006309";"06-01-2026";"MAGASIN";"Livree";"P0003";"3";"0,00";"2130,00";"2130,00";"1185,99";"M01";"V03";"C0017"
"V006310";"06-01-2026";"WEB";"LIVREE";"P0057";"2";"0,00";"40,00";"40,00";"21,78";"M17";"V41";"C0074"
"V006311";"06-01-2026";"magasin";"livree";"P0012";"2";"0,00";"2020,00";"2020,00";"1177,08";"M24";"V58";"C0204"
"V006312";"06-01-2026";"magasin";"Livree";"P0003";"1";"5,00";"710,00";"674,50";"395,33";"M19";"V47";"C0208"
"V006313";"06-01-2026";"WEB";"Livree";"P0023";"1";"5,00";"700,00";"665,00";"404,57";"M09";"V18";"C0128"
"V006314";"06-01-2026";"Magasin";"livree";"P0018";"1";"5,00";"865,00";"821,75";"441,11";"M19";"V46";"C0181"
"V006315";"07-01-2026";"Magasin";"livree";"P0020";"1";"5,00";"385,00";"365,75";"217,97";"M03";"V06";"C0220"
"V006316";"07-01-2026";"Magasin";"livree";"P0023";"3";"0,00";"2100,00";"2100,00";"1213,71";"M07";"V14";"C0019"
"V006317";"07-01-2026";"MAGASIN";"Livree";"P0063";"3";"10,00";"315,00";"283,50";"174,63";"M04";"V09";"C0028"
"V006318";"07-01-2026";"MAGASIN";"livree";"P0052";"1";"0,00";"135,00";"135,00";"72,51";"M24";"V58";"C0096"
"V006319";"07-01-2026";"Magasin";"Livree";"P0010";"1";"0,00";"955,00";"955,00";"512,94";"M11";"V25";"C0187"
"V006320";"07-01-2026";"web";"Livree";"P0015";"1";"5,00";"550,00";"522,50";"305,75";"M14";"V32";"C0164"
"V006321";"07-01-2026";"MAGASIN";"Annulee";"P0023";"2";"0,00";"1400,00";"1400,00";"809,14";"M17";"V42";"C0079"
"V006322";"07-01-2026";"web";"LIVREE";"P0051";"3";"5,00";"465,00";"441,75";"233,55";"M08";"V16";"C0048"
"V006323";"07-01-2026";"Web";"EnCours";"P0001";"1";"0,00";"1055,00";"1055,00";"627,64";"M11";"V24";"C0121"
"V006324";"07-01-2026";"Magasin";"Livree";"P0023";"1";"0,00";"700,00";"700,00";"404,57";"M02";"V04";"C0151"
"V006325";"07-01-2026";"web";"LIVREE";"P0056";"1";"0,00";"25,00";"25,00";"12,15";"M03";"V06";"C0086"
"V006326";"08-01-2026";"Magasin";"LIVREE";"P0017";"2";"0,00";"900,00";"900,00";"513,66";"M20";"V48";"C0044"
"V006327";"08-01-2026";"Web";"LIVREE";"P0001";"1";"0,00";"1055,00";"1055,00";"627,64";"M01";"V03";"C0207"
"V006328";"08-01-2026";"WEB";"Livree";"P0062";"2";"0,00";"260,00";"260,00";"132,26";"M22";"V53";"C0072"
"V006329";"08-01-2026";"Magasin";"Livree";"P0039";"1";"5,00";"1485,00";"1410,75";"673,51";"M15";"V36";"C0109"
"V006330";"08-01-2026";"Magasin";"LIVREE";"P0001";"1";"5,00";"1055,00";"1002,25";"627,64";"M14";"V33";"C0043"
"V006331";"08-01-2026";"Magasin";"EnCours";"P0053";"1";"0,00";"155,00";"155,00";"83,01";"M11";"V24";"C0044"
"V006332";"08-01-2026";"Web";"Livree";"P0022";"1";"0,00";"430,00";"430,00";"205,70";"M20";"V49";"C0048"
"V006333";"08-01-2026";"MAGASIN";"Livree";"P0002";"2";"5,00";"1400,00";"1330,00";"705,52";"M24";"V58";"C0064"
"V006334";"08-01-2026";"Web";"Livree";"P0012";"3";"0,00";"3030,00";"3030,00";"1765,62";"M23";"V55";"C0217"
"V006335";"08-01-2026";"magasin";"Livree";"P0005";"1";"0,00";"325,00";"325,00";"148,71";"M07";"V14";"C0198"
"V006336";"08-01-2026";"Magasin";"Livree";"P0064";"2";"5,00";"140,00";"133,00";"71,72";"M09";"V19";"C0100"
"V006337";"08-01-2026";"WEB";"Livree";"P0057";"1";"0,00";"20,00";"20,00";"10,89";"M12";"V27";"C0164"
"V006338";"08-01-2026";"magasin";"LIVREE";"P0046";"1";"5,00";"1035,00";"983,25";"615,36";"M19";"V46";"C0094"
"V006339";"08-01-2026";"Magasin";"livree";"P0010";"2";"0,00";"1910,00";"1910,00";"1025,88";"M06";"V12";"C0110"
"V006340";"08-01-2026";"Magasin";"LIVREE";"P0053";"1";"0,00";"155,00";"155,00";"83,01";"M15";"V35";"C0082"
"V006341";"08-01-2026";"Magasin";"Livree";"P0008";"1";"10,00";"495,00";"445,50";"243,76";"M13";"V30";"C0131"
"V006342";"08-01-2026";"magasin";"Livree";"P0003";"1";"0,00";"710,00";"710,00";"395,33";"M07";"V14";"C0145"
"V006343";"08-01-2026";"Magasin";"Livree";"P0013";"2";"5,00";"1500,00";"1425,00";"676,36";"M01";"V03";"C0042"
"V006344";"08-01-2026";"MAGASIN";"Livree";"P0021";"1";"0,00";"410,00";"410,00";"189,41";"M14";"V32";"C0051"
"V006345";"08-01-2026";"Magasin";"livree";"P0012";"2";"0,00";"2020,00";"2020,00";"1177,08";"M23";"V56";"C0204"
"V006346";"08-01-2026";"magasin";"Livree";"P0012";"2";"0,00";"2020,00";"2020,00";"1177,08";"M24";"V58";"C0034"
"V006347";"09-01-2026";"magasin";"Livree";"P0003";"2";"10,00";"1420,00";"1278,00";"790,66";"M14";"V32";"C0125"
"V006348";"09-01-2026";"Web";"livree";"P0059";"4";"10,00";"160,00";"144,00";"76,92";"M03";"V07";"C0037"
"V006349";"09-01-2026";"Magasin";"Livree";"P0061";"1";"0,00";"140,00";"140,00";"75,47";"M16";"V39";"C0132"
"V006350";"09-01-2026";"Web";"Livree";"P0014";"4";"5,00";"2540,00";"2413,00";"1333,88";"M24";"V57";"C0138"
"V006351";"09-01-2026";"MAGASIN";"livree";"P0005";"2";"0,00";"650,00";"650,00";"297,42";"M21";"V52";"C0218"
"V006352";"09-01-2026";"Magasin";"livree";"P0013";"2";"0,00";"1500,00";"1500,00";"676,36";"M01";"V03";"C0123"
"V006353";"09-01-2026";"WEB";"LIVREE";"P0009";"3";"0,00";"1515,00";"1515,00";"891,51";"M19";"V46";"C0008"
"V006354";"09-01-2026";"Magasin";"livree";"P0012";"2";"0,00";"2020,00";"2020,00";"1177,08";"M01";"V02";"C0104"
"V006355";"09-01-2026";"Magasin";"Livree";"P0050";"3";"0,00";"690,00";"690,00";"347,49";"M18";"V44";"C0078"
"V006356";"09-01-2026";"Magasin";"Livree";"P0039";"2";"0,00";"2970,00";"2970,00";"1347,02";"M21";"V52";"C0120"
"V006357";"09-01-2026";"Magasin";"Livree";"P0006";"4";"0,00";"4300,00";"4300,00";"2628,76";"M13";"V30";"C0217"
"V006358";"09-01-2026";"magasin";"livree";"P0022";"3";"5,00";"1290,00";"1225,50";"617,10";"M24";"V58";"C0072"
"V006359";"09-01-2026";"MAGASIN";"Livree";"P0024";"1";"5,00";"770,00";"731,50";"465,89";"M11";"V25";"C0148"
"V006360";"09-01-2026";"Magasin";"Livree";"P0017";"2";"0,00";"900,00";"900,00";"513,66";"M12";"V27";"C0070"
"V006361";"09-01-2026";"MAGASIN";"Livree";"P0009";"1";"0,00";"505,00";"505,00";"297,17";"M04";"V09";"C0029"
"V006362";"10-01-2026";"WEB";"EnCours";"P0001";"1";"0,00";"1055,00";"1055,00";"627,64";"M14";"V33";"C0080"
"V006363";"10-01-2026";"WEB";"encours";"P0014";"1";"5,00";"635,00";"603,25";"333,47";"M19";"V46";"C0120"
"V006364";"10-01-2026";"Magasin";"livree";"P0013";"1";"0,00";"750,00";"750,00";"338,18";"M09";"V18";"C0038"
"V006365";"10-01-2026";"web";"Livree";"P0005";"1";"0,00";"325,00";"325,00";"148,71";"M20";"V48";"C0075"
"V006366";"10-01-2026";"Magasin";"Livree";"P0006";"1";"0,00";"1075,00";"1075,00";"657,19";"M10";"V20";"C0050"
"V006367";"10-01-2026";"Magasin";"Livree";"P0060";"1";"5,00";"40,00";"38,00";"20,46";"M18";"V44";"C0055"
"V006368";"11-01-2026";"MAGASIN";"LIVREE";"P0019";"2";"5,00";"1070,00";"1016,50";"614,96";"M01";"V03";"C0187"
"V006369";"11-01-2026";"MAGASIN";"encours";"P0014";"1";"5,00";"635,00";"603,25";"333,47";"M25";"V59";"C0189"
"V006370";"11-01-2026";"web";"EnCours";"P0058";"2";"0,00";"130,00";"130,00";"62,62";"M16";"V38";"C0166"
"V006371";"11-01-2026";"MAGASIN";"Livree";"P0056";"1";"0,00";"25,00";"25,00";"12,15";"M19";"V46";"C0164"
"V006372";"11-01-2026";"Magasin";"Livree";"P0015";"1";"10,00";"550,00";"495,00";"305,75";"M14";"V33";"C0096"
"V006373";"11-01-2026";"MAGASIN";"LIVREE";"P0009";"4";"5,00";"2020,00";"1919,00";"1188,68";"M12";"V27";"C0011"
"V006374";"11-01-2026";"web";"Livree";"P0062";"1";"0,00";"130,00";"130,00";"66,13";"M15";"V36";"C0071"
"V006375";"12-01-2026";"Web";"Livree";"P0002";"3";"0,00";"2100,00";"2100,00";"1058,28";"M04";"V09";"C0096"
"V006376";"12-01-2026";"Web";"livree";"P0058";"3";"0,00";"195,00";"195,00";"93,93";"M06";"V12";"C0168"
"V006377";"12-01-2026";"Magasin";"Livree";"P0013";"3";"10,00";"2250,00";"2025,00";"1014,54";"M14";"V32";"C0119"
"V006378";"12-01-2026";"Magasin";"LIVREE";"P0021";"3";"0,00";"1230,00";"1230,00";"568,23";"M14";"V33";"C0032"
"V006379";"12-01-2026";"Magasin";"LIVREE";"P0018";"1";"0,00";"865,00";"865,00";"441,11";"M19";"V46";"C0011"
"V006380";"12-01-2026";"Magasin";"encours";"P0002";"1";"5,00";"700,00";"665,00";"352,76";"M25";"V60";"C0114"
"V006381";"12-01-2026";"magasin";"Livree";"P0002";"1";"0,00";"700,00";"700,00";"352,76";"M02";"V04";"C0051"
"V006382";"12-01-2026";"Magasin";"Livree";"P0056";"1";"0,00";"25,00";"25,00";"12,15";"M08";"V17";"C0069"
"V006383";"12-01-2026";"Magasin";"livree";"P0006";"2";"0,00";"2150,00";"2150,00";"1314,38";"M25";"V60";"C0135"
"V006384";"12-01-2026";"Web";"Livree";"P0010";"1";"0,00";"955,00";"955,00";"512,94";"M09";"V18";"C0198"
"V006385";"12-01-2026";"Magasin";"Livree";"P0051";"2";"5,00";"310,00";"294,50";"155,70";"M05";"V11";"C0135"
"V006386";"12-01-2026";"Web";"LIVREE";"P0005";"2";"0,00";"650,00";"650,00";"297,42";"M22";"V53";"C0048"
"V006387";"12-01-2026";"magasin";"LIVREE";"P0019";"4";"0,00";"2140,00";"2140,00";"1229,92";"M02";"V05";"C0198"
"V006388";"13-01-2026";"Magasin";"Livree";"P0016";"2";"5,00";"770,00";"731,50";"357,48";"M18";"V44";"C0054"
"V006389";"13-01-2026";"Web";"Livree";"P0012";"1";"0,00";"1010,00";"1010,00";"588,54";"M02";"V04";"C0099"
"V006390";"13-01-2026";"Web";"Livree";"P0014";"1";"0,00";"635,00";"635,00";"333,47";"M10";"V21";"C0007"
"V006391";"13-01-2026";"magasin";"encours";"P0002";"1";"5,00";"700,00";"665,00";"352,76";"M23";"V55";"C0211"
"V006392";"13-01-2026";"Web";"Livree";"P0003";"1";"0,00";"710,00";"710,00";"395,33";"M18";"V44";"C0086"
"V006393";"13-01-2026";"MAGASIN";"Livree";"P0007";"1";"5,00";"955,00";"907,25";"443,15";"M17";"V42";"C0217"
"V006394";"14-01-2026";"MAGASIN";"livree";"P0053";"1";"0,00";"155,00";"155,00";"83,01";"M16";"V38";"C0065"
"V006395";"14-01-2026";"MAGASIN";"Livree";"P0008";"2";"0,00";"990,00";"990,00";"487,52";"M18";"V43";"C0208"
"V006396";"14-01-2026";"MAGASIN";"Livree";"P0008";"1";"0,00";"495,00";"495,00";"243,76";"M15";"V36";"C0055"
"V006397";"14-01-2026";"MAGASIN";"LIVREE";"P0014";"1";"0,00";"635,00";"635,00";"333,47";"M08";"V16";"C0005"
"V006398";"14-01-2026";"Web";"Livree";"P0054";"3";"5,00";"480,00";"456,00";"232,32";"M14";"V33";"C0216"
"V006399";"14-01-2026";"Web";"Livree";"P0010";"1";"0,00";"955,00";"955,00";"512,94";"M09";"V18";"C0182"
"V006400";"14-01-2026";"MAGASIN";"LIVREE";"P0003";"2";"0,00";"1420,00";"1420,00";"790,66";"M11";"V23";"C0140"
"V006401";"14-01-2026";"Web";"Livree";"P0005";"1";"0,00";"325,00";"325,00";"148,71";"M15";"V36";"C0010"
"V006402";"14-01-2026";"magasin";"Livree";"P0008";"1";"0,00";"495,00";"495,00";"243,76";"M10";"V21";"C0023"
"V006403";"14-01-2026";"Magasin";"Livree";"P0024";"2";"0,00";"1540,00";"1540,00";"931,78";"M09";"V19";"C0046"
"V006404";"14-01-2026";"magasin";"LIVREE";"P0059";"3";"0,00";"120,00";"120,00";"57,69";"M20";"V50";"C0094"
"V006405";"15-01-2026";"Magasin";"Livree";"P0007";"2";"0,00";"1910,00";"1910,00";"886,30";"M02";"V04";"C0184"
"V006406";"15-01-2026";"Web";"Livree";"P0017";"2";"5,00";"900,00";"855,00";"513,66";"M16";"V38";"C0114"
"V006407";"15-01-2026";"Magasin";"LIVREE";"P0017";"1";"0,00";"450,00";"450,00";"256,83";"M10";"V22";"C0131"
"V006408";"15-01-2026";"Magasin";"Annulee";"P0051";"1";"0,00";"155,00";"155,00";"77,85";"M15";"V35";"C0087"
"V006409";"15-01-2026";"Magasin";"livree";"P0051";"1";"0,00";"155,00";"155,00";"77,85";"M07";"V15";"C0116"
"V006410";"15-01-2026";"Magasin";"EnCours";"P0051";"3";"0,00";"465,00";"465,00";"233,55";"M24";"V57";"C0032"
"V006411";"15-01-2026";"Magasin";"livree";"P0021";"2";"5,00";"820,00";"779,00";"378,82";"M05";"V10";"C0063"
"V006412";"15-01-2026";"Magasin";"LIVREE";"P0022";"3";"0,00";"1290,00";"1290,00";"617,10";"M14";"V33";"C0154"
"V006413";"15-01-2026";"Magasin";"LIVREE";"P0060";"1";"0,00";"40,00";"40,00";"20,46";"M09";"V18";"C0185"
"V006414";"15-01-2026";"Web";"LIVREE";"P0019";"1";"0,00";"535,00";"535,00";"307,48";"M10";"V20";"C0215"
"V006415";"15-01-2026";"magasin";"Livree";"P0005";"1";"0,00";"325,00";"325,00";"148,71";"M15";"V34";"C0148"
"V006416";"15-01-2026";"Magasin";"Livree";"P0054";"2";"0,00";"320,00";"320,00";"154,88";"M08";"V16";"C0143"
"V006417";"16-01-2026";"MAGASIN";"EnCours";"P0056";"1";"0,00";"25,00";"25,00";"12,15";"M14";"V32";"C0100"
"V006418";"16-01-2026";"WEB";"Livree";"P0011";"1";"5,00";"1150,00";"1092,50";"671,97";"M21";"V52";"C0088"
"V006419";"16-01-2026";"Web";"Annulee";"P0023";"2";"0,00";"1400,00";"1400,00";"809,14";"M02";"V04";"C0097"
"V006420";"16-01-2026";"web";"Livree";"P0022";"1";"0,00";"430,00";"430,00";"205,70";"M20";"V49";"C0151"
"V006421";"16-01-2026";"WEB";"EnCours";"P0024";"1";"0,00";"770,00";"770,00";"465,89";"M05";"V10";"C0218"
"V006422";"16-01-2026";"magasin";"Livree";"P0021";"3";"0,00";"1230,00";"1230,00";"568,23";"M09";"V18";"C0083"
"V006423";"16-01-2026";"MAGASIN";"Livree";"P0018";"1";"0,00";"865,00";"865,00";"441,11";"M04";"V08";"C0150"
"V006424";"16-01-2026";"WEB";"LIVREE";"P0056";"3";"0,00";"75,00";"75,00";"36,45";"M17";"V40";"C0215"
"V006425";"16-01-2026";"Web";"LIVREE";"P0039";"1";"10,00";"1485,00";"1336,50";"673,51";"M12";"V27";"C0154"
"V006426";"16-01-2026";"magasin";"LIVREE";"P0062";"3";"0,00";"390,00";"390,00";"198,39";"M02";"V04";"C0095"
"V006427";"16-01-2026";"web";"Annulee";"P0007";"2";"0,00";"1910,00";"1910,00";"886,30";"M10";"V20";"C0049"
"V006428";"16-01-2026";"WEB";"Livree";"P0063";"1";"0,00";"105,00";"105,00";"58,21";"M13";"V31";"C0124"
"V006429";"16-01-2026";"WEB";"livree";"P0044";"2";"5,00";"3600,00";"3420,00";"2106,42";"M22";"V53";"C0026"
"V006430";"16-01-2026";"Magasin";"livree";"P0056";"2";"5,00";"50,00";"47,50";"24,30";"M10";"V21";"C0032"
"V006431";"16-01-2026";"WEB";"Livree";"P0013";"4";"0,00";"3000,00";"3000,00";"1352,72";"M20";"V50";"C0173"
"V006432";"16-01-2026";"Magasin";"Annulee";"P0064";"2";"5,00";"140,00";"133,00";"71,72";"M13";"V29";"C0054"
"V006433";"16-01-2026";"Magasin";"LIVREE";"P0057";"1";"0,00";"20,00";"20,00";"10,89";"M15";"V35";"C0190"
"V006434";"17-01-2026";"MAGASIN";"LIVREE";"P0024";"2";"0,00";"1540,00";"1540,00";"931,78";"M05";"V11";"C0099"
"V006435";"17-01-2026";"MAGASIN";"livree";"P0061";"1";"10,00";"140,00";"126,00";"75,47";"M03";"V07";"C0057"
"V006436";"17-01-2026";"Magasin";"Livree";"P0020";"4";"0,00";"1540,00";"1540,00";"871,88";"M10";"V22";"C0201"
"V006437";"17-01-2026";"Magasin";"Livree";"P0008";"1";"5,00";"495,00";"470,25";"243,76";"M05";"V10";"C0188"
"V006438";"17-01-2026";"Web";"Livree";"P0009";"1";"0,00";"505,00";"505,00";"297,17";"M09";"V19";"C0124"
"V006439";"17-01-2026";"MAGASIN";"LIVREE";"P0061";"1";"5,00";"140,00";"133,00";"75,47";"M08";"V17";"C0072"
"V006440";"17-01-2026";"magasin";"Livree";"P0024";"1";"0,00";"770,00";"770,00";"465,89";"M04";"V09";"C0157"
"V006441";"17-01-2026";"Magasin";"LIVREE";"P0006";"1";"0,00";"1075,00";"1075,00";"657,19";"M25";"V60";"C0037"
"V006442";"17-01-2026";"MAGASIN";"Livree";"P0056";"1";"0,00";"25,00";"25,00";"12,15";"M20";"V48";"C0036"
"V006443";"17-01-2026";"magasin";"livree";"P0020";"3";"0,00";"1155,00";"1155,00";"653,91";"M20";"V49";"C0093"
"V006444";"17-01-2026";"Magasin";"Livree";"P0017";"1";"5,00";"450,00";"427,50";"256,83";"M13";"V29";"C0103"
"V006445";"17-01-2026";"Magasin";"encours";"P0011";"1";"0,00";"1150,00";"1150,00";"671,97";"M19";"V47";"C0132"
"V006446";"18-01-2026";"Magasin";"LIVREE";"P0003";"1";"0,00";"710,00";"710,00";"395,33";"M01";"V01";"C0173"
"V006447";"18-01-2026";"magasin";"LIVREE";"P0006";"1";"0,00";"1075,00";"1075,00";"657,19";"M15";"V35";"C0029"
"V006448";"18-01-2026";"WEB";"LIVREE";"P0009";"4";"0,00";"2020,00";"2020,00";"1188,68";"M06";"V13";"C0124"
"V006449";"18-01-2026";"Magasin";"LIVREE";"P0015";"1";"0,00";"550,00";"550,00";"305,75";"M04";"V08";"C0186"
"V006450";"18-01-2026";"Magasin";"livree";"P0021";"1";"0,00";"410,00";"410,00";"189,41";"M10";"V20";"C0158"
"V006451";"18-01-2026";"WEB";"encours";"P0043";"1";"0,00";"2230,00";"2230,00";"1198,97";"M22";"V53";"C0024"
"V006452";"18-01-2026";"Web";"EnCours";"P0011";"2";"5,00";"2300,00";"2185,00";"1343,94";"M02";"V04";"C0137"
"V006453";"18-01-2026";"WEB";"encours";"P0003";"1";"0,00";"710,00";"710,00";"395,33";"M01";"V02";"C0185"
"V006454";"18-01-2026";"WEB";"Livree";"P0053";"1";"0,00";"155,00";"155,00";"83,01";"M12";"V27";"C0190"
"V006455";"18-01-2026";"Magasin";"LIVREE";"P0021";"1";"5,00";"410,00";"389,50";"189,41";"M15";"V35";"C0062"
"V006456";"19-01-2026";"MAGASIN";"EnCours";"P0057";"3";"0,00";"60,00";"60,00";"32,67";"M09";"V19";"C0113"
"V006457";"19-01-2026";"Magasin";"livree";"P0028";"1";"0,00";"130,00";"130,00";"67,26";"M20";"V50";"C0066"
"V006458";"19-01-2026";"Magasin";"EnCours";"P0012";"2";"5,00";"2020,00";"1919,00";"1177,08";"M22";"V53";"C0020"
"V006459";"19-01-2026";"magasin";"Livree";"P0058";"1";"0,00";"65,00";"65,00";"31,31";"M22";"V53";"C0099"
"V006460";"19-01-2026";"Magasin";"LIVREE";"P0009";"1";"5,00";"505,00";"479,75";"297,17";"M17";"V40";"C0042"
"V006461";"19-01-2026";"magasin";"LIVREE";"P0023";"1";"5,00";"700,00";"665,00";"404,57";"M17";"V41";"C0118"
"V006462";"19-01-2026";"Magasin";"Livree";"P0016";"1";"0,00";"385,00";"385,00";"178,74";"M08";"V17";"C0170"
"V006463";"19-01-2026";"web";"Livree";"P0012";"1";"0,00";"1010,00";"1010,00";"588,54";"M20";"V48";"C0216"
"V006464";"19-01-2026";"web";"encours";"P0011";"1";"0,00";"1150,00";"1150,00";"671,97";"M20";"V49";"C0001"
"V006465";"19-01-2026";"Magasin";"Livree";"P0009";"1";"5,00";"505,00";"479,75";"297,17";"M19";"V45";"C0151"
"V006466";"19-01-2026";"WEB";"LIVREE";"P0006";"1";"0,00";"1075,00";"1075,00";"657,19";"M04";"V09";"C0151"
"V006467";"19-01-2026";"WEB";"Livree";"P0011";"1";"5,00";"1150,00";"1092,50";"671,97";"M10";"V21";"C0046"
"V006468";"19-01-2026";"Magasin";"livree";"P0024";"2";"0,00";"1540,00";"1540,00";"931,78";"M25";"V60";"C0144"
"V006469";"19-01-2026";"Magasin";"LIVREE";"P0063";"2";"0,00";"210,00";"210,00";"116,42";"M01";"V01";"C0188"
"V006470";"19-01-2026";"MAGASIN";"Livree";"P0003";"1";"0,00";"710,00";"710,00";"395,33";"M08";"V16";"C0116"
"V006471";"19-01-2026";"magasin";"Livree";"P0061";"1";"10,00";"140,00";"126,00";"75,47";"M05";"V11";"C0038"
"V006472";"19-01-2026";"WEB";"LIVREE";"P0061";"2";"0,00";"280,00";"280,00";"150,94";"M21";"V51";"C0121"
"V006473";"19-01-2026";"magasin";"livree";"P0020";"1";"0,00";"385,00";"385,00";"217,97";"M12";"V27";"C0193"
"V006474";"19-01-2026";"Magasin";"livree";"P0006";"1";"5,00";"1075,00";"1021,25";"657,19";"M07";"V14";"C0185"
"V006475";"19-01-2026";"web";"LIVREE";"P0009";"3";"0,00";"1515,00";"1515,00";"891,51";"M08";"V17";"C0030"
"V006476";"20-01-2026";"Magasin";"Livree";"P0005";"1";"0,00";"325,00";"325,00";"148,71";"M25";"V59";"C0030"
"V006477";"20-01-2026";"Magasin";"Livree";"P0011";"1";"0,00";"1150,00";"1150,00";"671,97";"M02";"V04";"C0074"
"V006478";"20-01-2026";"magasin";"Livree";"P0056";"1";"5,00";"25,00";"23,75";"12,15";"M21";"V51";"C0088"
"V006479";"20-01-2026";"WEB";"EnCours";"P0001";"2";"10,00";"2110,00";"1899,00";"1255,28";"M13";"V30";"C0009"
"V006480";"20-01-2026";"Magasin";"LIVREE";"P0054";"4";"0,00";"640,00";"640,00";"309,76";"M05";"V10";"C0008"
"V006481";"20-01-2026";"Magasin";"Livree";"P0062";"1";"0,00";"130,00";"130,00";"66,13";"M25";"V60";"C0164"
"V006482";"20-01-2026";"Web";"LIVREE";"P0014";"1";"5,00";"635,00";"603,25";"333,47";"M06";"V13";"C0046"
"V006483";"20-01-2026";"Magasin";"Livree";"P0001";"3";"5,00";"3165,00";"3006,75";"1882,92";"M11";"V25";"C0103"
"V006484";"20-01-2026";"magasin";"Livree";"P0004";"1";"5,00";"960,00";"912,00";"561,87";"M19";"V46";"C0199"
"V006485";"20-01-2026";"web";"livree";"P0013";"3";"5,00";"2250,00";"2137,50";"1014,54";"M11";"V23";"C0140"
"V006486";"21-01-2026";"MAGASIN";"LIVREE";"P0007";"3";"0,00";"2865,00";"2865,00";"1329,45";"M04";"V09";"C0171"
"V006487";"21-01-2026";"WEB";"LIVREE";"P0055";"1";"0,00";"40,00";"40,00";"19,21";"M05";"V11";"C0143"
"V006488";"21-01-2026";"MAGASIN";"livree";"P0002";"2";"5,00";"1400,00";"1330,00";"705,52";"M09";"V19";"C0199"
"V006489";"21-01-2026";"Magasin";"Livree";"P0038";"1";"0,00";"230,00";"230,00";"119,32";"M24";"V58";"C0094"
"V006490";"21-01-2026";"web";"LIVREE";"P0036";"2";"0,00";"210,00";"210,00";"115,82";"M16";"V38";"C0121"
"V006491";"21-01-2026";"Magasin";"Livree";"P0020";"2";"0,00";"770,00";"770,00";"435,94";"M17";"V40";"C0194"
"V006492";"21-01-2026";"Magasin";"Livree";"P0014";"2";"0,00";"1270,00";"1270,00";"666,94";"M04";"V09";"C0061"
"V006493";"21-01-2026";"MAGASIN";"LIVREE";"P0062";"3";"0,00";"390,00";"390,00";"198,39";"M03";"V06";"C0159"
"V006494";"21-01-2026";"Magasin";"Livree";"P0013";"1";"10,00";"750,00";"675,00";"338,18";"M01";"V02";"C0005"
"V006495";"22-01-2026";"magasin";"livree";"P0061";"1";"10,00";"140,00";"126,00";"75,47";"M04";"V08";"C0002"
"V006496";"22-01-2026";"Web";"LIVREE";"P0052";"4";"0,00";"540,00";"540,00";"290,04";"M11";"V23";"C0134"
"V006497";"22-01-2026";"WEB";"Livree";"P0060";"1";"5,00";"40,00";"38,00";"20,46";"M13";"V30";"C0007"
"V006498";"22-01-2026";"Magasin";"livree";"P0012";"2";"0,00";"2020,00";"2020,00";"1177,08";"M16";"V37";"C0137"
"V006499";"22-01-2026";"Magasin";"Annulee";"P0056";"1";"0,00";"25,00";"25,00";"12,15";"M07";"V15";"C0130"
"V006500";"22-01-2026";"magasin";"Livree";"P0052";"4";"0,00";"540,00";"540,00";"290,04";"M09";"V19";"C0210"
"V006501";"22-01-2026";"magasin";"livree";"P0057";"1";"0,00";"20,00";"20,00";"10,89";"M20";"V49";"C0217"
"V006502";"22-01-2026";"WEB";"LIVREE";"P0026";"1";"0,00";"275,00";"275,00";"137,45";"M08";"V16";"C0097"
"V006503";"22-01-2026";"web";"Livree";"P0034";"1";"0,00";"200,00";"200,00";"118,44";"M06";"V12";"C0096"
"V006504";"22-01-2026";"Magasin";"LIVREE";"P0057";"2";"0,00";"40,00";"40,00";"21,78";"M11";"V25";"C0177"
"V006505";"22-01-2026";"Web";"Livree";"P0006";"2";"0,00";"2150,00";"2150,00";"1314,38";"M18";"V43";"C0033"
"V006506";"22-01-2026";"Magasin";"Livree";"P0056";"1";"10,00";"25,00";"22,50";"12,15";"M21";"V51";"C0183"
"V006507";"22-01-2026";"magasin";"livree";"P0006";"1";"5,00";"1075,00";"1021,25";"657,19";"M08";"V16";"C0120"
"V006508";"22-01-2026";"magasin";"livree";"P0003";"2";"5,00";"1420,00";"1349,00";"790,66";"M23";"V56";"C0219"
"V006509";"22-01-2026";"magasin";"Livree";"P0064";"2";"5,00";"140,00";"133,00";"71,72";"M21";"V51";"C0107"
"V006510";"23-01-2026";"magasin";"EnCours";"P0052";"1";"5,00";"135,00";"128,25";"72,51";"M22";"V53";"C0184"
"V006511";"23-01-2026";"MAGASIN";"LIVREE";"P0053";"2";"0,00";"310,00";"310,00";"166,02";"M08";"V17";"C0086"
"V006512";"23-01-2026";"MAGASIN";"EnCours";"P0063";"2";"0,00";"210,00";"210,00";"116,42";"M21";"V52";"C0184"
"V006513";"23-01-2026";"magasin";"Livree";"P0011";"1";"10,00";"1150,00";"1035,00";"671,97";"M16";"V39";"C0056"
"V006514";"23-01-2026";"Magasin";"LIVREE";"P0005";"1";"0,00";"325,00";"325,00";"148,71";"M23";"V56";"C0096"
"V006515";"23-01-2026";"Magasin";"Livree";"P0057";"2";"0,00";"40,00";"40,00";"21,78";"M04";"V09";"C0121"
"V006516";"23-01-2026";"MAGASIN";"livree";"P0024";"2";"0,00";"1540,00";"1540,00";"931,78";"M12";"V26";"C0112"
"V006517";"23-01-2026";"web";"LIVREE";"P0002";"1";"0,00";"700,00";"700,00";"352,76";"M18";"V44";"C0053"
"V006518";"23-01-2026";"WEB";"livree";"P0006";"1";"5,00";"1075,00";"1021,25";"657,19";"M05";"V10";"C0001"
"V006519";"23-01-2026";"MAGASIN";"livree";"P0051";"1";"0,00";"155,00";"155,00";"77,85";"M15";"V34";"C0119"
"V006520";"23-01-2026";"Magasin";"Livree";"P0007";"4";"0,00";"3820,00";"3820,00";"1772,60";"M06";"V12";"C0069"
"V006521";"23-01-2026";"Magasin";"Livree";"P0005";"1";"0,00";"325,00";"325,00";"148,71";"M18";"V43";"C0137"
"V006522";"23-01-2026";"Web";"Livree";"P0001";"2";"0,00";"2110,00";"2110,00";"1255,28";"M21";"V52";"C0146"
"V006523";"23-01-2026";"web";"EnCours";"P0020";"3";"10,00";"1155,00";"1039,50";"653,91";"M24";"V57";"C0044"
"V006524";"24-01-2026";"WEB";"LIVREE";"P0006";"1";"0,00";"1075,00";"1075,00";"657,19";"M23";"V55";"C0170"
"V006525";"24-01-2026";"MAGASIN";"livree";"P0002";"1";"0,00";"700,00";"700,00";"352,76";"M24";"V58";"C0096"
"V006526";"24-01-2026";"Web";"Livree";"P0008";"2";"10,00";"990,00";"891,00";"487,52";"M18";"V44";"C0035"
"V006527";"24-01-2026";"web";"LIVREE";"P0013";"2";"5,00";"1500,00";"1425,00";"676,36";"M20";"V50";"C0155"
"V006528";"24-01-2026";"magasin";"LIVREE";"P0016";"1";"5,00";"385,00";"365,75";"178,74";"M02";"V05";"C0063"
"V006529";"24-01-2026";"MAGASIN";"LIVREE";"P0021";"1";"0,00";"410,00";"410,00";"189,41";"M10";"V22";"C0051"
"V006530";"24-01-2026";"MAGASIN";"Livree";"P0031";"2";"0,00";"300,00";"300,00";"184,48";"M15";"V35";"C0156"
"V006531";"24-01-2026";"Magasin";"Annulee";"P0040";"2";"10,00";"3820,00";"3438,00";"2077,84";"M11";"V25";"C0032"
"V006532";"24-01-2026";"MAGASIN";"Livree";"P0062";"1";"0,00";"130,00";"130,00";"66,13";"M15";"V36";"C0087"
"V006533";"24-01-2026";"Magasin";"livree";"P0014";"1";"5,00";"635,00";"603,25";"333,47";"M23";"V55";"C0131"
"V006534";"24-01-2026";"Magasin";"Livree";"P0021";"1";"10,00";"410,00";"369,00";"189,41";"M24";"V58";"C0085"
"V006535";"24-01-2026";"Web";"livree";"P0017";"1";"0,00";"450,00";"450,00";"256,83";"M04";"V09";"C0106"
"V006536";"25-01-2026";"WEB";"LIVREE";"P0053";"1";"0,00";"155,00";"155,00";"83,01";"M20";"V48";"C0099"
"V006537";"25-01-2026";"web";"Livree";"P0041";"1";"10,00";"2225,00";"2002,50";"1348,70";"M24";"V57";"C0216"
"V006538";"25-01-2026";"web";"livree";"P0004";"1";"0,00";"960,00";"960,00";"561,87";"M15";"V36";"C0069"
"V006539";"25-01-2026";"WEB";"LIVREE";"P0022";"1";"10,00";"430,00";"387,00";"205,70";"M20";"V49";"C0122"
"V006540";"25-01-2026";"Magasin";"LIVREE";"P0018";"1";"0,00";"865,00";"865,00";"441,11";"M02";"V05";"C0206"
"V006541";"25-01-2026";"Magasin";"livree";"P0022";"4";"0,00";"1720,00";"1720,00";"822,80";"M10";"V21";"C0100"
"V006542";"25-01-2026";"MAGASIN";"Livree";"P0011";"1";"0,00";"1150,00";"1150,00";"671,97";"M08";"V17";"C0217"
"V006543";"25-01-2026";"web";"EnCours";"P0058";"3";"5,00";"195,00";"185,25";"93,93";"M17";"V40";"C0139"
"V006544";"25-01-2026";"MAGASIN";"Livree";"P0003";"2";"0,00";"1420,00";"1420,00";"790,66";"M10";"V22";"C0097"
"V006545";"25-01-2026";"web";"Annulee";"P0040";"2";"0,00";"3820,00";"3820,00";"2077,84";"M01";"V03";"C0194"
"V006546";"26-01-2026";"Web";"Livree";"P0018";"1";"0,00";"865,00";"865,00";"441,11";"M05";"V10";"C0204"
"V006547";"26-01-2026";"magasin";"Livree";"P0021";"1";"0,00";"410,00";"410,00";"189,41";"M04";"V08";"C0063"
"V006548";"26-01-2026";"Magasin";"LIVREE";"P0062";"1";"0,00";"130,00";"130,00";"66,13";"M11";"V24";"C0040"
"V006549";"26-01-2026";"Magasin";"Livree";"P0019";"4";"5,00";"2140,00";"2033,00";"1229,92";"M20";"V48";"C0016"
"V006550";"26-01-2026";"WEB";"Annulee";"P0017";"1";"0,00";"450,00";"450,00";"256,83";"M19";"V47";"C0179"
"V006551";"26-01-2026";"Magasin";"livree";"P0006";"1";"10,00";"1075,00";"967,50";"657,19";"M23";"V55";"C0103"
"V006552";"26-01-2026";"WEB";"livree";"P0031";"1";"0,00";"150,00";"150,00";"92,24";"M25";"V59";"C0114"
"V006553";"26-01-2026";"Web";"Livree";"P0036";"2";"10,00";"210,00";"189,00";"115,82";"M04";"V09";"C0204"
"V006554";"26-01-2026";"Magasin";"EnCours";"P0019";"3";"0,00";"1605,00";"1605,00";"922,44";"M19";"V46";"C0008"
"V006555";"26-01-2026";"magasin";"Livree";"P0015";"2";"0,00";"1100,00";"1100,00";"611,50";"M24";"V57";"C0125"
"V006556";"26-01-2026";"Magasin";"LIVREE";"P0026";"1";"0,00";"275,00";"275,00";"137,45";"M02";"V04";"C0004"
"V006557";"26-01-2026";"Magasin";"Livree";"P0045";"3";"0,00";"975,00";"975,00";"447,57";"M05";"V10";"C0016"
"V006558";"26-01-2026";"web";"LIVREE";"P0007";"2";"0,00";"1910,00";"1910,00";"886,30";"M11";"V24";"C0091"
"V006559";"26-01-2026";"web";"Livree";"P0053";"1";"10,00";"155,00";"139,50";"83,01";"M18";"V44";"C0023"
"V006560";"26-01-2026";"Magasin";"Livree";"P0051";"1";"0,00";"155,00";"155,00";"77,85";"M15";"V35";"C0053"
"V006561";"27-01-2026";"MAGASIN";"LIVREE";"P0005";"2";"0,00";"650,00";"650,00";"297,42";"M20";"V49";"C0169"
"V006562";"27-01-2026";"Magasin";"LIVREE";"P0053";"3";"0,00";"465,00";"465,00";"249,03";"M24";"V58";"C0163"
"V006563";"27-01-2026";"Magasin";"livree";"P0001";"3";"0,00";"3165,00";"3165,00";"1882,92";"M20";"V49";"C0142"
"V006564";"27-01-2026";"web";"Livree";"P0010";"3";"0,00";"2865,00";"2865,00";"1538,82";"M24";"V58";"C0047"
"V006565";"27-01-2026";"Web";"LIVREE";"P0019";"2";"0,00";"1070,00";"1070,00";"614,96";"M08";"V17";"C0020"
"V006566";"27-01-2026";"magasin";"LIVREE";"P0022";"1";"0,00";"430,00";"430,00";"205,70";"M19";"V47";"C0118"
"V006567";"27-01-2026";"MAGASIN";"LIVREE";"P0009";"3";"10,00";"1515,00";"1363,50";"891,51";"M19";"V47";"C0170"
"V006568";"27-01-2026";"MAGASIN";"EnCours";"P0057";"1";"0,00";"20,00";"20,00";"10,89";"M24";"V58";"C0119"
"V006569";"27-01-2026";"WEB";"Livree";"P0013";"2";"0,00";"1500,00";"1500,00";"676,36";"M22";"V54";"C0115"
"V006570";"27-01-2026";"Magasin";"livree";"P0055";"1";"0,00";"40,00";"40,00";"19,21";"M23";"V55";"C0153"
"V006571";"27-01-2026";"Magasin";"LIVREE";"P0012";"2";"0,00";"2020,00";"2020,00";"1177,08";"M11";"V25";"C0214"
"V006572";"27-01-2026";"Web";"LIVREE";"P0017";"2";"0,00";"900,00";"900,00";"513,66";"M01";"V03";"C0118"
"V006573";"27-01-2026";"Magasin";"LIVREE";"P0005";"2";"10,00";"650,00";"585,00";"297,42";"M07";"V14";"C0210"
"V006574";"27-01-2026";"MAGASIN";"LIVREE";"P0058";"2";"0,00";"130,00";"130,00";"62,62";"M06";"V12";"C0176"
"V006575";"27-01-2026";"Magasin";"Livree";"P0003";"4";"10,00";"2840,00";"2556,00";"1581,32";"M05";"V10";"C0197"
"V006576";"27-01-2026";"Magasin";"LIVREE";"P0008";"1";"0,00";"495,00";"495,00";"243,76";"M11";"V23";"C0129"
"V006577";"27-01-2026";"MAGASIN";"LIVREE";"P0017";"2";"0,00";"900,00";"900,00";"513,66";"M19";"V47";"C0073"
"V006578";"28-01-2026";"Magasin";"LIVREE";"P0017";"3";"5,00";"1350,00";"1282,50";"770,49";"M06";"V13";"C0155"
"V006579";"28-01-2026";"magasin";"livree";"P0057";"2";"0,00";"40,00";"40,00";"21,78";"M06";"V13";"C0218"
"V006580";"28-01-2026";"magasin";"EnCours";"P0063";"1";"10,00";"105,00";"94,50";"58,21";"M12";"V28";"C0009"
"V006581";"28-01-2026";"web";"LIVREE";"P0019";"2";"0,00";"1070,00";"1070,00";"614,96";"M15";"V35";"C0045"
"V006582";"28-01-2026";"magasin";"EnCours";"P0057";"3";"5,00";"60,00";"57,00";"32,67";"M16";"V37";"C0178"
"V006583";"28-01-2026";"Magasin";"Livree";"P0059";"2";"10,00";"80,00";"72,00";"38,46";"M04";"V09";"C0117"
"V006584";"28-01-2026";"Magasin";"LIVREE";"P0056";"2";"0,00";"50,00";"50,00";"24,30";"M07";"V14";"C0150"
"V006585";"28-01-2026";"Magasin";"livree";"P0025";"3";"0,00";"165,00";"165,00";"97,11";"M06";"V13";"C0194"
"V006586";"28-01-2026";"MAGASIN";"Livree";"P0012";"2";"0,00";"2020,00";"2020,00";"1177,08";"M09";"V19";"C0004"
"V006587";"28-01-2026";"Magasin";"LIVREE";"P0016";"1";"5,00";"385,00";"365,75";"178,74";"M20";"V49";"C0172"
"V006588";"28-01-2026";"MAGASIN";"LIVREE";"P0063";"3";"0,00";"315,00";"315,00";"174,63";"M20";"V49";"C0144"
"V006589";"29-01-2026";"web";"Livree";"P0058";"1";"0,00";"65,00";"65,00";"31,31";"M07";"V14";"C0016"
"V006590";"29-01-2026";"Magasin";"EnCours";"P0037";"2";"0,00";"460,00";"460,00";"231,90";"M15";"V36";"C0209"
"V006591";"29-01-2026";"Web";"LIVREE";"P0017";"1";"0,00";"450,00";"450,00";"256,83";"M22";"V54";"C0028"
"V006592";"29-01-2026";"magasin";"Livree";"P0003";"3";"0,00";"2130,00";"2130,00";"1185,99";"M24";"V57";"C0197"
"V006593";"29-01-2026";"Magasin";"Livree";"P0047";"3";"5,00";"4995,00";"4745,25";"3012,21";"M20";"V50";"C0201"
"V006594";"30-01-2026";"Magasin";"Livree";"P0007";"2";"0,00";"1910,00";"1910,00";"886,30";"M20";"V49";"C0081"
"V006595";"30-01-2026";"Magasin";"Livree";"P0052";"1";"0,00";"135,00";"135,00";"72,51";"M04";"V09";"C0204"
"V006596";"30-01-2026";"WEB";"LIVREE";"P0040";"2";"0,00";"3820,00";"3820,00";"2077,84";"M10";"V20";"C0147"
"V006597";"30-01-2026";"Magasin";"Livree";"P0018";"1";"5,00";"865,00";"821,75";"441,11";"M05";"V10";"C0019"
"V006598";"30-01-2026";"Magasin";"Livree";"P0063";"2";"0,00";"210,00";"210,00";"116,42";"M15";"V35";"C0185"
"V006599";"30-01-2026";"MAGASIN";"Livree";"P0014";"1";"5,00";"635,00";"603,25";"333,47";"M19";"V45";"C0075"
"V006600";"30-01-2026";"Magasin";"LIVREE";"P0014";"1";"0,00";"635,00";"635,00";"333,47";"M03";"V07";"C0112"
"V006601";"30-01-2026";"Magasin";"Livree";"P0059";"3";"0,00";"120,00";"120,00";"57,69";"M08";"V17";"C0067"
"V006602";"30-01-2026";"magasin";"livree";"P0004";"2";"0,00";"1920,00";"1920,00";"1123,74";"M06";"V12";"C0076"
"V006603";"30-01-2026";"MAGASIN";"Annulee";"P0051";"2";"5,00";"310,00";"294,50";"155,70";"M24";"V58";"C0116"
"V006604";"30-01-2026";"Magasin";"Livree";"P0018";"1";"5,00";"865,00";"821,75";"441,11";"M11";"V25";"C0159"
"V006605";"30-01-2026";"Web";"livree";"P0031";"1";"5,00";"150,00";"142,50";"92,24";"M24";"V58";"C0096"
"V006606";"30-01-2026";"MAGASIN";"livree";"P0037";"1";"0,00";"230,00";"230,00";"115,95";"M11";"V24";"C0142"
"V006607";"31-01-2026";"Magasin";"Livree";"P0009";"1";"0,00";"505,00";"505,00";"297,17";"M07";"V15";"C0118"
"V006608";"31-01-2026";"WEB";"LIVREE";"P0015";"3";"0,00";"1650,00";"1650,00";"917,25";"M08";"V17";"C0055"
"V006609";"31-01-2026";"WEB";"Livree";"P0054";"4";"5,00";"640,00";"608,00";"309,76";"M07";"V14";"C0157"
"V006610";"31-01-2026";"Web";"livree";"P0006";"4";"10,00";"4300,00";"3870,00";"2628,76";"M23";"V56";"C0103"
"V006611";"31-01-2026";"Web";"LIVREE";"P0007";"2";"0,00";"1910,00";"1910,00";"886,30";"M15";"V34";"C0117"
"V006612";"31-01-2026";"Magasin";"LIVREE";"P0022";"1";"0,00";"430,00";"430,00";"205,70";"M20";"V50";"C0115"
"V006613";"31-01-2026";"Web";"Livree";"P0017";"2";"0,00";"900,00";"900,00";"513,66";"M03";"V06";"C0112"
"V006614";"31-01-2026";"Magasin";"LIVREE";"P0054";"4";"0,00";"640,00";"640,00";"309,76";"M17";"V42";"C0155"
"V006615";"31-01-2026";"WEB";"EnCours";"P0057";"2";"0,00";"40,00";"40,00";"21,78";"M21";"V51";"C0084"
"V006616";"31-01-2026";"Magasin";"Livree";"P0052";"2";"5,00";"270,00";"256,50";"145,02";"M09";"V19";"C0099"
"V006617";"31-01-2026";"Magasin";"livree";"P0015";"2";"0,00";"1100,00";"1100,00";"611,50";"M25";"V60";"C0016"
"V006618";"31-01-2026";"Web";"Livree";"P0008";"1";"0,00";"495,00";"495,00";"243,76";"M08";"V17";"C0167"
"V006619";"31-01-2026";"Web";"LIVREE";"P0012";"1";"0,00";"1010,00";"1010,00";"588,54";"M05";"V11";"C0069"
"V006620";"31-01-2026";"Magasin";"encours";"P0063";"3";"0,00";"315,00";"315,00";"174,63";"M21";"V52";"C0104"
"V006621";"31-01-2026";"Magasin";"LIVREE";"P0024";"1";"5,00";"770,00";"731,50";"465,89";"M25";"V60";"C0022"
"V006622";"31-01-2026";"magasin";"LIVREE";"P0019";"2";"0,00";"1070,00";"1070,00";"614,96";"M25";"V59";"C0135"
"V006623";"31-01-2026";"MAGASIN";"Livree";"P0064";"1";"0,00";"70,00";"70,00";"35,86";"M24";"V57";"C0007"
"V006624";"31-01-2026";"magasin";"livree";"P0022";"1";"5,00";"430,00";"408,50";"205,70";"M12";"V27";"C0102"
"V006625";"31-01-2026";"web";"LIVREE";"P0017";"1";"0,00";"450,00";"450,00";"256,83";"M07";"V14";"C0023"
"V006626";"31-01-2026";"Magasin";"LIVREE";"P0019";"1";"0,00";"535,00";"535,00";"307,48";"M11";"V25";"C0117"
"V006627";"01-02-2026";"Magasin";"Annulee";"P0012";"1";"10,00";"1010,00";"909,00";"588,54";"M14";"V33";"C0053"
"V006628";"01-02-2026";"Magasin";"Annulee";"P0004";"1";"10,00";"960,00";"864,00";"561,87";"M05";"V11";"C0105"
"V006629";"01-02-2026";"Magasin";"Livree";"P0010";"3";"0,00";"2865,00";"2865,00";"1538,82";"M08";"V16";"C0055"
"V006630";"01-02-2026";"Magasin";"LIVREE";"P0054";"1";"0,00";"160,00";"160,00";"77,44";"M12";"V26";"C0200"
"V006631";"01-02-2026";"Magasin";"livree";"P0054";"1";"0,00";"160,00";"160,00";"77,44";"M08";"V17";"C0029"
"V006632";"01-02-2026";"WEB";"Livree";"P0017";"3";"0,00";"1350,00";"1350,00";"770,49";"M20";"V48";"C0043"
"V006633";"01-02-2026";"magasin";"LIVREE";"P0010";"1";"0,00";"955,00";"955,00";"512,94";"M10";"V21";"C0124"
"V006634";"01-02-2026";"Magasin";"Livree";"P0053";"3";"0,00";"465,00";"465,00";"249,03";"M12";"V27";"C0001"
"V006635";"01-02-2026";"magasin";"LIVREE";"P0012";"1";"5,00";"1010,00";"959,50";"588,54";"M06";"V12";"C0097"
"V006636";"01-02-2026";"MAGASIN";"livree";"P0058";"1";"0,00";"65,00";"65,00";"31,31";"M10";"V21";"C0215"
"V006637";"01-02-2026";"MAGASIN";"EnCours";"P0043";"1";"0,00";"2230,00";"2230,00";"1198,97";"M13";"V29";"C0043"
"V006638";"01-02-2026";"Magasin";"Livree";"P0053";"1";"0,00";"155,00";"155,00";"83,01";"M17";"V41";"C0103"
"V006639";"02-02-2026";"Web";"Livree";"P0044";"1";"0,00";"1800,00";"1800,00";"1053,21";"M20";"V48";"C0046"
"V006640";"02-02-2026";"WEB";"Livree";"P0009";"1";"5,00";"505,00";"479,75";"297,17";"M01";"V01";"C0056"
"V006641";"02-02-2026";"Magasin";"livree";"P0044";"1";"0,00";"1800,00";"1800,00";"1053,21";"M13";"V30";"C0025"
"V006642";"02-02-2026";"Web";"Livree";"P0062";"1";"10,00";"130,00";"117,00";"66,13";"M20";"V49";"C0168"
"V006643";"02-02-2026";"MAGASIN";"livree";"P0002";"1";"10,00";"700,00";"630,00";"352,76";"M22";"V54";"C0194"
"V006644";"02-02-2026";"MAGASIN";"Livree";"P0002";"2";"0,00";"1400,00";"1400,00";"705,52";"M07";"V15";"C0184"
"V006645";"02-02-2026";"Magasin";"Livree";"P0005";"1";"10,00";"325,00";"292,50";"148,71";"M09";"V19";"C0123"
"V006646";"02-02-2026";"magasin";"livree";"P0034";"1";"10,00";"200,00";"180,00";"118,44";"M09";"V18";"C0048"
"V006647";"02-02-2026";"Magasin";"livree";"P0022";"1";"0,00";"430,00";"430,00";"205,70";"M10";"V20";"C0199"
"V006648";"03-02-2026";"magasin";"LIVREE";"P0043";"2";"0,00";"4460,00";"4460,00";"2397,94";"M20";"V48";"C0105"
"V006649";"03-02-2026";"magasin";"Livree";"P0034";"2";"0,00";"400,00";"400,00";"236,88";"M24";"V57";"C0112"
"V006650";"03-02-2026";"Magasin";"Livree";"P0008";"2";"5,00";"990,00";"940,50";"487,52";"M11";"V24";"C0039"
"V006651";"03-02-2026";"MAGASIN";"Livree";"P0019";"2";"0,00";"1070,00";"1070,00";"614,96";"M22";"V53";"C0055"
"V006652";"03-02-2026";"MAGASIN";"LIVREE";"P0059";"3";"0,00";"120,00";"120,00";"57,69";"M18";"V43";"C0201"
"V006653";"03-02-2026";"Magasin";"Livree";"P0022";"1";"5,00";"430,00";"408,50";"205,70";"M17";"V41";"C0190"
"V006654";"03-02-2026";"Magasin";"LIVREE";"P0060";"2";"0,00";"80,00";"80,00";"40,92";"M24";"V57";"C0147"
"V006655";"03-02-2026";"MAGASIN";"LIVREE";"P0035";"1";"0,00";"170,00";"170,00";"91,98";"M18";"V44";"C0096"
"V006656";"03-02-2026";"magasin";"Livree";"P0051";"3";"0,00";"465,00";"465,00";"233,55";"M21";"V52";"C0045"
"V006657";"03-02-2026";"Magasin";"Livree";"P0004";"1";"0,00";"960,00";"960,00";"561,87";"M24";"V57";"C0102"
"V006658";"03-02-2026";"Magasin";"Annulee";"P0019";"1";"0,00";"535,00";"535,00";"307,48";"M07";"V15";"C0088"
"V006659";"03-02-2026";"Magasin";"Livree";"P0012";"4";"5,00";"4040,00";"3838,00";"2354,16";"M03";"V06";"C0162"
"V006660";"03-02-2026";"magasin";"LIVREE";"P0011";"1";"5,00";"1150,00";"1092,50";"671,97";"M10";"V21";"C0044"
"V006661";"03-02-2026";"magasin";"LIVREE";"P0012";"1";"5,00";"1010,00";"959,50";"588,54";"M07";"V14";"C0192"
"V006662";"03-02-2026";"Magasin";"Annulee";"P0016";"3";"5,00";"1155,00";"1097,25";"536,22";"M09";"V19";"C0160"
"V006663";"03-02-2026";"Magasin";"LIVREE";"P0051";"1";"0,00";"155,00";"155,00";"77,85";"M09";"V18";"C0182"
"V006664";"03-02-2026";"Magasin";"EnCours";"P0020";"1";"0,00";"385,00";"385,00";"217,97";"M07";"V14";"C0037"
"V006665";"03-02-2026";"Magasin";"livree";"P0054";"1";"0,00";"160,00";"160,00";"77,44";"M09";"V18";"C0173"
"V006666";"04-02-2026";"Web";"Livree";"P0024";"1";"0,00";"770,00";"770,00";"465,89";"M21";"V52";"C0046"
"V006667";"04-02-2026";"Magasin";"Livree";"P0047";"1";"0,00";"1665,00";"1665,00";"1004,07";"M06";"V13";"C0020"
"V006668";"04-02-2026";"magasin";"Livree";"P0058";"3";"0,00";"195,00";"195,00";"93,93";"M10";"V22";"C0030"
"V006669";"04-02-2026";"WEB";"livree";"P0001";"1";"0,00";"1055,00";"1055,00";"627,64";"M05";"V11";"C0077"
"V006670";"04-02-2026";"WEB";"Livree";"P0011";"1";"0,00";"1150,00";"1150,00";"671,97";"M05";"V10";"C0178"
"V006671";"04-02-2026";"Magasin";"LIVREE";"P0017";"1";"0,00";"450,00";"450,00";"256,83";"M03";"V06";"C0102"
"V006672";"04-02-2026";"Magasin";"Livree";"P0022";"1";"0,00";"430,00";"430,00";"205,70";"M17";"V41";"C0055"
"V006673";"04-02-2026";"Web";"Livree";"P0018";"1";"5,00";"865,00";"821,75";"441,11";"M09";"V18";"C0086"
"V006674";"04-02-2026";"Magasin";"Livree";"P0005";"1";"5,00";"325,00";"308,75";"148,71";"M20";"V50";"C0134"
"V006675";"04-02-2026";"MAGASIN";"Livree";"P0015";"2";"5,00";"1100,00";"1045,00";"611,50";"M18";"V43";"C0022"
"V006676";"04-02-2026";"WEB";"livree";"P0001";"1";"0,00";"1055,00";"1055,00";"627,64";"M04";"V08";"C0004"
"V006677";"05-02-2026";"Magasin";"Livree";"P0026";"1";"0,00";"275,00";"275,00";"137,45";"M09";"V18";"C0177"
"V006678";"05-02-2026";"Magasin";"Livree";"P0055";"3";"0,00";"120,00";"120,00";"57,63";"M03";"V06";"C0208"
"V006679";"05-02-2026";"Magasin";"Livree";"P0054";"1";"0,00";"160,00";"160,00";"77,44";"M25";"V59";"C0081"
"V006680";"05-02-2026";"Magasin";"LIVREE";"P0060";"1";"10,00";"40,00";"36,00";"20,46";"M24";"V57";"C0191"
"V006681";"05-02-2026";"Magasin";"LIVREE";"P0015";"3";"0,00";"1650,00";"1650,00";"917,25";"M11";"V24";"C0179"
"V006682";"05-02-2026";"web";"LIVREE";"P0060";"1";"10,00";"40,00";"36,00";"20,46";"M13";"V31";"C0050"
"V006683";"05-02-2026";"Magasin";"Livree";"P0056";"3";"0,00";"75,00";"75,00";"36,45";"M08";"V16";"C0128"
"V006684";"05-02-2026";"MAGASIN";"Livree";"P0062";"3";"0,00";"390,00";"390,00";"198,39";"M05";"V11";"C0185"
"V006685";"05-02-2026";"Magasin";"Livree";"P0003";"1";"10,00";"710,00";"639,00";"395,33";"M15";"V34";"C0056"
"V006686";"05-02-2026";"Magasin";"Livree";"P0007";"3";"10,00";"2865,00";"2578,50";"1329,45";"M01";"V03";"C0055"
"V006687";"05-02-2026";"Magasin";"LIVREE";"P0044";"1";"0,00";"1800,00";"1800,00";"1053,21";"M10";"V20";"C0045"
"V006688";"06-02-2026";"MAGASIN";"LIVREE";"P0011";"1";"0,00";"1150,00";"1150,00";"671,97";"M21";"V52";"C0134"
"V006689";"06-02-2026";"Magasin";"Annulee";"P0057";"1";"5,00";"20,00";"19,00";"10,89";"M15";"V34";"C0067"
"V006690";"06-02-2026";"Magasin";"Annulee";"P0061";"2";"0,00";"280,00";"280,00";"150,94";"M02";"V04";"C0085"
"V006691";"06-02-2026";"magasin";"EnCours";"P0020";"1";"0,00";"385,00";"385,00";"217,97";"M13";"V29";"C0006"
"V006692";"06-02-2026";"Web";"LIVREE";"P0001";"1";"5,00";"1055,00";"1002,25";"627,64";"M19";"V45";"C0109"
"V006693";"06-02-2026";"Magasin";"LIVREE";"P0016";"1";"0,00";"385,00";"385,00";"178,74";"M02";"V05";"C0200"
"V006694";"06-02-2026";"Magasin";"livree";"P0001";"2";"0,00";"2110,00";"2110,00";"1255,28";"M06";"V13";"C0021"
"V006695";"06-02-2026";"Magasin";"livree";"P0018";"1";"5,00";"865,00";"821,75";"441,11";"M12";"V27";"C0214"
"V006696";"06-02-2026";"magasin";"Livree";"P0058";"2";"0,00";"130,00";"130,00";"62,62";"M01";"V02";"C0201"
"V006697";"06-02-2026";"MAGASIN";"LIVREE";"P0035";"1";"0,00";"170,00";"170,00";"91,98";"M02";"V04";"C0115"
"V006698";"07-02-2026";"Magasin";"Livree";"P0022";"2";"5,00";"860,00";"817,00";"411,40";"M18";"V44";"C0117"
"V006699";"07-02-2026";"Magasin";"Livree";"P0058";"2";"0,00";"130,00";"130,00";"62,62";"M15";"V34";"C0062"
"V006700";"07-02-2026";"Magasin";"Livree";"P0053";"2";"0,00";"310,00";"310,00";"166,02";"M20";"V49";"C0008"
"V006701";"07-02-2026";"WEB";"LIVREE";"P0017";"4";"0,00";"1800,00";"1800,00";"1027,32";"M25";"V60";"C0218"
"V006702";"07-02-2026";"Magasin";"Livree";"P0004";"1";"0,00";"960,00";"960,00";"561,87";"M13";"V29";"C0006"
"V006703";"07-02-2026";"WEB";"EnCours";"P0056";"3";"5,00";"75,00";"71,25";"36,45";"M12";"V27";"C0120"
"V006704";"07-02-2026";"Magasin";"livree";"P0043";"1";"5,00";"2230,00";"2118,50";"1198,97";"M22";"V53";"C0008"
"V006705";"07-02-2026";"MAGASIN";"Livree";"P0018";"2";"5,00";"1730,00";"1643,50";"882,22";"M04";"V08";"C0203"
"V006706";"07-02-2026";"WEB";"EnCours";"P0055";"2";"0,00";"80,00";"80,00";"38,42";"M19";"V47";"C0181"
"V006707";"07-02-2026";"Magasin";"Livree";"P0023";"3";"0,00";"2100,00";"2100,00";"1213,71";"M12";"V26";"C0127"
"V006708";"07-02-2026";"Magasin";"Livree";"P0034";"1";"0,00";"200,00";"200,00";"118,44";"M11";"V23";"C0034"
"V006709";"07-02-2026";"Magasin";"Livree";"P0005";"2";"0,00";"650,00";"650,00";"297,42";"M12";"V27";"C0092"
"V006710";"07-02-2026";"Web";"LIVREE";"P0025";"2";"0,00";"110,00";"110,00";"64,74";"M15";"V34";"C0154"
"V006711";"08-02-2026";"Web";"Livree";"P0018";"1";"0,00";"865,00";"865,00";"441,11";"M08";"V17";"C0100"
"V006712";"08-02-2026";"magasin";"livree";"P0062";"3";"10,00";"390,00";"351,00";"198,39";"M23";"V56";"C0095"
"V006713";"08-02-2026";"Magasin";"Annulee";"P0011";"2";"5,00";"2300,00";"2185,00";"1343,94";"M20";"V50";"C0053"
"V006714";"08-02-2026";"Magasin";"EnCours";"P0039";"1";"0,00";"1485,00";"1485,00";"673,51";"M23";"V55";"C0128"
"V006715";"08-02-2026";"Web";"Livree";"P0021";"4";"5,00";"1640,00";"1558,00";"757,64";"M19";"V46";"C0101"
"V006716";"08-02-2026";"Magasin";"Livree";"P0055";"1";"0,00";"40,00";"40,00";"19,21";"M05";"V10";"C0139"
"V006717";"09-02-2026";"magasin";"Annulee";"P0033";"1";"0,00";"50,00";"50,00";"22,73";"M20";"V50";"C0073"
"V006718";"09-02-2026";"Magasin";"LIVREE";"P0014";"3";"0,00";"1905,00";"1905,00";"1000,41";"M17";"V40";"C0119"
"V006719";"09-02-2026";"Web";"Annulee";"P0045";"3";"0,00";"975,00";"975,00";"447,57";"M13";"V31";"C0072"
"V006720";"09-02-2026";"Magasin";"EnCours";"P0055";"1";"5,00";"40,00";"38,00";"19,21";"M12";"V28";"C0167"
"V006721";"09-02-2026";"web";"Livree";"P0062";"4";"0,00";"520,00";"520,00";"264,52";"M05";"V10";"C0044"
"V006722";"09-02-2026";"Web";"LIVREE";"P0003";"1";"0,00";"710,00";"710,00";"395,33";"M11";"V24";"C0007"
"V006723";"09-02-2026";"Magasin";"Livree";"P0018";"2";"0,00";"1730,00";"1730,00";"882,22";"M02";"V04";"C0024"
"V006724";"09-02-2026";"Magasin";"LIVREE";"P0064";"1";"5,00";"70,00";"66,50";"35,86";"M12";"V28";"C0147"
"V006725";"09-02-2026";"Magasin";"Livree";"P0024";"2";"5,00";"1540,00";"1463,00";"931,78";"M21";"V52";"C0144"
"V006726";"09-02-2026";"magasin";"EnCours";"P0023";"3";"0,00";"2100,00";"2100,00";"1213,71";"M09";"V18";"C0013"
"V006727";"09-02-2026";"WEB";"livree";"P0008";"2";"0,00";"990,00";"990,00";"487,52";"M13";"V31";"C0212"
"V006728";"09-02-2026";"Web";"Livree";"P0059";"1";"0,00";"40,00";"40,00";"19,23";"M09";"V18";"C0132"
"V006729";"09-02-2026";"web";"LIVREE";"P0053";"3";"0,00";"465,00";"465,00";"249,03";"M01";"V03";"C0013"
"V006730";"10-02-2026";"Magasin";"Livree";"P0060";"1";"5,00";"40,00";"38,00";"20,46";"M25";"V59";"C0103"
"V006731";"10-02-2026";"Web";"Livree";"P0014";"2";"0,00";"1270,00";"1270,00";"666,94";"M09";"V19";"C0142"
"V006732";"10-02-2026";"Magasin";"EnCours";"P0064";"1";"0,00";"70,00";"70,00";"35,86";"M09";"V19";"C0157"
"V006733";"10-02-2026";"Web";"LIVREE";"P0019";"2";"10,00";"1070,00";"963,00";"614,96";"M02";"V05";"C0217"
"V006734";"10-02-2026";"Web";"Livree";"P0011";"1";"10,00";"1150,00";"1035,00";"671,97";"M10";"V21";"C0198"
"V006735";"10-02-2026";"Magasin";"Livree";"P0001";"1";"0,00";"1055,00";"1055,00";"627,64";"M17";"V42";"C0036"
"V006736";"10-02-2026";"MAGASIN";"LIVREE";"P0021";"2";"5,00";"820,00";"779,00";"378,82";"M24";"V58";"C0059"
"V006737";"10-02-2026";"Magasin";"EnCours";"P0002";"1";"0,00";"700,00";"700,00";"352,76";"M01";"V02";"C0099"
"V006738";"10-02-2026";"Magasin";"Livree";"P0028";"2";"0,00";"260,00";"260,00";"134,52";"M07";"V15";"C0023"
"V006739";"10-02-2026";"Magasin";"Livree";"P0037";"1";"0,00";"230,00";"230,00";"115,95";"M04";"V08";"C0028"
"V006740";"10-02-2026";"Web";"Livree";"P0022";"2";"0,00";"860,00";"860,00";"411,40";"M01";"V02";"C0038"
"V006741";"10-02-2026";"web";"LIVREE";"P0023";"2";"0,00";"1400,00";"1400,00";"809,14";"M06";"V13";"C0200"
"V006742";"11-02-2026";"Magasin";"livree";"P0064";"1";"5,00";"70,00";"66,50";"35,86";"M07";"V15";"C0157"
"V006743";"11-02-2026";"Magasin";"Livree";"P0056";"3";"0,00";"75,00";"75,00";"36,45";"M05";"V10";"C0146"
"V006744";"11-02-2026";"magasin";"LIVREE";"P0033";"1";"0,00";"50,00";"50,00";"22,73";"M07";"V14";"C0060"
"V006745";"11-02-2026";"MAGASIN";"LIVREE";"P0056";"2";"0,00";"50,00";"50,00";"24,30";"M14";"V32";"C0078"
"V006746";"11-02-2026";"web";"Livree";"P0011";"1";"5,00";"1150,00";"1092,50";"671,97";"M09";"V18";"C0068"
"V006747";"11-02-2026";"web";"LIVREE";"P0062";"4";"10,00";"520,00";"468,00";"264,52";"M02";"V04";"C0086"
"V006748";"11-02-2026";"Magasin";"livree";"P0018";"1";"0,00";"865,00";"865,00";"441,11";"M06";"V12";"C0048"
"V006749";"11-02-2026";"Magasin";"LIVREE";"P0003";"3";"0,00";"2130,00";"2130,00";"1185,99";"M11";"V23";"C0101"
"V006750";"11-02-2026";"Magasin";"LIVREE";"P0061";"1";"0,00";"140,00";"140,00";"75,47";"M13";"V29";"C0122"
"V006751";"12-02-2026";"magasin";"livree";"P0015";"1";"0,00";"550,00";"550,00";"305,75";"M11";"V23";"C0003"
"V006752";"12-02-2026";"Magasin";"LIVREE";"P0005";"1";"0,00";"325,00";"325,00";"148,71";"M16";"V38";"C0208"
"V006753";"12-02-2026";"web";"Livree";"P0008";"1";"0,00";"495,00";"495,00";"243,76";"M20";"V48";"C0138"
"V006754";"12-02-2026";"Magasin";"LIVREE";"P0042";"1";"0,00";"2045,00";"2045,00";"1236,64";"M01";"V02";"C0069"
"V006755";"12-02-2026";"magasin";"Livree";"P0008";"4";"0,00";"1980,00";"1980,00";"975,04";"M08";"V17";"C0035"
"V006756";"12-02-2026";"Web";"LIVREE";"P0045";"2";"0,00";"650,00";"650,00";"298,38";"M22";"V53";"C0096"
"V006757";"12-02-2026";"Magasin";"Livree";"P0057";"1";"0,00";"20,00";"20,00";"10,89";"M08";"V17";"C0149"
"V006758";"12-02-2026";"MAGASIN";"livree";"P0002";"1";"0,00";"700,00";"700,00";"352,76";"M10";"V20";"C0142"
"V006759";"12-02-2026";"web";"LIVREE";"P0045";"2";"0,00";"650,00";"650,00";"298,38";"M11";"V25";"C0201"
"V006760";"12-02-2026";"magasin";"Livree";"P0043";"2";"0,00";"4460,00";"4460,00";"2397,94";"M18";"V43";"C0127"
"V006761";"12-02-2026";"Magasin";"LIVREE";"P0064";"3";"0,00";"210,00";"210,00";"107,58";"M02";"V05";"C0063"
"V006762";"12-02-2026";"Magasin";"livree";"P0015";"2";"0,00";"1100,00";"1100,00";"611,50";"M04";"V09";"C0072"
"V006763";"13-02-2026";"MAGASIN";"Livree";"P0035";"2";"0,00";"340,00";"340,00";"183,96";"M06";"V12";"C0015"
"V006764";"13-02-2026";"magasin";"Annulee";"P0058";"2";"0,00";"130,00";"130,00";"62,62";"M18";"V44";"C0110"
"V006765";"13-02-2026";"magasin";"livree";"P0011";"1";"0,00";"1150,00";"1150,00";"671,97";"M06";"V12";"C0147"
"V006766";"13-02-2026";"WEB";"livree";"P0007";"1";"0,00";"955,00";"955,00";"443,15";"M21";"V51";"C0190"
"V006767";"13-02-2026";"Magasin";"LIVREE";"P0004";"3";"0,00";"2880,00";"2880,00";"1685,61";"M23";"V56";"C0050"
"V006768";"13-02-2026";"Magasin";"LIVREE";"P0008";"1";"5,00";"495,00";"470,25";"243,76";"M18";"V43";"C0133"
"V006769";"13-02-2026";"Magasin";"Livree";"P0062";"1";"0,00";"130,00";"130,00";"66,13";"M07";"V15";"C0062"
"V006770";"13-02-2026";"Magasin";"Livree";"P0012";"1";"0,00";"1010,00";"1010,00";"588,54";"M15";"V34";"C0178"
"V006771";"13-02-2026";"Web";"Livree";"P0002";"1";"0,00";"700,00";"700,00";"352,76";"M04";"V09";"C0041"
"V006772";"13-02-2026";"web";"EnCours";"P0056";"1";"0,00";"25,00";"25,00";"12,15";"M15";"V34";"C0189"
"V006773";"14-02-2026";"Magasin";"Livree";"P0001";"1";"0,00";"1055,00";"1055,00";"627,64";"M22";"V53";"C0123"
"V006774";"14-02-2026";"Magasin";"Livree";"P0004";"3";"0,00";"2880,00";"2880,00";"1685,61";"M05";"V10";"C0065"
"V006775";"14-02-2026";"Web";"Livree";"P0002";"3";"0,00";"2100,00";"2100,00";"1058,28";"M10";"V20";"C0130"
"V006776";"14-02-2026";"magasin";"Livree";"P0011";"1";"0,00";"1150,00";"1150,00";"671,97";"M01";"V01";"C0182"
"V006777";"14-02-2026";"web";"LIVREE";"P0001";"1";"0,00";"1055,00";"1055,00";"627,64";"M22";"V54";"C0051"
"V006778";"14-02-2026";"Web";"Livree";"P0013";"2";"0,00";"1500,00";"1500,00";"676,36";"M07";"V15";"C0165"
"V006779";"14-02-2026";"WEB";"LIVREE";"P0018";"1";"0,00";"865,00";"865,00";"441,11";"M21";"V52";"C0117"
"V006780";"14-02-2026";"Magasin";"Livree";"P0058";"1";"0,00";"65,00";"65,00";"31,31";"M15";"V36";"C0134"
"V006781";"14-02-2026";"MAGASIN";"LIVREE";"P0006";"4";"0,00";"4300,00";"4300,00";"2628,76";"M08";"V16";"C0141"
"V006782";"15-02-2026";"Magasin";"Livree";"P0004";"2";"0,00";"1920,00";"1920,00";"1123,74";"M11";"V23";"C0017"
"V006783";"15-02-2026";"Web";"EnCours";"P0003";"1";"0,00";"710,00";"710,00";"395,33";"M05";"V10";"C0082"
"V006784";"15-02-2026";"MAGASIN";"LIVREE";"P0058";"3";"5,00";"195,00";"185,25";"93,93";"M12";"V26";"C0108"
"V006785";"15-02-2026";"WEB";"livree";"P0061";"1";"10,00";"140,00";"126,00";"75,47";"M24";"V58";"C0081"
"V006786";"15-02-2026";"web";"livree";"P0059";"2";"5,00";"80,00";"76,00";"38,46";"M22";"V53";"C0153"
"V006787";"15-02-2026";"Magasin";"livree";"P0061";"2";"0,00";"280,00";"280,00";"150,94";"M17";"V41";"C0076"
"V006788";"15-02-2026";"web";"Livree";"P0004";"3";"5,00";"2880,00";"2736,00";"1685,61";"M18";"V44";"C0187"
"V006789";"15-02-2026";"magasin";"livree";"P0053";"3";"0,00";"465,00";"465,00";"249,03";"M08";"V17";"C0164"
"V006790";"15-02-2026";"Magasin";"livree";"P0062";"2";"0,00";"260,00";"260,00";"132,26";"M08";"V17";"C0071"
"V006791";"15-02-2026";"magasin";"EnCours";"P0022";"1";"0,00";"430,00";"430,00";"205,70";"M14";"V32";"C0101"
"V006792";"15-02-2026";"Magasin";"LIVREE";"P0056";"1";"10,00";"25,00";"22,50";"12,15";"M08";"V16";"C0170"
"V006793";"16-02-2026";"magasin";"Livree";"P0018";"1";"0,00";"865,00";"865,00";"441,11";"M19";"V46";"C0142"
"V006794";"16-02-2026";"WEB";"LIVREE";"P0012";"2";"5,00";"2020,00";"1919,00";"1177,08";"M05";"V10";"C0162"
"V006795";"16-02-2026";"Magasin";"EnCours";"P0055";"2";"0,00";"80,00";"80,00";"38,42";"M05";"V10";"C0157"
"V006796";"16-02-2026";"WEB";"Livree";"P0022";"2";"0,00";"860,00";"860,00";"411,40";"M16";"V38";"C0087"
"V006797";"16-02-2026";"web";"LIVREE";"P0005";"1";"0,00";"325,00";"325,00";"148,71";"M16";"V38";"C0177"
"V006798";"16-02-2026";"Magasin";"LIVREE";"P0043";"1";"0,00";"2230,00";"2230,00";"1198,97";"M03";"V07";"C0173"
"V006799";"16-02-2026";"magasin";"Livree";"P0003";"1";"10,00";"710,00";"639,00";"395,33";"M08";"V17";"C0113"
"V006800";"16-02-2026";"Magasin";"Livree";"P0054";"2";"0,00";"320,00";"320,00";"154,88";"M07";"V15";"C0066"
"V006801";"16-02-2026";"web";"LIVREE";"P0005";"1";"0,00";"325,00";"325,00";"148,71";"M19";"V46";"C0087"
"V006802";"17-02-2026";"Magasin";"Livree";"P0009";"2";"0,00";"1010,00";"1010,00";"594,34";"M10";"V20";"C0148"
"V006803";"17-02-2026";"Magasin";"Livree";"P0009";"3";"5,00";"1515,00";"1439,25";"891,51";"M20";"V49";"C0196"
"V006804";"17-02-2026";"Magasin";"livree";"P0019";"1";"5,00";"535,00";"508,25";"307,48";"M19";"V46";"C0021"
"V006805";"17-02-2026";"web";"LIVREE";"P0016";"2";"0,00";"770,00";"770,00";"357,48";"M07";"V14";"C0042"
"V006806";"17-02-2026";"Magasin";"Livree";"P0032";"1";"10,00";"190,00";"171,00";"108,18";"M24";"V58";"C0065"
"V006807";"17-02-2026";"Magasin";"LIVREE";"P0011";"2";"0,00";"2300,00";"2300,00";"1343,94";"M09";"V18";"C0106"
"V006808";"17-02-2026";"web";"Livree";"P0055";"1";"0,00";"40,00";"40,00";"19,21";"M19";"V45";"C0001"
"V006809";"17-02-2026";"Magasin";"encours";"P0054";"1";"0,00";"160,00";"160,00";"77,44";"M22";"V53";"C0200"
"V006810";"17-02-2026";"Magasin";"Livree";"P0033";"3";"0,00";"150,00";"150,00";"68,19";"M21";"V51";"C0185"
"V006811";"17-02-2026";"Magasin";"EnCours";"P0007";"2";"10,00";"1910,00";"1719,00";"886,30";"M18";"V44";"C0114"
"V006812";"18-02-2026";"WEB";"Livree";"P0001";"1";"0,00";"1055,00";"1055,00";"627,64";"M02";"V04";"C0006"
"V006813";"18-02-2026";"MAGASIN";"Livree";"P0020";"2";"0,00";"770,00";"770,00";"435,94";"M06";"V12";"C0018"
"V006814";"18-02-2026";"Magasin";"LIVREE";"P0025";"1";"0,00";"55,00";"55,00";"32,37";"M19";"V45";"C0209"
"V006815";"18-02-2026";"WEB";"Livree";"P0005";"1";"5,00";"325,00";"308,75";"148,71";"M06";"V13";"C0202"
"V006816";"18-02-2026";"MAGASIN";"LIVREE";"P0055";"2";"0,00";"80,00";"80,00";"38,42";"M01";"V02";"C0180"
"V006817";"18-02-2026";"Magasin";"LIVREE";"P0010";"2";"5,00";"1910,00";"1814,50";"1025,88";"M24";"V57";"C0174"
"V006818";"18-02-2026";"Web";"LIVREE";"P0054";"2";"0,00";"320,00";"320,00";"154,88";"M10";"V21";"C0126"
"V006819";"18-02-2026";"Web";"encours";"P0022";"3";"10,00";"1290,00";"1161,00";"617,10";"M12";"V27";"C0156"
"V006820";"18-02-2026";"magasin";"LIVREE";"P0008";"2";"0,00";"990,00";"990,00";"487,52";"M19";"V45";"C0105"
"V006821";"19-02-2026";"MAGASIN";"Livree";"P0006";"3";"5,00";"3225,00";"3063,75";"1971,57";"M04";"V09";"C0103"
"V006822";"19-02-2026";"Web";"Livree";"P0060";"1";"0,00";"40,00";"40,00";"20,46";"M24";"V58";"C0149"
"V006823";"19-02-2026";"MAGASIN";"LIVREE";"P0047";"1";"5,00";"1665,00";"1581,75";"1004,07";"M19";"V47";"C0218"
"V006824";"19-02-2026";"Magasin";"LIVREE";"P0021";"2";"0,00";"820,00";"820,00";"378,82";"M19";"V47";"C0070"
"V006825";"19-02-2026";"WEB";"Livree";"P0054";"3";"0,00";"480,00";"480,00";"232,32";"M17";"V42";"C0160"
"V006826";"19-02-2026";"Web";"LIVREE";"P0004";"2";"10,00";"1920,00";"1728,00";"1123,74";"M25";"V59";"C0100"
"V006827";"19-02-2026";"Magasin";"Livree";"P0008";"3";"0,00";"1485,00";"1485,00";"731,28";"M13";"V29";"C0206"
"V006828";"19-02-2026";"magasin";"Livree";"P0011";"2";"5,00";"2300,00";"2185,00";"1343,94";"M10";"V22";"C0194"
"V006829";"19-02-2026";"magasin";"Livree";"P0043";"1";"0,00";"2230,00";"2230,00";"1198,97";"M23";"V55";"C0220"
"V006830";"19-02-2026";"Magasin";"LIVREE";"P0002";"1";"0,00";"700,00";"700,00";"352,76";"M04";"V08";"C0075"
"V006831";"19-02-2026";"MAGASIN";"Livree";"P0058";"1";"0,00";"65,00";"65,00";"31,31";"M01";"V01";"C0175"
"V006832";"19-02-2026";"Web";"EnCours";"P0062";"1";"5,00";"130,00";"123,50";"66,13";"M07";"V14";"C0031"
"V006833";"19-02-2026";"web";"LIVREE";"P0055";"2";"10,00";"80,00";"72,00";"38,42";"M24";"V58";"C0212"
"V006834";"19-02-2026";"Web";"livree";"P0053";"1";"0,00";"155,00";"155,00";"83,01";"M04";"V08";"C0090"
"V006835";"19-02-2026";"Web";"LIVREE";"P0001";"2";"5,00";"2110,00";"2004,50";"1255,28";"M01";"V02";"C0132"
"V006836";"20-02-2026";"WEB";"Livree";"P0016";"2";"5,00";"770,00";"731,50";"357,48";"M12";"V28";"C0219"
"V006837";"20-02-2026";"Magasin";"LIVREE";"P0043";"1";"0,00";"2230,00";"2230,00";"1198,97";"M12";"V27";"C0131"
"V006838";"20-02-2026";"MAGASIN";"Livree";"P0039";"2";"0,00";"2970,00";"2970,00";"1347,02";"M10";"V20";"C0172"
"V006839";"20-02-2026";"Magasin";"Livree";"P0015";"3";"10,00";"1650,00";"1485,00";"917,25";"M17";"V42";"C0075"
"V006840";"20-02-2026";"Web";"Livree";"P0054";"1";"0,00";"160,00";"160,00";"77,44";"M16";"V39";"C0165"
"V006841";"20-02-2026";"WEB";"livree";"P0022";"2";"0,00";"860,00";"860,00";"411,40";"M04";"V08";"C0132"
"V006842";"20-02-2026";"Magasin";"Livree";"P0013";"1";"0,00";"750,00";"750,00";"338,18";"M05";"V11";"C0111"
"V006843";"21-02-2026";"WEB";"LIVREE";"P0002";"1";"0,00";"700,00";"700,00";"352,76";"M11";"V23";"C0217"
"V006844";"21-02-2026";"Web";"Livree";"P0022";"1";"0,00";"430,00";"430,00";"205,70";"M24";"V58";"C0144"
"V006845";"21-02-2026";"MAGASIN";"Livree";"P0049";"1";"0,00";"1770,00";"1770,00";"798,07";"M17";"V40";"C0012"
"V006846";"21-02-2026";"Magasin";"livree";"P0058";"1";"0,00";"65,00";"65,00";"31,31";"M18";"V44";"C0174"
"V006847";"21-02-2026";"magasin";"LIVREE";"P0009";"1";"5,00";"505,00";"479,75";"297,17";"M22";"V53";"C0013"
"V006848";"21-02-2026";"Magasin";"LIVREE";"P0054";"2";"0,00";"320,00";"320,00";"154,88";"M19";"V45";"C0206"
"V006849";"21-02-2026";"Magasin";"livree";"P0028";"1";"0,00";"130,00";"130,00";"67,26";"M09";"V19";"C0180"
"V006850";"21-02-2026";"Magasin";"LIVREE";"P0003";"1";"0,00";"710,00";"710,00";"395,33";"M13";"V31";"C0026"
"V006851";"21-02-2026";"Web";"livree";"P0032";"2";"0,00";"380,00";"380,00";"216,36";"M03";"V07";"C0124"
"V006852";"21-02-2026";"MAGASIN";"Livree";"P0013";"1";"0,00";"750,00";"750,00";"338,18";"M10";"V20";"C0094"
"V006853";"21-02-2026";"Web";"Livree";"P0061";"2";"5,00";"280,00";"266,00";"150,94";"M19";"V45";"C0026"
"V006854";"21-02-2026";"MAGASIN";"Annulee";"P0057";"2";"5,00";"40,00";"38,00";"21,78";"M18";"V44";"C0100"
"V006855";"21-02-2026";"MAGASIN";"LIVREE";"P0054";"2";"5,00";"320,00";"304,00";"154,88";"M20";"V48";"C0194"
"V006856";"21-02-2026";"Magasin";"Livree";"P0059";"2";"0,00";"80,00";"80,00";"38,46";"M12";"V26";"C0180"
"V006857";"22-02-2026";"magasin";"livree";"P0053";"1";"0,00";"155,00";"155,00";"83,01";"M07";"V15";"C0035"
"V006858";"22-02-2026";"Magasin";"encours";"P0019";"1";"0,00";"535,00";"535,00";"307,48";"M03";"V07";"C0063"
"V006859";"22-02-2026";"Magasin";"Livree";"P0020";"1";"10,00";"385,00";"346,50";"217,97";"M03";"V07";"C0038"
"V006860";"22-02-2026";"MAGASIN";"LIVREE";"P0029";"1";"0,00";"285,00";"285,00";"169,00";"M07";"V15";"C0073"
"V006861";"22-02-2026";"Web";"livree";"P0015";"1";"0,00";"550,00";"550,00";"305,75";"M20";"V49";"C0041"
"V006862";"22-02-2026";"web";"LIVREE";"P0009";"2";"5,00";"1010,00";"959,50";"594,34";"M05";"V11";"C0041"
"V006863";"22-02-2026";"Magasin";"livree";"P0058";"2";"0,00";"130,00";"130,00";"62,62";"M23";"V55";"C0121"
"V006864";"22-02-2026";"Magasin";"Livree";"P0004";"1";"0,00";"960,00";"960,00";"561,87";"M18";"V43";"C0151"
"V006865";"22-02-2026";"magasin";"LIVREE";"P0021";"1";"10,00";"410,00";"369,00";"189,41";"M19";"V47";"C0077"
"V006866";"23-02-2026";"Web";"Livree";"P0054";"1";"10,00";"160,00";"144,00";"77,44";"M07";"V15";"C0022"
"V006867";"23-02-2026";"magasin";"Livree";"P0058";"3";"0,00";"195,00";"195,00";"93,93";"M20";"V49";"C0090"
"V006868";"23-02-2026";"MAGASIN";"Livree";"P0021";"2";"0,00";"820,00";"820,00";"378,82";"M11";"V24";"C0097"
"V006869";"23-02-2026";"Magasin";"EnCours";"P0047";"1";"0,00";"1665,00";"1665,00";"1004,07";"M10";"V20";"C0101"
"V006870";"23-02-2026";"Web";"LIVREE";"P0015";"3";"10,00";"1650,00";"1485,00";"917,25";"M24";"V57";"C0101"
"V006871";"23-02-2026";"Magasin";"livree";"P0059";"4";"0,00";"160,00";"160,00";"76,92";"M23";"V56";"C0008"
"V006872";"23-02-2026";"Magasin";"Livree";"P0010";"2";"0,00";"1910,00";"1910,00";"1025,88";"M11";"V23";"C0202"
"V006873";"23-02-2026";"Magasin";"encours";"P0003";"3";"0,00";"2130,00";"2130,00";"1185,99";"M12";"V27";"C0026"
"V006874";"23-02-2026";"magasin";"LIVREE";"P0024";"2";"0,00";"1540,00";"1540,00";"931,78";"M11";"V23";"C0017"
"V006875";"23-02-2026";"Magasin";"LIVREE";"P0051";"1";"5,00";"155,00";"147,25";"77,85";"M19";"V45";"C0099"
"V006876";"23-02-2026";"Magasin";"LIVREE";"P0007";"2";"0,00";"1910,00";"1910,00";"886,30";"M12";"V28";"C0107"
"V006877";"23-02-2026";"Magasin";"LIVREE";"P0003";"4";"0,00";"2840,00";"2840,00";"1581,32";"M07";"V14";"C0102"
"V006878";"23-02-2026";"Web";"Livree";"P0003";"2";"0,00";"1420,00";"1420,00";"790,66";"M11";"V25";"C0206"
"V006879";"23-02-2026";"web";"Livree";"P0010";"1";"0,00";"955,00";"955,00";"512,94";"M03";"V06";"C0003"
"V006880";"23-02-2026";"WEB";"Livree";"P0006";"3";"0,00";"3225,00";"3225,00";"1971,57";"M19";"V47";"C0105"
"V006881";"24-02-2026";"MAGASIN";"Livree";"P0053";"1";"10,00";"155,00";"139,50";"83,01";"M06";"V13";"C0118"
"V006882";"24-02-2026";"Magasin";"EnCours";"P0020";"3";"0,00";"1155,00";"1155,00";"653,91";"M09";"V19";"C0013"
"V006883";"24-02-2026";"Magasin";"Livree";"P0020";"2";"5,00";"770,00";"731,50";"435,94";"M12";"V28";"C0016"
"V006884";"24-02-2026";"WEB";"EnCours";"P0014";"1";"5,00";"635,00";"603,25";"333,47";"M12";"V28";"C0117"
"V006885";"24-02-2026";"magasin";"Livree";"P0009";"1";"0,00";"505,00";"505,00";"297,17";"M06";"V13";"C0123"
"V006886";"24-02-2026";"MAGASIN";"Livree";"P0062";"2";"0,00";"260,00";"260,00";"132,26";"M18";"V44";"C0033"
"V006887";"24-02-2026";"MAGASIN";"livree";"P0001";"1";"5,00";"1055,00";"1002,25";"627,64";"M13";"V30";"C0028"
"V006888";"24-02-2026";"Magasin";"LIVREE";"P0056";"3";"0,00";"75,00";"75,00";"36,45";"M25";"V60";"C0109"
"V006889";"25-02-2026";"magasin";"LIVREE";"P0063";"1";"10,00";"105,00";"94,50";"58,21";"M04";"V09";"C0191"
"V006890";"25-02-2026";"Magasin";"Livree";"P0055";"2";"0,00";"80,00";"80,00";"38,42";"M14";"V33";"C0114"
"V006891";"25-02-2026";"MAGASIN";"Livree";"P0016";"1";"0,00";"385,00";"385,00";"178,74";"M14";"V33";"C0022"
"V006892";"25-02-2026";"Web";"Livree";"P0017";"2";"5,00";"900,00";"855,00";"513,66";"M25";"V59";"C0070"
"V006893";"25-02-2026";"Magasin";"encours";"P0055";"1";"0,00";"40,00";"40,00";"19,21";"M15";"V36";"C0152"
"V006894";"25-02-2026";"Magasin";"EnCours";"P0008";"1";"0,00";"495,00";"495,00";"243,76";"M12";"V27";"C0064"
"V006895";"26-02-2026";"Magasin";"Livree";"P0018";"1";"0,00";"865,00";"865,00";"441,11";"M19";"V47";"C0099"
"V006896";"26-02-2026";"MAGASIN";"LIVREE";"P0010";"1";"10,00";"955,00";"859,50";"512,94";"M12";"V27";"C0168"
"V006897";"26-02-2026";"Web";"Livree";"P0013";"3";"0,00";"2250,00";"2250,00";"1014,54";"M05";"V11";"C0162"
"V006898";"26-02-2026";"Magasin";"LIVREE";"P0023";"2";"10,00";"1400,00";"1260,00";"809,14";"M18";"V43";"C0023"
"V006899";"26-02-2026";"Magasin";"Livree";"P0020";"1";"0,00";"385,00";"385,00";"217,97";"M09";"V19";"C0069"
"V006900";"26-02-2026";"Magasin";"LIVREE";"P0060";"3";"0,00";"120,00";"120,00";"61,38";"M11";"V25";"C0161"
"V006901";"26-02-2026";"Magasin";"LIVREE";"P0004";"2";"5,00";"1920,00";"1824,00";"1123,74";"M20";"V48";"C0173"
"V006902";"26-02-2026";"MAGASIN";"Livree";"P0041";"1";"0,00";"2225,00";"2225,00";"1348,70";"M19";"V46";"C0122"
"V006903";"26-02-2026";"magasin";"livree";"P0052";"2";"0,00";"270,00";"270,00";"145,02";"M24";"V57";"C0153"
"V006904";"26-02-2026";"Magasin";"LIVREE";"P0016";"1";"0,00";"385,00";"385,00";"178,74";"M19";"V46";"C0175"
"V006905";"27-02-2026";"MAGASIN";"Livree";"P0012";"2";"0,00";"2020,00";"2020,00";"1177,08";"M24";"V57";"C0005"
"V006906";"27-02-2026";"Web";"Livree";"P0050";"1";"0,00";"230,00";"230,00";"115,83";"M24";"V57";"C0022"
"V006907";"27-02-2026";"Magasin";"EnCours";"P0007";"3";"10,00";"2865,00";"2578,50";"1329,45";"M12";"V26";"C0134"
"V006908";"27-02-2026";"MAGASIN";"encours";"P0061";"2";"0,00";"280,00";"280,00";"150,94";"M05";"V11";"C0107"
"V006909";"27-02-2026";"Magasin";"Livree";"P0014";"1";"0,00";"635,00";"635,00";"333,47";"M16";"V38";"C0206"
"V006910";"27-02-2026";"MAGASIN";"livree";"P0028";"3";"0,00";"390,00";"390,00";"201,78";"M22";"V53";"C0030"
"V006911";"27-02-2026";"Magasin";"Livree";"P0006";"1";"0,00";"1075,00";"1075,00";"657,19";"M01";"V02";"C0007"
"V006912";"27-02-2026";"web";"Livree";"P0053";"1";"0,00";"155,00";"155,00";"83,01";"M25";"V59";"C0142"
"V006913";"27-02-2026";"web";"LIVREE";"P0060";"2";"10,00";"80,00";"72,00";"40,92";"M12";"V26";"C0112"
"V006914";"28-02-2026";"MAGASIN";"LIVREE";"P0056";"2";"0,00";"50,00";"50,00";"24,30";"M25";"V60";"C0099"
"V006915";"28-02-2026";"Magasin";"Livree";"P0062";"2";"0,00";"260,00";"260,00";"132,26";"M08";"V17";"C0144"
"V006916";"28-02-2026";"WEB";"Livree";"P0024";"1";"0,00";"770,00";"770,00";"465,89";"M15";"V36";"C0022"
"V006917";"28-02-2026";"Web";"Livree";"P0018";"1";"10,00";"865,00";"778,50";"441,11";"M24";"V57";"C0176"
"V006918";"28-02-2026";"magasin";"LIVREE";"P0019";"1";"0,00";"535,00";"535,00";"307,48";"M15";"V34";"C0188"
"V006919";"28-02-2026";"magasin";"LIVREE";"P0058";"2";"0,00";"130,00";"130,00";"62,62";"M18";"V43";"C0188"
"V006920";"28-02-2026";"Magasin";"Livree";"P0055";"1";"0,00";"40,00";"40,00";"19,21";"M18";"V43";"C0114"
"V006921";"28-02-2026";"magasin";"Livree";"P0003";"1";"0,00";"710,00";"710,00";"395,33";"M08";"V16";"C0011"
"V006922";"28-02-2026";"Magasin";"encours";"P0062";"1";"5,00";"130,00";"123,50";"66,13";"M03";"V07";"C0172"
"V006923";"28-02-2026";"web";"livree";"P0016";"2";"0,00";"770,00";"770,00";"357,48";"M06";"V13";"C0153"
"V006924";"01-03-2026";"web";"LIVREE";"P0035";"1";"0,00";"170,00";"170,00";"91,98";"M14";"V33";"C0046"
"V006925";"01-03-2026";"MAGASIN";"Livree";"P0055";"1";"0,00";"40,00";"40,00";"19,21";"M05";"V10";"C0170"
"V006926";"01-03-2026";"Magasin";"Livree";"P0059";"4";"0,00";"160,00";"160,00";"76,92";"M15";"V34";"C0113"
"V006927";"02-03-2026";"magasin";"LIVREE";"P0063";"1";"0,00";"105,00";"105,00";"58,21";"M16";"V38";"C0183"
"V006928";"02-03-2026";"MAGASIN";"Livree";"P0056";"1";"0,00";"25,00";"25,00";"12,15";"M03";"V07";"C0050"
"V006929";"02-03-2026";"Magasin";"Livree";"P0047";"4";"0,00";"6660,00";"6660,00";"4016,28";"M10";"V20";"C0077"
"V006930";"02-03-2026";"Magasin";"encours";"P0035";"3";"0,00";"510,00";"510,00";"275,94";"M21";"V51";"C0061"
"V006931";"02-03-2026";"MAGASIN";"Livree";"P0062";"3";"0,00";"390,00";"390,00";"198,39";"M18";"V43";"C0022"
"V006932";"02-03-2026";"Magasin";"livree";"P0049";"1";"0,00";"1770,00";"1770,00";"798,07";"M15";"V34";"C0195"
"V006933";"03-03-2026";"MAGASIN";"Livree";"P0055";"1";"0,00";"40,00";"40,00";"19,21";"M16";"V38";"C0162"
"V006934";"03-03-2026";"Web";"Livree";"P0025";"3";"5,00";"165,00";"156,75";"97,11";"M18";"V44";"C0171"
"V006935";"03-03-2026";"web";"Livree";"P0026";"1";"10,00";"275,00";"247,50";"137,45";"M18";"V43";"C0088"
"V006936";"03-03-2026";"Magasin";"LIVREE";"P0061";"2";"0,00";"280,00";"280,00";"150,94";"M13";"V31";"C0089"
"V006937";"03-03-2026";"magasin";"livree";"P0054";"2";"0,00";"320,00";"320,00";"154,88";"M21";"V51";"C0082"
"V006938";"04-03-2026";"Magasin";"Livree";"P0046";"2";"0,00";"2070,00";"2070,00";"1230,72";"M18";"V43";"C0219"
"V006939";"04-03-2026";"Magasin";"livree";"P0022";"1";"10,00";"430,00";"387,00";"205,70";"M12";"V26";"C0145"
"V006940";"04-03-2026";"MAGASIN";"LIVREE";"P0056";"2";"10,00";"50,00";"45,00";"24,30";"M24";"V57";"C0101"
"V006941";"04-03-2026";"Magasin";"Livree";"P0057";"3";"0,00";"60,00";"60,00";"32,67";"M13";"V29";"C0076"
"V006942";"05-03-2026";"Magasin";"Livree";"P0049";"3";"0,00";"5310,00";"5310,00";"2394,21";"M19";"V47";"C0152"
"V006943";"05-03-2026";"MAGASIN";"Livree";"P0020";"1";"0,00";"385,00";"385,00";"217,97";"M01";"V03";"C0069"
"V006944";"05-03-2026";"Magasin";"Livree";"P0025";"2";"0,00";"110,00";"110,00";"64,74";"M20";"V48";"C0205"
"V006945";"05-03-2026";"MAGASIN";"livree";"P0005";"4";"0,00";"1300,00";"1300,00";"594,84";"M18";"V44";"C0075"
"V006946";"05-03-2026";"web";"LIVREE";"P0056";"1";"0,00";"25,00";"25,00";"12,15";"M12";"V26";"C0143"
"V006947";"05-03-2026";"web";"livree";"P0031";"4";"5,00";"600,00";"570,00";"368,96";"M16";"V39";"C0071"
"V006948";"06-03-2026";"Magasin";"Livree";"P0062";"2";"10,00";"260,00";"234,00";"132,26";"M14";"V33";"C0010"
"V006949";"06-03-2026";"Magasin";"LIVREE";"P0061";"3";"0,00";"420,00";"420,00";"226,41";"M21";"V52";"C0055"
"V006950";"06-03-2026";"WEB";"Livree";"P0048";"2";"0,00";"3520,00";"3520,00";"1891,52";"M08";"V17";"C0177"
"V006951";"06-03-2026";"Magasin";"LIVREE";"P0050";"1";"0,00";"230,00";"230,00";"115,83";"M09";"V19";"C0074"
"V006952";"06-03-2026";"Magasin";"LIVREE";"P0058";"1";"5,00";"65,00";"61,75";"31,31";"M21";"V52";"C0001"
"V006953";"06-03-2026";"magasin";"Livree";"P0026";"1";"0,00";"275,00";"275,00";"137,45";"M13";"V29";"C0138"
"V006954";"06-03-2026";"WEB";"LIVREE";"P0046";"3";"5,00";"3105,00";"2949,75";"1846,08";"M02";"V04";"C0134"
"V006955";"07-03-2026";"MAGASIN";"Annulee";"P0044";"2";"5,00";"3600,00";"3420,00";"2106,42";"M01";"V01";"C0028"
"V006956";"07-03-2026";"magasin";"LIVREE";"P0035";"1";"0,00";"170,00";"170,00";"91,98";"M11";"V23";"C0007"
"V006957";"07-03-2026";"Magasin";"Livree";"P0035";"1";"10,00";"170,00";"153,00";"91,98";"M12";"V27";"C0045"
"V006958";"07-03-2026";"WEB";"encours";"P0036";"1";"0,00";"105,00";"105,00";"57,91";"M12";"V28";"C0106"
"V006959";"07-03-2026";"Magasin";"Livree";"P0054";"4";"0,00";"640,00";"640,00";"309,76";"M04";"V09";"C0095"
"V006960";"07-03-2026";"Magasin";"livree";"P0030";"1";"0,00";"265,00";"265,00";"125,99";"M22";"V54";"C0102"
"V006961";"07-03-2026";"magasin";"Livree";"P0057";"1";"0,00";"20,00";"20,00";"10,89";"M22";"V54";"C0046"
"V006962";"08-03-2026";"magasin";"EnCours";"P0041";"3";"0,00";"6675,00";"6675,00";"4046,10";"M07";"V15";"C0082"
"V006963";"08-03-2026";"magasin";"LIVREE";"P0044";"3";"0,00";"5400,00";"5400,00";"3159,63";"M12";"V27";"C0045"
"V006964";"08-03-2026";"WEB";"Livree";"P0023";"1";"0,00";"700,00";"700,00";"404,57";"M18";"V43";"C0084"
"V006965";"08-03-2026";"magasin";"livree";"P0031";"3";"5,00";"450,00";"427,50";"276,72";"M19";"V45";"C0212"
"V006966";"09-03-2026";"Magasin";"encours";"P0053";"1";"0,00";"155,00";"155,00";"83,01";"M15";"V36";"C0011"
"V006967";"09-03-2026";"Magasin";"Livree";"P0030";"1";"0,00";"265,00";"265,00";"125,99";"M23";"V55";"C0207"
"V006968";"09-03-2026";"Magasin";"LIVREE";"P0053";"1";"0,00";"155,00";"155,00";"83,01";"M17";"V40";"C0097"
"V006969";"09-03-2026";"Web";"LIVREE";"P0058";"1";"0,00";"65,00";"65,00";"31,31";"M13";"V31";"C0016"
"V006970";"09-03-2026";"WEB";"LIVREE";"P0023";"1";"10,00";"700,00";"630,00";"404,57";"M02";"V05";"C0203"
"V006971";"10-03-2026";"magasin";"LIVREE";"P0052";"2";"10,00";"270,00";"243,00";"145,02";"M17";"V40";"C0185"
"V006972";"10-03-2026";"Magasin";"Livree";"P0004";"2";"10,00";"1920,00";"1728,00";"1123,74";"M24";"V58";"C0163"
"V006973";"10-03-2026";"Magasin";"LIVREE";"P0053";"3";"0,00";"465,00";"465,00";"249,03";"M23";"V55";"C0075"
"V006974";"10-03-2026";"Magasin";"LIVREE";"P0053";"2";"0,00";"310,00";"310,00";"166,02";"M07";"V14";"C0160"
"V006975";"11-03-2026";"Magasin";"EnCours";"P0056";"1";"0,00";"25,00";"25,00";"12,15";"M09";"V19";"C0184"
"V006976";"11-03-2026";"Magasin";"Annulee";"P0012";"1";"0,00";"1010,00";"1010,00";"588,54";"M16";"V38";"C0178"
"V006977";"11-03-2026";"Web";"LIVREE";"P0004";"2";"5,00";"1920,00";"1824,00";"1123,74";"M08";"V17";"C0208"
"V006978";"12-03-2026";"WEB";"Livree";"P0060";"2";"0,00";"80,00";"80,00";"40,92";"M09";"V18";"C0167"
"V006979";"12-03-2026";"MAGASIN";"Livree";"P0060";"1";"0,00";"40,00";"40,00";"20,46";"M16";"V39";"C0119"
"V006980";"12-03-2026";"web";"livree";"P0008";"1";"0,00";"495,00";"495,00";"243,76";"M12";"V26";"C0146"
"V006981";"12-03-2026";"magasin";"livree";"P0057";"1";"0,00";"20,00";"20,00";"10,89";"M06";"V13";"C0043"
"V006982";"13-03-2026";"Magasin";"LIVREE";"P0041";"1";"0,00";"2225,00";"2225,00";"1348,70";"M02";"V04";"C0068"
"V006983";"13-03-2026";"Magasin";"EnCours";"P0022";"2";"0,00";"860,00";"860,00";"411,40";"M16";"V39";"C0144"
"V006984";"13-03-2026";"web";"LIVREE";"P0025";"2";"10,00";"110,00";"99,00";"64,74";"M02";"V04";"C0033"
"V006985";"13-03-2026";"Magasin";"Livree";"P0033";"1";"0,00";"50,00";"50,00";"22,73";"M11";"V23";"C0067"
"V006986";"14-03-2026";"magasin";"Livree";"P0060";"3";"0,00";"120,00";"120,00";"61,38";"M13";"V30";"C0082"
"V006987";"14-03-2026";"web";"Livree";"P0023";"2";"5,00";"1400,00";"1330,00";"809,14";"M20";"V48";"C0037"
"V006988";"14-03-2026";"Magasin";"Livree";"P0033";"2";"0,00";"100,00";"100,00";"45,46";"M14";"V32";"C0126"
"V006989";"14-03-2026";"magasin";"LIVREE";"P0018";"3";"0,00";"2595,00";"2595,00";"1323,33";"M14";"V33";"C0181"
"V006990";"14-03-2026";"Web";"Annulee";"P0064";"2";"5,00";"140,00";"133,00";"71,72";"M19";"V45";"C0026"
"V006991";"15-03-2026";"Magasin";"LIVREE";"P0048";"1";"5,00";"1760,00";"1672,00";"945,76";"M18";"V43";"C0082"
"V006992";"15-03-2026";"WEB";"Livree";"P0061";"1";"0,00";"140,00";"140,00";"75,47";"M04";"V09";"C0006"
"V006993";"15-03-2026";"magasin";"LIVREE";"P0019";"1";"0,00";"535,00";"535,00";"307,48";"M01";"V01";"C0127"
"V006994";"15-03-2026";"Magasin";"LIVREE";"P0055";"1";"0,00";"40,00";"40,00";"19,21";"M07";"V14";"C0119"
"V006995";"16-03-2026";"Web";"LIVREE";"P0042";"1";"10,00";"2045,00";"1840,50";"1236,64";"M06";"V13";"C0137"
"V006996";"17-03-2026";"Magasin";"Livree";"P0019";"3";"0,00";"1605,00";"1605,00";"922,44";"M03";"V07";"C0055"
"V006997";"17-03-2026";"Magasin";"Livree";"P0038";"1";"5,00";"230,00";"218,50";"119,32";"M03";"V07";"C0078"
"V006998";"17-03-2026";"MAGASIN";"livree";"P0028";"2";"0,00";"260,00";"260,00";"134,52";"M22";"V54";"C0016"
"V006999";"17-03-2026";"Magasin";"Annulee";"P0051";"2";"0,00";"310,00";"310,00";"155,70";"M08";"V16";"C0032"
"V007000";"17-03-2026";"Magasin";"livree";"P0061";"3";"10,00";"420,00";"378,00";"226,41";"M02";"V05";"C0010"
"V007001";"18-03-2026";"WEB";"Livree";"P0053";"1";"5,00";"155,00";"147,25";"83,01";"M07";"V14";"C0074"
"V007002";"18-03-2026";"WEB";"Livree";"P0051";"1";"5,00";"155,00";"147,25";"77,85";"M10";"V21";"C0136"
"V007003";"18-03-2026";"MAGASIN";"LIVREE";"P0059";"1";"0,00";"40,00";"40,00";"19,23";"M01";"V02";"C0087"
"V007004";"18-03-2026";"Magasin";"encours";"P0055";"3";"0,00";"120,00";"120,00";"57,63";"M09";"V19";"C0029"
"V007005";"18-03-2026";"magasin";"Livree";"P0059";"4";"0,00";"160,00";"160,00";"76,92";"M13";"V29";"C0031"
"V007006";"18-03-2026";"WEB";"encours";"P0057";"2";"0,00";"40,00";"40,00";"21,78";"M25";"V59";"C0030"
"V007007";"18-03-2026";"magasin";"Annulee";"P0012";"1";"0,00";"1010,00";"1010,00";"588,54";"M12";"V28";"C0187"
"V007008";"19-03-2026";"Magasin";"LIVREE";"P0037";"1";"0,00";"230,00";"230,00";"115,95";"M16";"V37";"C0180"
"V007009";"19-03-2026";"Magasin";"EnCours";"P0020";"3";"0,00";"1155,00";"1155,00";"653,91";"M15";"V36";"C0192"
"V007010";"19-03-2026";"Magasin";"EnCours";"P0055";"1";"0,00";"40,00";"40,00";"19,21";"M14";"V32";"C0186"
"V007011";"19-03-2026";"WEB";"Livree";"P0009";"1";"0,00";"505,00";"505,00";"297,17";"M17";"V41";"C0084"
"V007012";"19-03-2026";"magasin";"LIVREE";"P0064";"4";"0,00";"280,00";"280,00";"143,44";"M01";"V03";"C0160"
"V007013";"20-03-2026";"magasin";"Livree";"P0055";"3";"5,00";"120,00";"114,00";"57,63";"M09";"V18";"C0143"
"V007014";"20-03-2026";"web";"Livree";"P0061";"1";"0,00";"140,00";"140,00";"75,47";"M03";"V07";"C0186"
"V007015";"20-03-2026";"Magasin";"Livree";"P0025";"1";"0,00";"55,00";"55,00";"32,37";"M23";"V55";"C0171"
"V007016";"20-03-2026";"web";"Livree";"P0058";"3";"0,00";"195,00";"195,00";"93,93";"M10";"V20";"C0065"
"V007017";"20-03-2026";"Magasin";"Livree";"P0031";"1";"0,00";"150,00";"150,00";"92,24";"M11";"V24";"C0104"
"V007018";"21-03-2026";"web";"livree";"P0056";"2";"10,00";"50,00";"45,00";"24,30";"M04";"V08";"C0019"
"V007019";"21-03-2026";"web";"EnCours";"P0055";"1";"0,00";"40,00";"40,00";"19,21";"M19";"V47";"C0126"
"V007020";"21-03-2026";"MAGASIN";"Livree";"P0048";"1";"0,00";"1760,00";"1760,00";"945,76";"M25";"V60";"C0075"
"V007021";"21-03-2026";"MAGASIN";"livree";"P0059";"1";"5,00";"40,00";"38,00";"19,23";"M10";"V21";"C0045"
"V007022";"21-03-2026";"Magasin";"Livree";"P0061";"2";"0,00";"280,00";"280,00";"150,94";"M18";"V43";"C0073"
"V007023";"21-03-2026";"magasin";"LIVREE";"P0015";"1";"5,00";"550,00";"522,50";"305,75";"M17";"V42";"C0039"
"V007024";"21-03-2026";"magasin";"LIVREE";"P0005";"2";"0,00";"650,00";"650,00";"297,42";"M17";"V42";"C0045"
"V007025";"22-03-2026";"MAGASIN";"Livree";"P0026";"1";"5,00";"275,00";"261,25";"137,45";"M01";"V01";"C0048"
"V007026";"22-03-2026";"MAGASIN";"Livree";"P0031";"2";"0,00";"300,00";"300,00";"184,48";"M15";"V36";"C0155"
"V007027";"22-03-2026";"MAGASIN";"Livree";"P0061";"2";"0,00";"280,00";"280,00";"150,94";"M08";"V16";"C0022"
"V007028";"22-03-2026";"magasin";"Livree";"P0061";"3";"0,00";"420,00";"420,00";"226,41";"M17";"V42";"C0215"
"V007029";"23-03-2026";"Web";"livree";"P0051";"1";"5,00";"155,00";"147,25";"77,85";"M25";"V60";"C0181"
"V007030";"23-03-2026";"MAGASIN";"LIVREE";"P0050";"2";"0,00";"460,00";"460,00";"231,66";"M17";"V41";"C0203"
"V007031";"23-03-2026";"Magasin";"Livree";"P0024";"2";"10,00";"1540,00";"1386,00";"931,78";"M09";"V19";"C0172"
"V007032";"23-03-2026";"WEB";"Livree";"P0038";"1";"0,00";"230,00";"230,00";"119,32";"M15";"V35";"C0175"
"V007033";"23-03-2026";"Magasin";"Livree";"P0001";"1";"0,00";"1055,00";"1055,00";"627,64";"M09";"V18";"C0195"
"V007034";"23-03-2026";"Magasin";"livree";"P0001";"3";"0,00";"3165,00";"3165,00";"1882,92";"M12";"V27";"C0066"
"V007035";"24-03-2026";"magasin";"Livree";"P0045";"2";"0,00";"650,00";"650,00";"298,38";"M07";"V15";"C0144"
"V007036";"24-03-2026";"magasin";"Livree";"P0024";"2";"5,00";"1540,00";"1463,00";"931,78";"M08";"V16";"C0139"
"V007037";"24-03-2026";"Magasin";"Livree";"P0056";"3";"0,00";"75,00";"75,00";"36,45";"M01";"V02";"C0215"
"V007038";"25-03-2026";"magasin";"LIVREE";"P0027";"1";"0,00";"220,00";"220,00";"106,66";"M01";"V01";"C0219"
"V007039";"25-03-2026";"web";"Annulee";"P0057";"3";"5,00";"60,00";"57,00";"32,67";"M01";"V02";"C0187"
"V007040";"25-03-2026";"magasin";"encours";"P0036";"3";"0,00";"315,00";"315,00";"173,73";"M23";"V56";"C0178"
"V007041";"25-03-2026";"web";"EnCours";"P0035";"1";"0,00";"170,00";"170,00";"91,98";"M01";"V03";"C0171"
"V007042";"25-03-2026";"magasin";"LIVREE";"P0055";"2";"0,00";"80,00";"80,00";"38,42";"M12";"V27";"C0177"
"V007043";"26-03-2026";"magasin";"EnCours";"P0042";"1";"0,00";"2045,00";"2045,00";"1236,64";"M06";"V12";"C0189"
"V007044";"26-03-2026";"Web";"Livree";"P0055";"1";"0,00";"40,00";"40,00";"19,21";"M25";"V59";"C0187"
"V007045";"26-03-2026";"MAGASIN";"LIVREE";"P0034";"2";"5,00";"400,00";"380,00";"236,88";"M19";"V47";"C0110"
"V007046";"26-03-2026";"Magasin";"livree";"P0035";"3";"0,00";"510,00";"510,00";"275,94";"M20";"V49";"C0175"
"V007047";"27-03-2026";"web";"Annulee";"P0022";"2";"0,00";"860,00";"860,00";"411,40";"M13";"V30";"C0090"
"V007048";"27-03-2026";"magasin";"Livree";"P0036";"2";"5,00";"210,00";"199,50";"115,82";"M02";"V04";"C0218"
"V007049";"27-03-2026";"Magasin";"livree";"P0027";"1";"0,00";"220,00";"220,00";"106,66";"M05";"V11";"C0157"
"V007050";"27-03-2026";"Magasin";"Livree";"P0062";"1";"0,00";"130,00";"130,00";"66,13";"M24";"V57";"C0136"
"V007051";"27-03-2026";"WEB";"EnCours";"P0001";"1";"5,00";"1055,00";"1002,25";"627,64";"M14";"V33";"C0117"
"V007052";"27-03-2026";"Web";"LIVREE";"P0051";"2";"5,00";"310,00";"294,50";"155,70";"M03";"V06";"C0124"
"V007053";"27-03-2026";"MAGASIN";"LIVREE";"P0051";"3";"0,00";"465,00";"465,00";"233,55";"M07";"V15";"C0017"
"V007054";"28-03-2026";"Magasin";"EnCours";"P0057";"2";"0,00";"40,00";"40,00";"21,78";"M15";"V36";"C0131"
"V007055";"28-03-2026";"web";"LIVREE";"P0023";"1";"0,00";"700,00";"700,00";"404,57";"M20";"V50";"C0054"
"V007056";"28-03-2026";"Magasin";"LIVREE";"P0064";"4";"10,00";"280,00";"252,00";"143,44";"M07";"V14";"C0113"
"V007057";"28-03-2026";"Magasin";"Livree";"P0046";"2";"0,00";"2070,00";"2070,00";"1230,72";"M19";"V47";"C0013"
"V007058";"28-03-2026";"Magasin";"livree";"P0052";"3";"5,00";"405,00";"384,75";"217,53";"M24";"V57";"C0089"
"V007059";"29-03-2026";"Magasin";"EnCours";"P0062";"3";"0,00";"390,00";"390,00";"198,39";"M17";"V42";"C0211"
"V007060";"29-03-2026";"Magasin";"Livree";"P0039";"2";"0,00";"2970,00";"2970,00";"1347,02";"M04";"V09";"C0142"
"V007061";"29-03-2026";"Web";"Livree";"P0034";"1";"0,00";"200,00";"200,00";"118,44";"M12";"V26";"C0033"
"V007062";"29-03-2026";"WEB";"Livree";"P0033";"1";"0,00";"50,00";"50,00";"22,73";"M07";"V15";"C0001"
"V007063";"29-03-2026";"Magasin";"Livree";"P0039";"1";"0,00";"1485,00";"1485,00";"673,51";"M25";"V60";"C0097"
"V007064";"29-03-2026";"MAGASIN";"Livree";"P0060";"2";"0,00";"80,00";"80,00";"40,92";"M07";"V14";"C0209"
"V007065";"29-03-2026";"web";"Livree";"P0039";"2";"0,00";"2970,00";"2970,00";"1347,02";"M18";"V44";"C0041"
"V007066";"29-03-2026";"Magasin";"Livree";"P0058";"4";"10,00";"260,00";"234,00";"125,24";"M11";"V24";"C0177"
"V007067";"30-03-2026";"Magasin";"Annulee";"P0034";"2";"0,00";"400,00";"400,00";"236,88";"M04";"V08";"C0045"
"V007068";"30-03-2026";"Magasin";"Livree";"P0051";"1";"0,00";"155,00";"155,00";"77,85";"M20";"V49";"C0012"
"V007069";"30-03-2026";"Magasin";"LIVREE";"P0057";"1";"0,00";"20,00";"20,00";"10,89";"M13";"V29";"C0050"
"V007070";"30-03-2026";"Magasin";"Annulee";"P0052";"1";"0,00";"135,00";"135,00";"72,51";"M02";"V04";"C0125"
"V007071";"30-03-2026";"Magasin";"EnCours";"P0025";"1";"0,00";"55,00";"55,00";"32,37";"M06";"V13";"C0185"
"V007072";"30-03-2026";"Magasin";"LIVREE";"P0050";"1";"0,00";"230,00";"230,00";"115,83";"M11";"V24";"C0051"
"V007073";"30-03-2026";"Magasin";"Livree";"P0048";"1";"5,00";"1760,00";"1672,00";"945,76";"M11";"V25";"C0132"
"V007074";"30-03-2026";"Web";"LIVREE";"P0020";"1";"0,00";"385,00";"385,00";"217,97";"M04";"V09";"C0174"
"V007075";"31-03-2026";"magasin";"Livree";"P0042";"1";"5,00";"2045,00";"1942,75";"1236,64";"M21";"V52";"C0002"
"V007076";"31-03-2026";"Magasin";"encours";"P0052";"1";"5,00";"135,00";"128,25";"72,51";"M05";"V10";"C0002"
"V007077";"31-03-2026";"magasin";"Livree";"P0061";"1";"10,00";"140,00";"126,00";"75,47";"M10";"V21";"C0125"
"V007078";"31-03-2026";"Web";"Livree";"P0060";"1";"5,00";"40,00";"38,00";"20,46";"M06";"V13";"C0130"
"V007079";"01-04-2026";"WEB";"LIVREE";"P0038";"1";"0,00";"230,00";"230,00";"119,32";"M03";"V07";"C0090"
"V007080";"01-04-2026";"WEB";"livree";"P0052";"1";"0,00";"135,00";"135,00";"72,51";"M25";"V59";"C0164"
"V007081";"01-04-2026";"Magasin";"LIVREE";"P0033";"2";"0,00";"100,00";"100,00";"45,46";"M21";"V52";"C0041"
"V007082";"01-04-2026";"Magasin";"LIVREE";"P0011";"3";"0,00";"3450,00";"3450,00";"2015,91";"M25";"V59";"C0168"
"V007083";"02-04-2026";"magasin";"LIVREE";"P0064";"3";"5,00";"210,00";"199,50";"107,58";"M12";"V27";"C0203"
"V007084";"02-04-2026";"WEB";"Livree";"P0062";"1";"0,00";"130,00";"130,00";"66,13";"M03";"V07";"C0206"
"V007085";"02-04-2026";"WEB";"EnCours";"P0050";"1";"5,00";"230,00";"218,50";"115,83";"M17";"V40";"C0058"
"V007086";"02-04-2026";"magasin";"Livree";"P0035";"1";"0,00";"170,00";"170,00";"91,98";"M12";"V27";"C0123"
"V007087";"03-04-2026";"web";"LIVREE";"P0008";"2";"5,00";"990,00";"940,50";"487,52";"M10";"V22";"C0111"
"V007088";"03-04-2026";"MAGASIN";"Livree";"P0009";"1";"0,00";"505,00";"505,00";"297,17";"M09";"V18";"C0061"
"V007089";"03-04-2026";"Web";"EnCours";"P0043";"1";"0,00";"2230,00";"2230,00";"1198,97";"M22";"V54";"C0163"
"V007090";"03-04-2026";"MAGASIN";"encours";"P0022";"1";"0,00";"430,00";"430,00";"205,70";"M20";"V50";"C0085"
"V007091";"03-04-2026";"Magasin";"Livree";"P0004";"3";"0,00";"2880,00";"2880,00";"1685,61";"M23";"V55";"C0020"
"V007092";"03-04-2026";"magasin";"LIVREE";"P0040";"2";"10,00";"3820,00";"3438,00";"2077,84";"M01";"V02";"C0057"
"V007093";"04-04-2026";"magasin";"Livree";"P0013";"2";"0,00";"1500,00";"1500,00";"676,36";"M03";"V06";"C0086"
"V007094";"04-04-2026";"Magasin";"Annulee";"P0053";"1";"0,00";"155,00";"155,00";"83,01";"M10";"V20";"C0040"
"V007095";"04-04-2026";"MAGASIN";"Annulee";"P0029";"1";"0,00";"285,00";"285,00";"169,00";"M01";"V02";"C0134"
"V007096";"04-04-2026";"Magasin";"LIVREE";"P0006";"1";"0,00";"1075,00";"1075,00";"657,19";"M02";"V05";"C0163"
"V007097";"04-04-2026";"Magasin";"Livree";"P0025";"1";"0,00";"55,00";"55,00";"32,37";"M18";"V43";"C0183"
"V007098";"05-04-2026";"Magasin";"livree";"P0003";"4";"0,00";"2840,00";"2840,00";"1581,32";"M01";"V02";"C0061"
"V007099";"05-04-2026";"WEB";"livree";"P0055";"2";"0,00";"80,00";"80,00";"38,42";"M13";"V30";"C0058"
"V007100";"05-04-2026";"Web";"livree";"P0028";"2";"0,00";"260,00";"260,00";"134,52";"M25";"V60";"C0117"
"V007101";"05-04-2026";"WEB";"Livree";"P0043";"2";"10,00";"4460,00";"4014,00";"2397,94";"M08";"V17";"C0174"
"V007102";"05-04-2026";"Magasin";"Livree";"P0058";"1";"0,00";"65,00";"65,00";"31,31";"M15";"V35";"C0055"
"V007103";"05-04-2026";"Magasin";"EnCours";"P0037";"1";"0,00";"230,00";"230,00";"115,95";"M03";"V06";"C0004"
"V007104";"06-04-2026";"Magasin";"Livree";"P0010";"1";"0,00";"955,00";"955,00";"512,94";"M25";"V59";"C0066"
"V007105";"06-04-2026";"MAGASIN";"livree";"P0028";"3";"0,00";"390,00";"390,00";"201,78";"M21";"V52";"C0081"
"V007106";"06-04-2026";"Magasin";"LIVREE";"P0058";"1";"5,00";"65,00";"61,75";"31,31";"M09";"V19";"C0153"
"V007107";"07-04-2026";"Magasin";"encours";"P0050";"2";"0,00";"460,00";"460,00";"231,66";"M03";"V06";"C0072"
"V007108";"07-04-2026";"Magasin";"LIVREE";"P0062";"1";"0,00";"130,00";"130,00";"66,13";"M16";"V39";"C0194"
"V007109";"07-04-2026";"Magasin";"Livree";"P0056";"1";"0,00";"25,00";"25,00";"12,15";"M07";"V14";"C0117"
"V007110";"08-04-2026";"web";"EnCours";"P0051";"2";"0,00";"310,00";"310,00";"155,70";"M23";"V56";"C0160"
"V007111";"08-04-2026";"magasin";"LIVREE";"P0008";"2";"0,00";"990,00";"990,00";"487,52";"M16";"V39";"C0014"
"V007112";"08-04-2026";"Magasin";"Livree";"P0024";"1";"10,00";"770,00";"693,00";"465,89";"M10";"V20";"C0184"
"V007113";"08-04-2026";"Magasin";"Livree";"P0063";"4";"0,00";"420,00";"420,00";"232,84";"M22";"V53";"C0099"
"V007114";"08-04-2026";"web";"livree";"P0016";"1";"0,00";"385,00";"385,00";"178,74";"M02";"V04";"C0100"
"V007115";"08-04-2026";"MAGASIN";"EnCours";"P0003";"2";"0,00";"1420,00";"1420,00";"790,66";"M11";"V23";"C0075"
"V007116";"09-04-2026";"Magasin";"encours";"P0063";"1";"0,00";"105,00";"105,00";"58,21";"M11";"V25";"C0002"
"V007117";"09-04-2026";"Magasin";"EnCours";"P0006";"1";"0,00";"1075,00";"1075,00";"657,19";"M04";"V09";"C0206"
"V007118";"10-04-2026";"magasin";"LIVREE";"P0054";"1";"10,00";"160,00";"144,00";"77,44";"M08";"V17";"C0060"
"V007119";"10-04-2026";"Web";"livree";"P0034";"1";"10,00";"200,00";"180,00";"118,44";"M17";"V40";"C0178"
"V007120";"10-04-2026";"Magasin";"LIVREE";"P0056";"2";"0,00";"50,00";"50,00";"24,30";"M11";"V23";"C0151"
"V007121";"10-04-2026";"MAGASIN";"livree";"P0061";"1";"0,00";"140,00";"140,00";"75,47";"M21";"V52";"C0101"
"V007122";"11-04-2026";"Web";"Livree";"P0052";"2";"0,00";"270,00";"270,00";"145,02";"M04";"V09";"C0031"
"V007123";"11-04-2026";"web";"LIVREE";"P0056";"2";"10,00";"50,00";"45,00";"24,30";"M23";"V56";"C0041"
"V007124";"11-04-2026";"Web";"Livree";"P0026";"2";"0,00";"550,00";"550,00";"274,90";"M16";"V37";"C0012"
"V007125";"11-04-2026";"Web";"livree";"P0003";"2";"0,00";"1420,00";"1420,00";"790,66";"M04";"V09";"C0122"
"V007126";"11-04-2026";"Web";"LIVREE";"P0018";"3";"0,00";"2595,00";"2595,00";"1323,33";"M11";"V25";"C0220"
"V007127";"11-04-2026";"Magasin";"LIVREE";"P0061";"4";"10,00";"560,00";"504,00";"301,88";"M06";"V12";"C0210"
"V007128";"12-04-2026";"WEB";"LIVREE";"P0036";"1";"0,00";"105,00";"105,00";"57,91";"M19";"V45";"C0107"
"V007129";"12-04-2026";"MAGASIN";"Annulee";"P0027";"1";"0,00";"220,00";"220,00";"106,66";"M11";"V24";"C0105"
"V007130";"12-04-2026";"WEB";"Livree";"P0056";"2";"5,00";"50,00";"47,50";"24,30";"M06";"V12";"C0087"
"V007131";"12-04-2026";"MAGASIN";"EnCours";"P0060";"2";"5,00";"80,00";"76,00";"40,92";"M20";"V49";"C0090"
"V007132";"13-04-2026";"Magasin";"Livree";"P0002";"2";"5,00";"1400,00";"1330,00";"705,52";"M11";"V24";"C0163"
"V007133";"13-04-2026";"WEB";"encours";"P0038";"2";"5,00";"460,00";"437,00";"238,64";"M07";"V15";"C0172"
"V007134";"13-04-2026";"Magasin";"Livree";"P0021";"2";"5,00";"820,00";"779,00";"378,82";"M18";"V43";"C0081"
"V007135";"13-04-2026";"web";"LIVREE";"P0050";"2";"0,00";"460,00";"460,00";"231,66";"M08";"V17";"C0007"
"V007136";"14-04-2026";"magasin";"LIVREE";"P0032";"4";"0,00";"760,00";"760,00";"432,72";"M09";"V19";"C0200"
"V007137";"14-04-2026";"Magasin";"Livree";"P0060";"3";"5,00";"120,00";"114,00";"61,38";"M21";"V52";"C0074"
"V007138";"14-04-2026";"Magasin";"livree";"P0036";"2";"0,00";"210,00";"210,00";"115,82";"M07";"V14";"C0034"
"V007139";"14-04-2026";"WEB";"Livree";"P0052";"2";"0,00";"270,00";"270,00";"145,02";"M15";"V36";"C0086"
"V007140";"14-04-2026";"WEB";"Livree";"P0060";"2";"5,00";"80,00";"76,00";"40,92";"M17";"V40";"C0044"
"V007141";"14-04-2026";"WEB";"LIVREE";"P0028";"2";"0,00";"260,00";"260,00";"134,52";"M04";"V08";"C0115"
"V007142";"14-04-2026";"magasin";"LIVREE";"P0016";"1";"10,00";"385,00";"346,50";"178,74";"M04";"V09";"C0127"
"V007143";"15-04-2026";"Magasin";"LIVREE";"P0058";"3";"5,00";"195,00";"185,25";"93,93";"M10";"V21";"C0009"
"V007144";"15-04-2026";"web";"LIVREE";"P0041";"1";"0,00";"2225,00";"2225,00";"1348,70";"M21";"V52";"C0020"
"V007145";"15-04-2026";"web";"LIVREE";"P0027";"4";"5,00";"880,00";"836,00";"426,64";"M09";"V18";"C0208"
"V007146";"15-04-2026";"MAGASIN";"Livree";"P0063";"2";"10,00";"210,00";"189,00";"116,42";"M12";"V26";"C0214"
"V007147";"16-04-2026";"Web";"livree";"P0054";"1";"5,00";"160,00";"152,00";"77,44";"M14";"V32";"C0118"
"V007148";"16-04-2026";"magasin";"livree";"P0031";"1";"0,00";"150,00";"150,00";"92,24";"M22";"V54";"C0146"
"V007149";"16-04-2026";"Magasin";"Livree";"P0030";"1";"0,00";"265,00";"265,00";"125,99";"M05";"V11";"C0052"
"V007150";"16-04-2026";"Web";"livree";"P0052";"1";"0,00";"135,00";"135,00";"72,51";"M18";"V44";"C0032"
"V007151";"16-04-2026";"Magasin";"Livree";"P0062";"2";"5,00";"260,00";"247,00";"132,26";"M17";"V41";"C0064"
"V007152";"17-04-2026";"Magasin";"livree";"P0042";"1";"0,00";"2045,00";"2045,00";"1236,64";"M18";"V43";"C0013"
"V007153";"17-04-2026";"MAGASIN";"Annulee";"P0054";"3";"5,00";"480,00";"456,00";"232,32";"M13";"V29";"C0102"
"V007154";"17-04-2026";"MAGASIN";"LIVREE";"P0058";"3";"0,00";"195,00";"195,00";"93,93";"M03";"V07";"C0082"
"V007155";"17-04-2026";"Web";"LIVREE";"P0056";"1";"0,00";"25,00";"25,00";"12,15";"M18";"V43";"C0108"
"V007156";"17-04-2026";"Web";"LIVREE";"P0054";"2";"5,00";"320,00";"304,00";"154,88";"M06";"V13";"C0164"
"V007157";"17-04-2026";"Magasin";"Livree";"P0061";"3";"0,00";"420,00";"420,00";"226,41";"M17";"V40";"C0176"
"V007158";"17-04-2026";"WEB";"Livree";"P0022";"2";"5,00";"860,00";"817,00";"411,40";"M09";"V19";"C0217"
"V007159";"17-04-2026";"Web";"LIVREE";"P0054";"2";"0,00";"320,00";"320,00";"154,88";"M21";"V51";"C0047"
"V007160";"17-04-2026";"Magasin";"Livree";"P0059";"2";"0,00";"80,00";"80,00";"38,46";"M06";"V13";"C0196"
"V007161";"18-04-2026";"Magasin";"Livree";"P0015";"2";"0,00";"1100,00";"1100,00";"611,50";"M06";"V12";"C0020"
"V007162";"18-04-2026";"Magasin";"Livree";"P0015";"1";"0,00";"550,00";"550,00";"305,75";"M15";"V36";"C0144"
"V007163";"18-04-2026";"Web";"livree";"P0008";"2";"0,00";"990,00";"990,00";"487,52";"M21";"V52";"C0146"
"V007164";"18-04-2026";"Magasin";"livree";"P0013";"2";"0,00";"1500,00";"1500,00";"676,36";"M20";"V48";"C0193"
"V007165";"19-04-2026";"MAGASIN";"Livree";"P0051";"2";"0,00";"310,00";"310,00";"155,70";"M25";"V60";"C0105"
"V007166";"19-04-2026";"web";"livree";"P0052";"1";"0,00";"135,00";"135,00";"72,51";"M25";"V60";"C0213"
"V007167";"19-04-2026";"Magasin";"LIVREE";"P0052";"1";"0,00";"135,00";"135,00";"72,51";"M07";"V14";"C0012"
"V007168";"19-04-2026";"Web";"EnCours";"P0063";"1";"0,00";"105,00";"105,00";"58,21";"M07";"V14";"C0053"
"V007169";"19-04-2026";"web";"Livree";"P0058";"1";"0,00";"65,00";"65,00";"31,31";"M07";"V15";"C0176"
"V007170";"20-04-2026";"Magasin";"Livree";"P0048";"1";"5,00";"1760,00";"1672,00";"945,76";"M17";"V42";"C0054"
"V007171";"20-04-2026";"magasin";"LIVREE";"P0014";"1";"10,00";"635,00";"571,50";"333,47";"M24";"V58";"C0015"
"V007172";"20-04-2026";"Magasin";"LIVREE";"P0044";"4";"10,00";"7200,00";"6480,00";"4212,84";"M13";"V29";"C0113"
"V007173";"20-04-2026";"Magasin";"encours";"P0024";"1";"10,00";"770,00";"693,00";"465,89";"M17";"V42";"C0164"
"V007174";"21-04-2026";"Magasin";"Livree";"P0060";"2";"0,00";"80,00";"80,00";"40,92";"M24";"V58";"C0164"
"V007175";"21-04-2026";"WEB";"livree";"P0054";"2";"0,00";"320,00";"320,00";"154,88";"M20";"V48";"C0019"
"V007176";"21-04-2026";"magasin";"Livree";"P0059";"1";"5,00";"40,00";"38,00";"19,23";"M22";"V53";"C0152"
"V007177";"21-04-2026";"Magasin";"Livree";"P0040";"1";"0,00";"1910,00";"1910,00";"1038,92";"M03";"V07";"C0085"
"V007178";"21-04-2026";"magasin";"Livree";"P0002";"4";"0,00";"2800,00";"2800,00";"1411,04";"M06";"V12";"C0033"
"V007179";"22-04-2026";"Magasin";"EnCours";"P0028";"1";"5,00";"130,00";"123,50";"67,26";"M09";"V19";"C0208"
"V007180";"22-04-2026";"MAGASIN";"Livree";"P0029";"2";"0,00";"570,00";"570,00";"338,00";"M04";"V08";"C0207"
"V007181";"22-04-2026";"Magasin";"Livree";"P0063";"1";"5,00";"105,00";"99,75";"58,21";"M25";"V60";"C0023"
"V007182";"22-04-2026";"Magasin";"Annulee";"P0064";"1";"0,00";"70,00";"70,00";"35,86";"M04";"V08";"C0159"
"V007183";"22-04-2026";"Magasin";"Livree";"P0059";"1";"5,00";"40,00";"38,00";"19,23";"M04";"V08";"C0133"
"V007184";"23-04-2026";"magasin";"EnCours";"P0059";"1";"0,00";"40,00";"40,00";"19,23";"M18";"V44";"C0141"
"V007185";"23-04-2026";"WEB";"EnCours";"P0056";"1";"0,00";"25,00";"25,00";"12,15";"M06";"V13";"C0190"
"V007186";"23-04-2026";"magasin";"Livree";"P0055";"4";"10,00";"160,00";"144,00";"76,84";"M12";"V27";"C0208"
"V007187";"23-04-2026";"Magasin";"Livree";"P0062";"2";"5,00";"260,00";"247,00";"132,26";"M22";"V53";"C0135"
"V007188";"23-04-2026";"magasin";"Livree";"P0022";"2";"5,00";"860,00";"817,00";"411,40";"M08";"V16";"C0119"
"V007189";"24-04-2026";"Magasin";"Livree";"P0050";"2";"0,00";"460,00";"460,00";"231,66";"M13";"V31";"C0200"
"V007190";"24-04-2026";"magasin";"EnCours";"P0063";"2";"5,00";"210,00";"199,50";"116,42";"M20";"V49";"C0213"
"V007191";"24-04-2026";"Web";"LIVREE";"P0050";"2";"0,00";"460,00";"460,00";"231,66";"M23";"V55";"C0179"
"V007192";"24-04-2026";"magasin";"Livree";"P0061";"4";"0,00";"560,00";"560,00";"301,88";"M03";"V06";"C0120"
"V007193";"25-04-2026";"web";"livree";"P0048";"2";"0,00";"3520,00";"3520,00";"1891,52";"M24";"V57";"C0080"
"V007194";"25-04-2026";"WEB";"Livree";"P0030";"3";"0,00";"795,00";"795,00";"377,97";"M09";"V18";"C0144"
"V007195";"25-04-2026";"MAGASIN";"Annulee";"P0009";"1";"5,00";"505,00";"479,75";"297,17";"M01";"V01";"C0190"
"V007196";"25-04-2026";"MAGASIN";"LIVREE";"P0034";"4";"0,00";"800,00";"800,00";"473,76";"M25";"V59";"C0091"
"V007197";"25-04-2026";"MAGASIN";"LIVREE";"P0057";"1";"0,00";"20,00";"20,00";"10,89";"M25";"V59";"C0173"
"V007198";"25-04-2026";"Magasin";"encours";"P0018";"2";"0,00";"1730,00";"1730,00";"882,22";"M21";"V51";"C0116"
"V007199";"25-04-2026";"Magasin";"Livree";"P0057";"4";"0,00";"80,00";"80,00";"43,56";"M20";"V49";"C0162"
"V007200";"26-04-2026";"MAGASIN";"Livree";"P0004";"2";"0,00";"1920,00";"1920,00";"1123,74";"M17";"V40";"C0192"
"V007201";"26-04-2026";"MAGASIN";"LIVREE";"P0048";"1";"0,00";"1760,00";"1760,00";"945,76";"M19";"V46";"C0027"
"V007202";"26-04-2026";"Magasin";"Annulee";"P0061";"1";"0,00";"140,00";"140,00";"75,47";"M17";"V41";"C0162"
"V007203";"26-04-2026";"Magasin";"EnCours";"P0063";"1";"10,00";"105,00";"94,50";"58,21";"M24";"V58";"C0207"
"V007204";"27-04-2026";"MAGASIN";"Livree";"P0028";"1";"0,00";"130,00";"130,00";"67,26";"M01";"V02";"C0028"
"V007205";"27-04-2026";"Magasin";"Livree";"P0044";"1";"0,00";"1800,00";"1800,00";"1053,21";"M20";"V48";"C0030"
"V007206";"27-04-2026";"web";"Livree";"P0063";"1";"0,00";"105,00";"105,00";"58,21";"M16";"V38";"C0094"
"V007207";"27-04-2026";"Magasin";"Livree";"P0042";"1";"0,00";"2045,00";"2045,00";"1236,64";"M08";"V17";"C0086"
"V007208";"27-04-2026";"Magasin";"LIVREE";"P0024";"3";"5,00";"2310,00";"2194,50";"1397,67";"M24";"V58";"C0097"
"V007209";"27-04-2026";"Web";"Annulee";"P0061";"2";"0,00";"280,00";"280,00";"150,94";"M18";"V44";"C0210"
"V007210";"27-04-2026";"Web";"Livree";"P0053";"2";"10,00";"310,00";"279,00";"166,02";"M02";"V04";"C0129"
"V007211";"27-04-2026";"Magasin";"Livree";"P0032";"1";"0,00";"190,00";"190,00";"108,18";"M17";"V40";"C0190"
"V007212";"28-04-2026";"Magasin";"livree";"P0059";"2";"0,00";"80,00";"80,00";"38,46";"M16";"V39";"C0025"
"V007213";"28-04-2026";"web";"Livree";"P0047";"2";"0,00";"3330,00";"3330,00";"2008,14";"M21";"V52";"C0063"
"V007214";"28-04-2026";"MAGASIN";"Livree";"P0016";"3";"5,00";"1155,00";"1097,25";"536,22";"M16";"V37";"C0061"
"V007215";"28-04-2026";"Magasin";"LIVREE";"P0053";"1";"0,00";"155,00";"155,00";"83,01";"M15";"V35";"C0073"
"V007216";"29-04-2026";"Magasin";"LIVREE";"P0020";"3";"0,00";"1155,00";"1155,00";"653,91";"M01";"V03";"C0196"
"V007217";"29-04-2026";"Magasin";"LIVREE";"P0028";"2";"0,00";"260,00";"260,00";"134,52";"M06";"V13";"C0025"
"V007218";"29-04-2026";"MAGASIN";"Livree";"P0005";"2";"0,00";"650,00";"650,00";"297,42";"M09";"V19";"C0173"
"V007219";"29-04-2026";"magasin";"Livree";"P0057";"2";"0,00";"40,00";"40,00";"21,78";"M19";"V46";"C0074"
"V007220";"29-04-2026";"Magasin";"LIVREE";"P0041";"1";"0,00";"2225,00";"2225,00";"1348,70";"M13";"V31";"C0085"
"V007221";"29-04-2026";"web";"Livree";"P0064";"1";"0,00";"70,00";"70,00";"35,86";"M15";"V35";"C0186"
"V007222";"30-04-2026";"web";"LIVREE";"P0053";"4";"0,00";"620,00";"620,00";"332,04";"M21";"V51";"C0218"
"V007223";"30-04-2026";"Magasin";"Livree";"P0039";"3";"0,00";"4455,00";"4455,00";"2020,53";"M25";"V59";"C0114"
"V007224";"30-04-2026";"WEB";"Livree";"P0057";"2";"0,00";"40,00";"40,00";"21,78";"M14";"V32";"C0001"
"V007225";"30-04-2026";"Magasin";"Livree";"P0040";"1";"0,00";"1910,00";"1910,00";"1038,92";"M10";"V20";"C0107"
"V007226";"30-04-2026";"WEB";"Annulee";"P0006";"1";"0,00";"1075,00";"1075,00";"657,19";"M03";"V07";"C0183"
"V007227";"30-04-2026";"Magasin";"LIVREE";"P0059";"2";"5,00";"80,00";"76,00";"38,46";"M24";"V58";"C0203"
"V007228";"01-05-2026";"Web";"livree";"P0045";"2";"0,00";"650,00";"650,00";"298,38";"M06";"V12";"C0094"
"V007229";"01-05-2026";"Magasin";"Livree";"P0049";"1";"0,00";"1770,00";"1770,00";"798,07";"M23";"V56";"C0159"
"V007230";"01-05-2026";"magasin";"Livree";"P0011";"3";"0,00";"3450,00";"3450,00";"2015,91";"M18";"V44";"C0137"
"V007231";"01-05-2026";"magasin";"LIVREE";"P0037";"1";"0,00";"230,00";"230,00";"115,95";"M01";"V02";"C0071"
"V007232";"01-05-2026";"Magasin";"LIVREE";"P0058";"1";"0,00";"65,00";"65,00";"31,31";"M03";"V06";"C0090"
"V007233";"01-05-2026";"WEB";"Annulee";"P0059";"1";"0,00";"40,00";"40,00";"19,23";"M22";"V53";"C0156"
"V007234";"02-05-2026";"Magasin";"Livree";"P0017";"1";"0,00";"450,00";"450,00";"256,83";"M22";"V53";"C0207"
"V007235";"02-05-2026";"WEB";"Livree";"P0051";"1";"5,00";"155,00";"147,25";"77,85";"M18";"V44";"C0183"
"V007236";"02-05-2026";"MAGASIN";"Livree";"P0050";"1";"0,00";"230,00";"230,00";"115,83";"M14";"V32";"C0055"
"V007237";"02-05-2026";"Magasin";"EnCours";"P0051";"4";"0,00";"620,00";"620,00";"311,40";"M03";"V07";"C0174"
"V007238";"02-05-2026";"Web";"LIVREE";"P0051";"1";"5,00";"155,00";"147,25";"77,85";"M15";"V36";"C0174"
"V007239";"02-05-2026";"Magasin";"Annulee";"P0061";"2";"10,00";"280,00";"252,00";"150,94";"M03";"V06";"C0213"
"V007240";"02-05-2026";"Magasin";"livree";"P0051";"2";"0,00";"310,00";"310,00";"155,70";"M05";"V10";"C0128"
"V007241";"02-05-2026";"magasin";"Livree";"P0051";"2";"0,00";"310,00";"310,00";"155,70";"M21";"V51";"C0131"
"V007242";"02-05-2026";"Magasin";"livree";"P0040";"1";"0,00";"1910,00";"1910,00";"1038,92";"M16";"V38";"C0072"
"V007243";"02-05-2026";"magasin";"livree";"P0008";"1";"10,00";"495,00";"445,50";"243,76";"M01";"V01";"C0101"
"V007244";"03-05-2026";"magasin";"LIVREE";"P0044";"3";"0,00";"5400,00";"5400,00";"3159,63";"M12";"V26";"C0030"
"V007245";"03-05-2026";"magasin";"LIVREE";"P0056";"1";"0,00";"25,00";"25,00";"12,15";"M24";"V57";"C0214"
"V007246";"03-05-2026";"Magasin";"Livree";"P0036";"1";"0,00";"105,00";"105,00";"57,91";"M03";"V07";"C0165"
"V007247";"03-05-2026";"Magasin";"livree";"P0056";"1";"0,00";"25,00";"25,00";"12,15";"M25";"V60";"C0101"
"V007248";"03-05-2026";"magasin";"Livree";"P0052";"2";"0,00";"270,00";"270,00";"145,02";"M20";"V48";"C0215"
"V007249";"03-05-2026";"Web";"Livree";"P0040";"1";"0,00";"1910,00";"1910,00";"1038,92";"M14";"V32";"C0112"
"V007250";"04-05-2026";"web";"Livree";"P0019";"1";"0,00";"535,00";"535,00";"307,48";"M03";"V07";"C0216"
"V007251";"04-05-2026";"MAGASIN";"EnCours";"P0018";"1";"5,00";"865,00";"821,75";"441,11";"M08";"V16";"C0010"
"V007252";"04-05-2026";"web";"Livree";"P0014";"2";"0,00";"1270,00";"1270,00";"666,94";"M12";"V26";"C0126"
"V007253";"04-05-2026";"MAGASIN";"Livree";"P0042";"1";"0,00";"2045,00";"2045,00";"1236,64";"M16";"V39";"C0055"
"V007254";"04-05-2026";"web";"encours";"P0002";"2";"0,00";"1400,00";"1400,00";"705,52";"M11";"V23";"C0090"
"V007255";"04-05-2026";"magasin";"Livree";"P0059";"1";"5,00";"40,00";"38,00";"19,23";"M12";"V26";"C0207"
"V007256";"05-05-2026";"Magasin";"Livree";"P0041";"3";"0,00";"6675,00";"6675,00";"4046,10";"M24";"V58";"C0070"
"V007257";"05-05-2026";"web";"Livree";"P0048";"2";"10,00";"3520,00";"3168,00";"1891,52";"M08";"V16";"C0052"
"V007258";"05-05-2026";"MAGASIN";"LIVREE";"P0055";"2";"0,00";"80,00";"80,00";"38,42";"M16";"V37";"C0001"
"V007259";"05-05-2026";"MAGASIN";"Livree";"P0041";"1";"0,00";"2225,00";"2225,00";"1348,70";"M17";"V41";"C0119"
"V007260";"05-05-2026";"web";"Livree";"P0040";"1";"0,00";"1910,00";"1910,00";"1038,92";"M01";"V03";"C0092"
"V007261";"05-05-2026";"magasin";"LIVREE";"P0057";"3";"0,00";"60,00";"60,00";"32,67";"M08";"V17";"C0205"
"V007262";"06-05-2026";"magasin";"Livree";"P0029";"3";"0,00";"855,00";"855,00";"507,00";"M05";"V11";"C0137"
"V007263";"06-05-2026";"Web";"Livree";"P0036";"3";"5,00";"315,00";"299,25";"173,73";"M13";"V29";"C0119"
"V007264";"06-05-2026";"Magasin";"LIVREE";"P0062";"2";"0,00";"260,00";"260,00";"132,26";"M19";"V46";"C0044"
"V007265";"06-05-2026";"Magasin";"Livree";"P0045";"2";"5,00";"650,00";"617,50";"298,38";"M03";"V07";"C0202"
"V007266";"06-05-2026";"Magasin";"LIVREE";"P0056";"2";"0,00";"50,00";"50,00";"24,30";"M16";"V38";"C0153"
"V007267";"06-05-2026";"Magasin";"Livree";"P0054";"1";"5,00";"160,00";"152,00";"77,44";"M21";"V51";"C0071"
"V007268";"06-05-2026";"Web";"livree";"P0044";"3";"0,00";"5400,00";"5400,00";"3159,63";"M05";"V10";"C0184"
"V007269";"06-05-2026";"Web";"Annulee";"P0001";"3";"0,00";"3165,00";"3165,00";"1882,92";"M19";"V46";"C0122"
"V007270";"07-05-2026";"web";"Livree";"P0023";"2";"5,00";"1400,00";"1330,00";"809,14";"M18";"V44";"C0024"
"V007271";"07-05-2026";"magasin";"Livree";"P0046";"1";"0,00";"1035,00";"1035,00";"615,36";"M19";"V45";"C0004"
"V007272";"07-05-2026";"Magasin";"Livree";"P0025";"1";"0,00";"55,00";"55,00";"32,37";"M05";"V10";"C0101"
"V007273";"07-05-2026";"Magasin";"LIVREE";"P0057";"1";"0,00";"20,00";"20,00";"10,89";"M02";"V04";"C0127"
"V007274";"08-05-2026";"Magasin";"Annulee";"P0047";"1";"0,00";"1665,00";"1665,00";"1004,07";"M03";"V06";"C0106"
"V007275";"08-05-2026";"Web";"LIVREE";"P0060";"1";"0,00";"40,00";"40,00";"20,46";"M13";"V31";"C0133"
"V007276";"08-05-2026";"WEB";"Livree";"P0063";"1";"0,00";"105,00";"105,00";"58,21";"M04";"V08";"C0016"
"V007277";"08-05-2026";"Magasin";"livree";"P0061";"1";"0,00";"140,00";"140,00";"75,47";"M22";"V53";"C0152"
"V007278";"08-05-2026";"MAGASIN";"LIVREE";"P0062";"1";"0,00";"130,00";"130,00";"66,13";"M04";"V09";"C0199"
"V007279";"09-05-2026";"magasin";"LIVREE";"P0063";"1";"5,00";"105,00";"99,75";"58,21";"M08";"V17";"C0089"
"V007280";"09-05-2026";"WEB";"Annulee";"P0057";"1";"5,00";"20,00";"19,00";"10,89";"M22";"V53";"C0196"
"V007281";"09-05-2026";"Web";"Annulee";"P0033";"1";"0,00";"50,00";"50,00";"22,73";"M11";"V23";"C0033"
"V007282";"09-05-2026";"web";"LIVREE";"P0043";"2";"10,00";"4460,00";"4014,00";"2397,94";"M01";"V02";"C0090"
"V007283";"10-05-2026";"WEB";"LIVREE";"P0039";"1";"5,00";"1485,00";"1410,75";"673,51";"M18";"V43";"C0197"
"V007284";"10-05-2026";"Web";"Livree";"P0053";"3";"5,00";"465,00";"441,75";"249,03";"M14";"V33";"C0131"
"V007285";"10-05-2026";"Magasin";"Livree";"P0050";"1";"0,00";"230,00";"230,00";"115,83";"M20";"V49";"C0066"
"V007286";"10-05-2026";"Web";"Livree";"P0059";"1";"5,00";"40,00";"38,00";"19,23";"M06";"V13";"C0207"
"V007287";"10-05-2026";"web";"Livree";"P0047";"1";"0,00";"1665,00";"1665,00";"1004,07";"M07";"V14";"C0091"
"V007288";"10-05-2026";"Magasin";"Livree";"P0058";"2";"0,00";"130,00";"130,00";"62,62";"M24";"V57";"C0104"
"V007289";"10-05-2026";"Web";"encours";"P0012";"1";"0,00";"1010,00";"1010,00";"588,54";"M01";"V01";"C0182"
"V007290";"10-05-2026";"magasin";"EnCours";"P0031";"1";"0,00";"150,00";"150,00";"92,24";"M16";"V37";"C0122"
"V007291";"10-05-2026";"web";"EnCours";"P0016";"1";"0,00";"385,00";"385,00";"178,74";"M23";"V56";"C0118"
"V007292";"10-05-2026";"MAGASIN";"Livree";"P0024";"1";"0,00";"770,00";"770,00";"465,89";"M12";"V28";"C0191"
"V007293";"11-05-2026";"Web";"Livree";"P0062";"1";"0,00";"130,00";"130,00";"66,13";"M01";"V02";"C0190"
"V007294";"11-05-2026";"Web";"livree";"P0029";"4";"0,00";"1140,00";"1140,00";"676,00";"M18";"V44";"C0127"
"V007295";"11-05-2026";"Magasin";"Livree";"P0052";"4";"0,00";"540,00";"540,00";"290,04";"M10";"V21";"C0189"
"V007296";"11-05-2026";"Magasin";"LIVREE";"P0053";"1";"0,00";"155,00";"155,00";"83,01";"M19";"V46";"C0121"
"V007297";"11-05-2026";"MAGASIN";"Livree";"P0049";"2";"10,00";"3540,00";"3186,00";"1596,14";"M06";"V12";"C0060"
"V007298";"11-05-2026";"Magasin";"Livree";"P0019";"3";"0,00";"1605,00";"1605,00";"922,44";"M05";"V11";"C0041"
"V007299";"12-05-2026";"Web";"Livree";"P0060";"3";"10,00";"120,00";"108,00";"61,38";"M19";"V46";"C0169"
"V007300";"12-05-2026";"Magasin";"Livree";"P0041";"1";"0,00";"2225,00";"2225,00";"1348,70";"M04";"V08";"C0167"
"V007301";"12-05-2026";"Magasin";"Livree";"P0013";"2";"0,00";"1500,00";"1500,00";"676,36";"M05";"V10";"C0027"
"V007302";"13-05-2026";"MAGASIN";"livree";"P0062";"1";"10,00";"130,00";"117,00";"66,13";"M09";"V18";"C0037"
"V007303";"13-05-2026";"Magasin";"Livree";"P0031";"2";"0,00";"300,00";"300,00";"184,48";"M12";"V27";"C0186"
"V007304";"13-05-2026";"Magasin";"Annulee";"P0014";"2";"5,00";"1270,00";"1206,50";"666,94";"M23";"V55";"C0010"
"V007305";"13-05-2026";"Web";"Annulee";"P0051";"3";"0,00";"465,00";"465,00";"233,55";"M05";"V11";"C0027"
"V007306";"13-05-2026";"magasin";"Livree";"P0049";"1";"5,00";"1770,00";"1681,50";"798,07";"M13";"V31";"C0207"
"V007307";"13-05-2026";"Web";"Livree";"P0016";"1";"10,00";"385,00";"346,50";"178,74";"M16";"V39";"C0219"
"V007308";"14-05-2026";"Magasin";"Annulee";"P0055";"3";"0,00";"120,00";"120,00";"57,63";"M12";"V28";"C0097"
"V007309";"14-05-2026";"Web";"EnCours";"P0002";"1";"0,00";"700,00";"700,00";"352,76";"M12";"V26";"C0205"
"V007310";"14-05-2026";"Magasin";"Livree";"P0036";"1";"5,00";"105,00";"99,75";"57,91";"M18";"V44";"C0154"
"V007311";"14-05-2026";"Magasin";"LIVREE";"P0042";"2";"5,00";"4090,00";"3885,50";"2473,28";"M01";"V02";"C0142"
"V007312";"14-05-2026";"Magasin";"Livree";"P0044";"1";"0,00";"1800,00";"1800,00";"1053,21";"M05";"V10";"C0099"
"V007313";"14-05-2026";"Magasin";"LIVREE";"P0045";"1";"0,00";"325,00";"325,00";"149,19";"M20";"V50";"C0092"
"V007314";"15-05-2026";"magasin";"livree";"P0023";"2";"10,00";"1400,00";"1260,00";"809,14";"M01";"V03";"C0026"
"V007315";"16-05-2026";"Magasin";"Livree";"P0061";"1";"0,00";"140,00";"140,00";"75,47";"M07";"V14";"C0192"
"V007316";"16-05-2026";"WEB";"Livree";"P0016";"2";"10,00";"770,00";"693,00";"357,48";"M01";"V02";"C0119"
"V007317";"16-05-2026";"MAGASIN";"livree";"P0013";"1";"5,00";"750,00";"712,50";"338,18";"M06";"V13";"C0108"
"V007318";"16-05-2026";"magasin";"Livree";"P0042";"2";"0,00";"4090,00";"4090,00";"2473,28";"M09";"V18";"C0112"
"V007319";"16-05-2026";"Web";"Livree";"P0010";"2";"5,00";"1910,00";"1814,50";"1025,88";"M21";"V51";"C0151"
"V007320";"17-05-2026";"Magasin";"LIVREE";"P0031";"2";"5,00";"300,00";"285,00";"184,48";"M08";"V16";"C0201"
"V007321";"17-05-2026";"magasin";"Livree";"P0059";"1";"10,00";"40,00";"36,00";"19,23";"M09";"V18";"C0009"
"V007322";"17-05-2026";"Magasin";"Livree";"P0044";"1";"0,00";"1800,00";"1800,00";"1053,21";"M17";"V42";"C0036"
"V007323";"17-05-2026";"Magasin";"Livree";"P0063";"2";"0,00";"210,00";"210,00";"116,42";"M14";"V32";"C0086"
"V007324";"17-05-2026";"MAGASIN";"Livree";"P0034";"1";"0,00";"200,00";"200,00";"118,44";"M02";"V04";"C0058"
"V007325";"18-05-2026";"magasin";"encours";"P0057";"4";"10,00";"80,00";"72,00";"43,56";"M02";"V04";"C0081"
"V007326";"18-05-2026";"MAGASIN";"livree";"P0064";"1";"0,00";"70,00";"70,00";"35,86";"M09";"V18";"C0091"
"V007327";"18-05-2026";"Web";"Livree";"P0061";"1";"0,00";"140,00";"140,00";"75,47";"M11";"V24";"C0215"
"V007328";"18-05-2026";"magasin";"LIVREE";"P0061";"1";"0,00";"140,00";"140,00";"75,47";"M08";"V16";"C0178"
"V007329";"19-05-2026";"magasin";"EnCours";"P0046";"2";"0,00";"2070,00";"2070,00";"1230,72";"M03";"V07";"C0160"
"V007330";"19-05-2026";"Web";"Livree";"P0015";"1";"5,00";"550,00";"522,50";"305,75";"M13";"V31";"C0165"
"V007331";"19-05-2026";"Magasin";"Livree";"P0059";"2";"0,00";"80,00";"80,00";"38,46";"M02";"V04";"C0114"
"V007332";"19-05-2026";"magasin";"livree";"P0021";"1";"0,00";"410,00";"410,00";"189,41";"M21";"V52";"C0055"
"V007333";"19-05-2026";"Magasin";"Livree";"P0040";"2";"5,00";"3820,00";"3629,00";"2077,84";"M11";"V24";"C0170"
"V007334";"19-05-2026";"MAGASIN";"livree";"P0063";"3";"0,00";"315,00";"315,00";"174,63";"M03";"V06";"C0185"
"V007335";"20-05-2026";"MAGASIN";"LIVREE";"P0060";"1";"0,00";"40,00";"40,00";"20,46";"M05";"V10";"C0032"
"V007336";"20-05-2026";"Web";"Livree";"P0048";"1";"10,00";"1760,00";"1584,00";"945,76";"M06";"V13";"C0158"
"V007337";"20-05-2026";"Magasin";"EnCours";"P0035";"1";"0,00";"170,00";"170,00";"91,98";"M07";"V15";"C0102"
"V007338";"20-05-2026";"WEB";"LIVREE";"P0058";"2";"0,00";"130,00";"130,00";"62,62";"M08";"V16";"C0120"
"V007339";"20-05-2026";"MAGASIN";"Livree";"P0031";"1";"5,00";"150,00";"142,50";"92,24";"M21";"V52";"C0020"
"V007340";"20-05-2026";"Web";"Livree";"P0018";"1";"0,00";"865,00";"865,00";"441,11";"M05";"V11";"C0051"
"V007341";"20-05-2026";"Magasin";"Livree";"P0025";"2";"0,00";"110,00";"110,00";"64,74";"M07";"V15";"C0140"
"V007342";"20-05-2026";"Magasin";"Livree";"P0056";"1";"10,00";"25,00";"22,50";"12,15";"M13";"V31";"C0144"
"V007343";"21-05-2026";"magasin";"Livree";"P0052";"1";"0,00";"135,00";"135,00";"72,51";"M15";"V34";"C0049"
"V007344";"21-05-2026";"Magasin";"Livree";"P0055";"2";"5,00";"80,00";"76,00";"38,42";"M15";"V35";"C0058"
"V007345";"21-05-2026";"Magasin";"livree";"P0062";"4";"5,00";"520,00";"494,00";"264,52";"M01";"V01";"C0158"
"V007346";"21-05-2026";"MAGASIN";"Livree";"P0056";"1";"0,00";"25,00";"25,00";"12,15";"M17";"V42";"C0144"
"V007347";"22-05-2026";"web";"Livree";"P0018";"2";"10,00";"1730,00";"1557,00";"882,22";"M03";"V07";"C0050"
"V007348";"22-05-2026";"Magasin";"Livree";"P0034";"1";"0,00";"200,00";"200,00";"118,44";"M08";"V16";"C0205"
"V007349";"22-05-2026";"Magasin";"EnCours";"P0058";"3";"0,00";"195,00";"195,00";"93,93";"M03";"V07";"C0026"
"V007350";"22-05-2026";"Web";"encours";"P0049";"2";"0,00";"3540,00";"3540,00";"1596,14";"M17";"V40";"C0139"
"V007351";"23-05-2026";"magasin";"LIVREE";"P0025";"1";"10,00";"55,00";"49,50";"32,37";"M25";"V59";"C0074"
"V007352";"24-05-2026";"Magasin";"Livree";"P0049";"1";"0,00";"1770,00";"1770,00";"798,07";"M23";"V56";"C0178"
"V007353";"24-05-2026";"Web";"EnCours";"P0026";"2";"0,00";"550,00";"550,00";"274,90";"M08";"V17";"C0126"
"V007354";"24-05-2026";"MAGASIN";"encours";"P0039";"1";"0,00";"1485,00";"1485,00";"673,51";"M02";"V04";"C0107"
"V007355";"24-05-2026";"magasin";"LIVREE";"P0011";"2";"10,00";"2300,00";"2070,00";"1343,94";"M12";"V27";"C0184"
"V007356";"24-05-2026";"Web";"LIVREE";"P0056";"4";"0,00";"100,00";"100,00";"48,60";"M19";"V45";"C0156"
"V007357";"25-05-2026";"Magasin";"encours";"P0062";"1";"0,00";"130,00";"130,00";"66,13";"M13";"V30";"C0035"
"V007358";"25-05-2026";"Web";"LIVREE";"P0036";"2";"10,00";"210,00";"189,00";"115,82";"M17";"V41";"C0173"
"V007359";"25-05-2026";"Magasin";"Annulee";"P0030";"1";"5,00";"265,00";"251,75";"125,99";"M22";"V54";"C0024"
"V007360";"25-05-2026";"Web";"LIVREE";"P0024";"1";"0,00";"770,00";"770,00";"465,89";"M16";"V39";"C0141"
"V007361";"25-05-2026";"web";"Livree";"P0054";"2";"0,00";"320,00";"320,00";"154,88";"M19";"V47";"C0090"
"V007362";"25-05-2026";"WEB";"LIVREE";"P0009";"1";"0,00";"505,00";"505,00";"297,17";"M15";"V34";"C0208"
"V007363";"25-05-2026";"Web";"Livree";"P0042";"1";"0,00";"2045,00";"2045,00";"1236,64";"M21";"V52";"C0043"
"V007364";"26-05-2026";"web";"livree";"P0060";"3";"0,00";"120,00";"120,00";"61,38";"M08";"V17";"C0184"
"V007365";"26-05-2026";"Magasin";"Livree";"P0023";"2";"0,00";"1400,00";"1400,00";"809,14";"M23";"V55";"C0131"
"V007366";"26-05-2026";"Web";"Livree";"P0056";"4";"0,00";"100,00";"100,00";"48,60";"M18";"V44";"C0159"
"V007367";"26-05-2026";"Magasin";"livree";"P0045";"2";"5,00";"650,00";"617,50";"298,38";"M23";"V55";"C0128"
"V007368";"26-05-2026";"Magasin";"Livree";"P0056";"1";"0,00";"25,00";"25,00";"12,15";"M21";"V52";"C0049"
"V007369";"26-05-2026";"Magasin";"Livree";"P0064";"2";"0,00";"140,00";"140,00";"71,72";"M04";"V08";"C0173"
"V007370";"27-05-2026";"magasin";"LIVREE";"P0023";"1";"0,00";"700,00";"700,00";"404,57";"M19";"V45";"C0010"
"V007371";"27-05-2026";"MAGASIN";"livree";"P0056";"1";"5,00";"25,00";"23,75";"12,15";"M17";"V42";"C0150"
"V007372";"27-05-2026";"Magasin";"Livree";"P0039";"1";"0,00";"1485,00";"1485,00";"673,51";"M06";"V13";"C0174"
"V007373";"28-05-2026";"web";"LIVREE";"P0059";"2";"0,00";"80,00";"80,00";"38,46";"M06";"V12";"C0165"
"V007374";"28-05-2026";"web";"Livree";"P0051";"2";"10,00";"310,00";"279,00";"155,70";"M23";"V55";"C0172"
"V007375";"29-05-2026";"Magasin";"EnCours";"P0017";"1";"0,00";"450,00";"450,00";"256,83";"M16";"V37";"C0075"
"V007376";"29-05-2026";"WEB";"LIVREE";"P0062";"2";"0,00";"260,00";"260,00";"132,26";"M21";"V51";"C0140"
"V007377";"29-05-2026";"MAGASIN";"Livree";"P0058";"2";"0,00";"130,00";"130,00";"62,62";"M05";"V10";"C0012"
"V007378";"29-05-2026";"Web";"Livree";"P0035";"2";"0,00";"340,00";"340,00";"183,96";"M08";"V17";"C0010"
"V007379";"30-05-2026";"MAGASIN";"LIVREE";"P0035";"1";"10,00";"170,00";"153,00";"91,98";"M25";"V60";"C0077"
"V007380";"31-05-2026";"magasin";"Livree";"P0061";"1";"0,00";"140,00";"140,00";"75,47";"M06";"V12";"C0190"
"V007381";"01-06-2026";"Magasin";"Livree";"P0039";"2";"5,00";"2970,00";"2821,50";"1347,02";"M10";"V22";"C0054"
"V007382";"01-06-2026";"Web";"Livree";"P0061";"1";"5,00";"140,00";"133,00";"75,47";"M03";"V07";"C0110"
"V007383";"01-06-2026";"magasin";"Livree";"P0050";"1";"0,00";"230,00";"230,00";"115,83";"M01";"V03";"C0212"
"V007384";"01-06-2026";"Magasin";"livree";"P0052";"1";"0,00";"135,00";"135,00";"72,51";"M09";"V18";"C0071"
"V007385";"01-06-2026";"MAGASIN";"encours";"P0026";"2";"0,00";"550,00";"550,00";"274,90";"M25";"V60";"C0219"
"V007386";"01-06-2026";"MAGASIN";"LIVREE";"P0053";"3";"0,00";"465,00";"465,00";"249,03";"M25";"V60";"C0155"
"V007387";"01-06-2026";"Magasin";"Livree";"P0053";"3";"5,00";"465,00";"441,75";"249,03";"M24";"V57";"C0202"
"V007388";"01-06-2026";"Web";"Livree";"P0060";"1";"0,00";"40,00";"40,00";"20,46";"M01";"V01";"C0026"
"V007389";"01-06-2026";"MAGASIN";"Livree";"P0057";"3";"0,00";"60,00";"60,00";"32,67";"M10";"V20";"C0080"
"V007390";"02-06-2026";"Magasin";"Livree";"P0046";"2";"5,00";"2070,00";"1966,50";"1230,72";"M13";"V29";"C0162"
"V007391";"02-06-2026";"Magasin";"livree";"P0029";"1";"0,00";"285,00";"285,00";"169,00";"M14";"V33";"C0214"
"V007392";"02-06-2026";"WEB";"Livree";"P0030";"1";"0,00";"265,00";"265,00";"125,99";"M24";"V58";"C0051"
"V007393";"02-06-2026";"WEB";"LIVREE";"P0063";"1";"0,00";"105,00";"105,00";"58,21";"M24";"V58";"C0138"
"V007394";"02-06-2026";"Web";"livree";"P0048";"2";"0,00";"3520,00";"3520,00";"1891,52";"M06";"V12";"C0128"
"V007395";"02-06-2026";"Magasin";"Livree";"P0059";"2";"5,00";"80,00";"76,00";"38,46";"M04";"V09";"C0164"
"V007396";"02-06-2026";"Web";"livree";"P0036";"1";"0,00";"105,00";"105,00";"57,91";"M13";"V29";"C0206"
"V007397";"02-06-2026";"MAGASIN";"encours";"P0045";"2";"0,00";"650,00";"650,00";"298,38";"M05";"V11";"C0021"
"V007398";"03-06-2026";"Web";"LIVREE";"P0054";"1";"0,00";"160,00";"160,00";"77,44";"M13";"V30";"C0092"
"V007399";"03-06-2026";"Magasin";"LIVREE";"P0055";"1";"0,00";"40,00";"40,00";"19,21";"M20";"V48";"C0157"
"V007400";"03-06-2026";"Magasin";"Annulee";"P0054";"4";"0,00";"640,00";"640,00";"309,76";"M14";"V32";"C0025"
"V007401";"03-06-2026";"Web";"LIVREE";"P0027";"1";"0,00";"220,00";"220,00";"106,66";"M22";"V54";"C0220"
"V007402";"04-06-2026";"Web";"Livree";"P0029";"1";"0,00";"285,00";"285,00";"169,00";"M10";"V22";"C0149"
"V007403";"04-06-2026";"web";"Livree";"P0051";"1";"0,00";"155,00";"155,00";"77,85";"M19";"V47";"C0203"
"V007404";"04-06-2026";"MAGASIN";"EnCours";"P0036";"1";"0,00";"105,00";"105,00";"57,91";"M15";"V36";"C0193"
"V007405";"04-06-2026";"magasin";"Livree";"P0058";"2";"0,00";"130,00";"130,00";"62,62";"M04";"V08";"C0210"
"V007406";"04-06-2026";"Magasin";"Livree";"P0056";"1";"10,00";"25,00";"22,50";"12,15";"M25";"V59";"C0117"
"V007407";"04-06-2026";"web";"Annulee";"P0057";"1";"0,00";"20,00";"20,00";"10,89";"M12";"V27";"C0126"
"V007408";"04-06-2026";"Magasin";"encours";"P0051";"1";"0,00";"155,00";"155,00";"77,85";"M20";"V48";"C0131"
"V007409";"04-06-2026";"Magasin";"LIVREE";"P0060";"1";"0,00";"40,00";"40,00";"20,46";"M02";"V05";"C0215"
"V007410";"04-06-2026";"Web";"Livree";"P0059";"2";"10,00";"80,00";"72,00";"38,46";"M03";"V06";"C0188"
"V007411";"04-06-2026";"web";"Livree";"P0045";"3";"0,00";"975,00";"975,00";"447,57";"M10";"V22";"C0150"
"V007412";"04-06-2026";"web";"Livree";"P0054";"1";"0,00";"160,00";"160,00";"77,44";"M11";"V24";"C0091"
"V007413";"04-06-2026";"WEB";"LIVREE";"P0064";"2";"0,00";"140,00";"140,00";"71,72";"M10";"V21";"C0104"
"V007414";"05-06-2026";"MAGASIN";"LIVREE";"P0053";"1";"0,00";"155,00";"155,00";"83,01";"M02";"V04";"C0134"
"V007415";"05-06-2026";"Magasin";"Annulee";"P0049";"2";"0,00";"3540,00";"3540,00";"1596,14";"M25";"V59";"C0113"
"V007416";"05-06-2026";"magasin";"EnCours";"P0057";"2";"0,00";"40,00";"40,00";"21,78";"M18";"V43";"C0085"
"V007417";"05-06-2026";"Magasin";"encours";"P0038";"2";"0,00";"460,00";"460,00";"238,64";"M03";"V06";"C0210"
"V007418";"05-06-2026";"web";"Livree";"P0063";"1";"0,00";"105,00";"105,00";"58,21";"M04";"V09";"C0183"
"V007419";"05-06-2026";"web";"Livree";"P0027";"1";"5,00";"220,00";"209,00";"106,66";"M03";"V06";"C0031"
"V007420";"05-06-2026";"MAGASIN";"Livree";"P0050";"1";"5,00";"230,00";"218,50";"115,83";"M16";"V37";"C0126"
"V007421";"05-06-2026";"Magasin";"Annulee";"P0064";"1";"0,00";"70,00";"70,00";"35,86";"M11";"V24";"C0100"
"V007422";"06-06-2026";"Magasin";"encours";"P0053";"3";"0,00";"465,00";"465,00";"249,03";"M16";"V39";"C0114"
"V007423";"06-06-2026";"Magasin";"Livree";"P0036";"1";"0,00";"105,00";"105,00";"57,91";"M05";"V10";"C0115"
"V007424";"06-06-2026";"MAGASIN";"Livree";"P0052";"1";"0,00";"135,00";"135,00";"72,51";"M09";"V18";"C0205"
"V007425";"06-06-2026";"WEB";"LIVREE";"P0046";"2";"0,00";"2070,00";"2070,00";"1230,72";"M18";"V44";"C0099"
"V007426";"06-06-2026";"magasin";"LIVREE";"P0057";"2";"0,00";"40,00";"40,00";"21,78";"M20";"V49";"C0060"
"V007427";"06-06-2026";"magasin";"Livree";"P0030";"3";"0,00";"795,00";"795,00";"377,97";"M10";"V20";"C0120"
"V007428";"06-06-2026";"Magasin";"Livree";"P0043";"2";"5,00";"4460,00";"4237,00";"2397,94";"M20";"V48";"C0058"
"V007429";"06-06-2026";"Magasin";"LIVREE";"P0028";"2";"0,00";"260,00";"260,00";"134,52";"M01";"V01";"C0023"
"V007430";"06-06-2026";"WEB";"Livree";"P0048";"1";"0,00";"1760,00";"1760,00";"945,76";"M03";"V06";"C0165"
"V007431";"06-06-2026";"Magasin";"livree";"P0052";"1";"10,00";"135,00";"121,50";"72,51";"M19";"V45";"C0031"
"V007432";"06-06-2026";"Magasin";"Annulee";"P0042";"1";"0,00";"2045,00";"2045,00";"1236,64";"M17";"V41";"C0050"
"V007433";"07-06-2026";"Magasin";"LIVREE";"P0031";"2";"10,00";"300,00";"270,00";"184,48";"M13";"V29";"C0043"
"V007434";"07-06-2026";"Magasin";"Livree";"P0049";"2";"5,00";"3540,00";"3363,00";"1596,14";"M23";"V55";"C0058"
"V007435";"07-06-2026";"Magasin";"livree";"P0064";"4";"0,00";"280,00";"280,00";"143,44";"M06";"V13";"C0156"
"V007436";"07-06-2026";"Web";"Livree";"P0047";"2";"0,00";"3330,00";"3330,00";"2008,14";"M21";"V52";"C0037"
"V007437";"07-06-2026";"magasin";"LIVREE";"P0055";"3";"0,00";"120,00";"120,00";"57,63";"M23";"V56";"C0032"
"V007438";"07-06-2026";"WEB";"LIVREE";"P0043";"1";"5,00";"2230,00";"2118,50";"1198,97";"M17";"V42";"C0052"
"V007439";"07-06-2026";"Magasin";"LIVREE";"P0024";"1";"10,00";"770,00";"693,00";"465,89";"M08";"V17";"C0211"
"V007440";"07-06-2026";"Magasin";"encours";"P0053";"1";"0,00";"155,00";"155,00";"83,01";"M19";"V47";"C0129"
"V007441";"07-06-2026";"Web";"Livree";"P0038";"2";"0,00";"460,00";"460,00";"238,64";"M15";"V35";"C0151"
"V007442";"08-06-2026";"WEB";"Livree";"P0034";"1";"0,00";"200,00";"200,00";"118,44";"M12";"V26";"C0180"
"V007443";"08-06-2026";"magasin";"Annulee";"P0035";"1";"0,00";"170,00";"170,00";"91,98";"M24";"V57";"C0189"
"V007444";"08-06-2026";"MAGASIN";"LIVREE";"P0058";"1";"0,00";"65,00";"65,00";"31,31";"M06";"V13";"C0036"
"V007445";"08-06-2026";"MAGASIN";"livree";"P0049";"1";"0,00";"1770,00";"1770,00";"798,07";"M15";"V35";"C0128"
"V007446";"08-06-2026";"web";"Livree";"P0026";"3";"0,00";"825,00";"825,00";"412,35";"M14";"V33";"C0083"
"V007447";"08-06-2026";"Magasin";"Livree";"P0064";"1";"0,00";"70,00";"70,00";"35,86";"M17";"V42";"C0123"
"V007448";"08-06-2026";"web";"EnCours";"P0058";"1";"10,00";"65,00";"58,50";"31,31";"M25";"V60";"C0129"
"V007449";"08-06-2026";"Web";"LIVREE";"P0053";"2";"0,00";"310,00";"310,00";"166,02";"M11";"V23";"C0031"
"V007450";"08-06-2026";"MAGASIN";"encours";"P0054";"3";"5,00";"480,00";"456,00";"232,32";"M06";"V12";"C0088"
"V007451";"08-06-2026";"Web";"Livree";"P0059";"1";"0,00";"40,00";"40,00";"19,23";"M24";"V57";"C0202"
"V007452";"09-06-2026";"MAGASIN";"Livree";"P0055";"1";"0,00";"40,00";"40,00";"19,21";"M21";"V51";"C0116"
"V007453";"09-06-2026";"WEB";"Livree";"P0030";"1";"0,00";"265,00";"265,00";"125,99";"M06";"V13";"C0118"
"V007454";"09-06-2026";"Magasin";"livree";"P0056";"4";"10,00";"100,00";"90,00";"48,60";"M02";"V05";"C0135"
"V007455";"09-06-2026";"Web";"LIVREE";"P0062";"3";"5,00";"390,00";"370,50";"198,39";"M17";"V42";"C0041"
"V007456";"09-06-2026";"Web";"Annulee";"P0052";"2";"5,00";"270,00";"256,50";"145,02";"M13";"V30";"C0006"
"V007457";"09-06-2026";"Web";"Livree";"P0060";"2";"0,00";"80,00";"80,00";"40,92";"M23";"V56";"C0160"
"V007458";"09-06-2026";"magasin";"LIVREE";"P0040";"1";"0,00";"1910,00";"1910,00";"1038,92";"M02";"V05";"C0169"
"V007459";"09-06-2026";"Magasin";"Livree";"P0055";"1";"0,00";"40,00";"40,00";"19,21";"M15";"V34";"C0062"
"V007460";"09-06-2026";"Web";"livree";"P0035";"2";"0,00";"340,00";"340,00";"183,96";"M09";"V19";"C0166"
"V007461";"09-06-2026";"Magasin";"livree";"P0040";"2";"0,00";"3820,00";"3820,00";"2077,84";"M22";"V53";"C0160"
"V007462";"09-06-2026";"Magasin";"Livree";"P0044";"4";"0,00";"7200,00";"7200,00";"4212,84";"M04";"V09";"C0073"
"V007463";"09-06-2026";"Magasin";"Livree";"P0035";"1";"0,00";"170,00";"170,00";"91,98";"M21";"V52";"C0046"
"V007464";"09-06-2026";"web";"livree";"P0028";"2";"0,00";"260,00";"260,00";"134,52";"M22";"V53";"C0202"
"V007465";"09-06-2026";"WEB";"encours";"P0009";"2";"0,00";"1010,00";"1010,00";"594,34";"M06";"V12";"C0037"
"V007466";"09-06-2026";"Magasin";"Livree";"P0045";"1";"0,00";"325,00";"325,00";"149,19";"M14";"V32";"C0094"
"V007467";"10-06-2026";"Magasin";"LIVREE";"P0057";"4";"0,00";"80,00";"80,00";"43,56";"M23";"V56";"C0079"
"V007468";"10-06-2026";"MAGASIN";"livree";"P0027";"1";"10,00";"220,00";"198,00";"106,66";"M02";"V04";"C0213"
"V007469";"10-06-2026";"Web";"Livree";"P0029";"1";"0,00";"285,00";"285,00";"169,00";"M16";"V38";"C0030"
"V007470";"10-06-2026";"WEB";"encours";"P0026";"3";"10,00";"825,00";"742,50";"412,35";"M02";"V04";"C0082"
"V007471";"10-06-2026";"MAGASIN";"LIVREE";"P0060";"1";"0,00";"40,00";"40,00";"20,46";"M02";"V04";"C0211"
"V007472";"10-06-2026";"Magasin";"Livree";"P0046";"3";"0,00";"3105,00";"3105,00";"1846,08";"M23";"V56";"C0025"
"V007473";"10-06-2026";"WEB";"livree";"P0058";"1";"0,00";"65,00";"65,00";"31,31";"M15";"V35";"C0160"
"V007474";"10-06-2026";"Web";"Annulee";"P0027";"1";"0,00";"220,00";"220,00";"106,66";"M16";"V38";"C0103"
"V007475";"10-06-2026";"Web";"Livree";"P0023";"2";"0,00";"1400,00";"1400,00";"809,14";"M24";"V58";"C0101"
"V007476";"10-06-2026";"web";"Livree";"P0032";"1";"10,00";"190,00";"171,00";"108,18";"M04";"V09";"C0217"
"V007477";"10-06-2026";"Magasin";"encours";"P0007";"2";"0,00";"1910,00";"1910,00";"886,30";"M06";"V13";"C0139"
"V007478";"10-06-2026";"Magasin";"Livree";"P0056";"1";"0,00";"25,00";"25,00";"12,15";"M16";"V37";"C0029"
"V007479";"10-06-2026";"WEB";"LIVREE";"P0056";"2";"0,00";"50,00";"50,00";"24,30";"M17";"V42";"C0066"
"V007480";"11-06-2026";"Magasin";"Livree";"P0041";"2";"0,00";"4450,00";"4450,00";"2697,40";"M15";"V35";"C0052"
"V007481";"11-06-2026";"Magasin";"livree";"P0063";"2";"0,00";"210,00";"210,00";"116,42";"M15";"V34";"C0021"
"V007482";"11-06-2026";"Magasin";"Livree";"P0033";"2";"0,00";"100,00";"100,00";"45,46";"M05";"V10";"C0143"
"V007483";"11-06-2026";"MAGASIN";"Livree";"P0043";"1";"5,00";"2230,00";"2118,50";"1198,97";"M21";"V52";"C0116"
"V007484";"11-06-2026";"Magasin";"LIVREE";"P0026";"4";"5,00";"1100,00";"1045,00";"549,80";"M06";"V13";"C0054"
"V007485";"11-06-2026";"Web";"encours";"P0053";"2";"0,00";"310,00";"310,00";"166,02";"M04";"V09";"C0007"
"V007486";"11-06-2026";"Web";"livree";"P0052";"1";"0,00";"135,00";"135,00";"72,51";"M23";"V55";"C0099"
"V007487";"11-06-2026";"MAGASIN";"Livree";"P0054";"1";"0,00";"160,00";"160,00";"77,44";"M17";"V41";"C0133"
"V007488";"12-06-2026";"Magasin";"Livree";"P0059";"1";"0,00";"40,00";"40,00";"19,23";"M04";"V09";"C0109"
"V007489";"12-06-2026";"Web";"LIVREE";"P0063";"1";"0,00";"105,00";"105,00";"58,21";"M23";"V56";"C0041"
"V007490";"12-06-2026";"WEB";"livree";"P0062";"2";"0,00";"260,00";"260,00";"132,26";"M13";"V30";"C0073"
"V007491";"12-06-2026";"magasin";"Annulee";"P0025";"1";"0,00";"55,00";"55,00";"32,37";"M15";"V35";"C0217"
"V007492";"12-06-2026";"Magasin";"livree";"P0049";"3";"0,00";"5310,00";"5310,00";"2394,21";"M24";"V58";"C0048"
"V007493";"12-06-2026";"MAGASIN";"Livree";"P0035";"3";"0,00";"510,00";"510,00";"275,94";"M09";"V18";"C0082"
"V007494";"12-06-2026";"Magasin";"Livree";"P0058";"2";"5,00";"130,00";"123,50";"62,62";"M09";"V18";"C0012"
"V007495";"12-06-2026";"WEB";"LIVREE";"P0024";"1";"0,00";"770,00";"770,00";"465,89";"M03";"V07";"C0161"
"V007496";"12-06-2026";"magasin";"Livree";"P0047";"3";"0,00";"4995,00";"4995,00";"3012,21";"M19";"V46";"C0166"
"V007497";"13-06-2026";"Magasin";"Livree";"P0046";"3";"0,00";"3105,00";"3105,00";"1846,08";"M12";"V27";"C0212"
"V007498";"13-06-2026";"Magasin";"Livree";"P0026";"1";"0,00";"275,00";"275,00";"137,45";"M22";"V54";"C0173"
"V007499";"13-06-2026";"Magasin";"Livree";"P0046";"1";"0,00";"1035,00";"1035,00";"615,36";"M02";"V04";"C0058"
"V007500";"13-06-2026";"Magasin";"Livree";"P0040";"3";"0,00";"5730,00";"5730,00";"3116,76";"M23";"V56";"C0132"
"V007501";"13-06-2026";"magasin";"Livree";"P0046";"1";"0,00";"1035,00";"1035,00";"615,36";"M25";"V60";"C0191"
"V007502";"13-06-2026";"Magasin";"EnCours";"P0038";"4";"0,00";"920,00";"920,00";"477,28";"M08";"V17";"C0131"
"V007503";"13-06-2026";"WEB";"Livree";"P0057";"2";"0,00";"40,00";"40,00";"21,78";"M11";"V25";"C0068"
"V007504";"13-06-2026";"MAGASIN";"LIVREE";"P0048";"1";"0,00";"1760,00";"1760,00";"945,76";"M16";"V37";"C0114"
"V007505";"13-06-2026";"magasin";"encours";"P0057";"2";"0,00";"40,00";"40,00";"21,78";"M16";"V38";"C0041"
"V007506";"13-06-2026";"Magasin";"encours";"P0043";"1";"5,00";"2230,00";"2118,50";"1198,97";"M04";"V09";"C0126"
"V007507";"13-06-2026";"Magasin";"livree";"P0037";"2";"5,00";"460,00";"437,00";"231,90";"M21";"V51";"C0007"
"V007508";"13-06-2026";"MAGASIN";"Livree";"P0049";"3";"5,00";"5310,00";"5044,50";"2394,21";"M06";"V12";"C0153"
"V007509";"13-06-2026";"MAGASIN";"livree";"P0042";"1";"0,00";"2045,00";"2045,00";"1236,64";"M16";"V37";"C0029"
"V007510";"14-06-2026";"Magasin";"livree";"P0058";"2";"0,00";"130,00";"130,00";"62,62";"M14";"V33";"C0188"
"V007511";"14-06-2026";"Magasin";"Livree";"P0023";"4";"0,00";"2800,00";"2800,00";"1618,28";"M06";"V13";"C0108"
"V007512";"14-06-2026";"MAGASIN";"livree";"P0044";"1";"0,00";"1800,00";"1800,00";"1053,21";"M04";"V09";"C0096"
"V007513";"14-06-2026";"web";"Livree";"P0063";"1";"0,00";"105,00";"105,00";"58,21";"M05";"V11";"C0143"
"V007514";"14-06-2026";"WEB";"Livree";"P0055";"3";"0,00";"120,00";"120,00";"57,63";"M03";"V06";"C0009"
"V007515";"14-06-2026";"Magasin";"LIVREE";"P0051";"1";"0,00";"155,00";"155,00";"77,85";"M21";"V52";"C0083"
"V007516";"14-06-2026";"Magasin";"LIVREE";"P0042";"1";"5,00";"2045,00";"1942,75";"1236,64";"M23";"V56";"C0132"
"V007517";"14-06-2026";"Magasin";"LIVREE";"P0037";"2";"0,00";"460,00";"460,00";"231,90";"M17";"V42";"C0162"
"V007518";"14-06-2026";"web";"Livree";"P0059";"2";"0,00";"80,00";"80,00";"38,46";"M02";"V05";"C0060"
"V007519";"14-06-2026";"Magasin";"LIVREE";"P0046";"2";"0,00";"2070,00";"2070,00";"1230,72";"M12";"V26";"C0212"
"V007520";"15-06-2026";"MAGASIN";"Livree";"P0038";"1";"0,00";"230,00";"230,00";"119,32";"M19";"V46";"C0012"
"V007521";"15-06-2026";"Magasin";"Livree";"P0054";"1";"10,00";"160,00";"144,00";"77,44";"M06";"V13";"C0148"
"V007522";"15-06-2026";"Magasin";"LIVREE";"P0043";"2";"0,00";"4460,00";"4460,00";"2397,94";"M19";"V47";"C0060"
"V007523";"15-06-2026";"Web";"livree";"P0035";"3";"5,00";"510,00";"484,50";"275,94";"M19";"V47";"C0109"
"V007524";"15-06-2026";"Magasin";"Livree";"P0043";"1";"5,00";"2230,00";"2118,50";"1198,97";"M24";"V57";"C0215"
"V007525";"15-06-2026";"Magasin";"LIVREE";"P0047";"1";"0,00";"1665,00";"1665,00";"1004,07";"M05";"V11";"C0053"
"V007526";"15-06-2026";"Magasin";"livree";"P0027";"1";"0,00";"220,00";"220,00";"106,66";"M09";"V19";"C0176"
"V007527";"16-06-2026";"web";"livree";"P0040";"1";"0,00";"1910,00";"1910,00";"1038,92";"M20";"V48";"C0110"
"V007528";"16-06-2026";"magasin";"Livree";"P0062";"2";"10,00";"260,00";"234,00";"132,26";"M24";"V58";"C0020"
"V007529";"16-06-2026";"Web";"LIVREE";"P0045";"1";"10,00";"325,00";"292,50";"149,19";"M06";"V13";"C0179"
"V007530";"16-06-2026";"Magasin";"Livree";"P0026";"2";"0,00";"550,00";"550,00";"274,90";"M12";"V27";"C0134"
"V007531";"16-06-2026";"MAGASIN";"Livree";"P0064";"2";"0,00";"140,00";"140,00";"71,72";"M23";"V56";"C0085"
"V007532";"16-06-2026";"Magasin";"livree";"P0055";"1";"0,00";"40,00";"40,00";"19,21";"M06";"V12";"C0153"
"V007533";"16-06-2026";"MAGASIN";"livree";"P0051";"3";"5,00";"465,00";"441,75";"233,55";"M22";"V53";"C0059"
"V007534";"16-06-2026";"Magasin";"LIVREE";"P0051";"2";"0,00";"310,00";"310,00";"155,70";"M01";"V01";"C0176"
"V007535";"17-06-2026";"Magasin";"LIVREE";"P0030";"4";"0,00";"1060,00";"1060,00";"503,96";"M03";"V06";"C0176"
"V007536";"17-06-2026";"Magasin";"Livree";"P0025";"3";"0,00";"165,00";"165,00";"97,11";"M02";"V05";"C0166"
"V007537";"17-06-2026";"WEB";"Livree";"P0047";"1";"0,00";"1665,00";"1665,00";"1004,07";"M19";"V46";"C0063"
"V007538";"17-06-2026";"WEB";"Livree";"P0026";"1";"0,00";"275,00";"275,00";"137,45";"M09";"V19";"C0086"
"V007539";"17-06-2026";"Magasin";"Livree";"P0054";"3";"5,00";"480,00";"456,00";"232,32";"M23";"V55";"C0100"
"V007540";"17-06-2026";"Magasin";"Livree";"P0020";"2";"0,00";"770,00";"770,00";"435,94";"M11";"V23";"C0164"
"V007541";"17-06-2026";"magasin";"livree";"P0033";"2";"0,00";"100,00";"100,00";"45,46";"M24";"V58";"C0089"
"V007542";"17-06-2026";"Magasin";"Livree";"P0028";"2";"0,00";"260,00";"260,00";"134,52";"M07";"V15";"C0179"
"V007543";"17-06-2026";"Magasin";"livree";"P0056";"2";"0,00";"50,00";"50,00";"24,30";"M01";"V03";"C0067"
"V007544";"17-06-2026";"WEB";"LIVREE";"P0026";"1";"0,00";"275,00";"275,00";"137,45";"M10";"V20";"C0133"
"V007545";"17-06-2026";"Magasin";"Livree";"P0028";"1";"0,00";"130,00";"130,00";"67,26";"M13";"V30";"C0087"
"V007546";"17-06-2026";"MAGASIN";"Annulee";"P0042";"2";"10,00";"4090,00";"3681,00";"2473,28";"M13";"V31";"C0210"
"V007547";"18-06-2026";"WEB";"Livree";"P0029";"4";"0,00";"1140,00";"1140,00";"676,00";"M09";"V19";"C0025"
"V007548";"18-06-2026";"Magasin";"LIVREE";"P0045";"2";"0,00";"650,00";"650,00";"298,38";"M02";"V04";"C0113"
"V007549";"18-06-2026";"MAGASIN";"livree";"P0051";"1";"0,00";"155,00";"155,00";"77,85";"M20";"V49";"C0048"
"V007550";"18-06-2026";"magasin";"Livree";"P0060";"2";"0,00";"80,00";"80,00";"40,92";"M17";"V40";"C0007"
"V007551";"18-06-2026";"MAGASIN";"Livree";"P0038";"3";"0,00";"690,00";"690,00";"357,96";"M04";"V08";"C0214"
"V007552";"18-06-2026";"magasin";"Livree";"P0052";"4";"0,00";"540,00";"540,00";"290,04";"M23";"V56";"C0150"
"V007553";"18-06-2026";"magasin";"LIVREE";"P0048";"1";"10,00";"1760,00";"1584,00";"945,76";"M09";"V19";"C0131"
"V007554";"19-06-2026";"MAGASIN";"Livree";"P0042";"1";"0,00";"2045,00";"2045,00";"1236,64";"M20";"V49";"C0039"
"V007555";"19-06-2026";"magasin";"LIVREE";"P0049";"1";"5,00";"1770,00";"1681,50";"798,07";"M05";"V10";"C0140"
"V007556";"19-06-2026";"magasin";"livree";"P0041";"1";"0,00";"2225,00";"2225,00";"1348,70";"M17";"V42";"C0212"
"V007557";"19-06-2026";"magasin";"Livree";"P0054";"1";"0,00";"160,00";"160,00";"77,44";"M01";"V01";"C0189"
"V007558";"19-06-2026";"Magasin";"Livree";"P0049";"3";"5,00";"5310,00";"5044,50";"2394,21";"M10";"V20";"C0062"
"V007559";"19-06-2026";"WEB";"Livree";"P0041";"2";"0,00";"4450,00";"4450,00";"2697,40";"M21";"V51";"C0115"
"V007560";"19-06-2026";"Web";"Livree";"P0028";"2";"0,00";"260,00";"260,00";"134,52";"M24";"V58";"C0134"
"V007561";"19-06-2026";"MAGASIN";"Livree";"P0040";"2";"0,00";"3820,00";"3820,00";"2077,84";"M17";"V40";"C0159"
"V007562";"19-06-2026";"magasin";"Livree";"P0055";"2";"0,00";"80,00";"80,00";"38,42";"M01";"V03";"C0173"
"V007563";"20-06-2026";"Magasin";"LIVREE";"P0061";"2";"0,00";"280,00";"280,00";"150,94";"M12";"V27";"C0148"
"V007564";"20-06-2026";"Magasin";"LIVREE";"P0040";"1";"0,00";"1910,00";"1910,00";"1038,92";"M22";"V53";"C0064"
"V007565";"20-06-2026";"magasin";"Livree";"P0061";"4";"0,00";"560,00";"560,00";"301,88";"M06";"V13";"C0032"
"V007566";"20-06-2026";"MAGASIN";"Livree";"P0057";"3";"0,00";"60,00";"60,00";"32,67";"M20";"V49";"C0213"
"V007567";"20-06-2026";"WEB";"Livree";"P0014";"1";"5,00";"635,00";"603,25";"333,47";"M10";"V21";"C0106"
"V007568";"20-06-2026";"Magasin";"livree";"P0038";"1";"0,00";"230,00";"230,00";"119,32";"M14";"V33";"C0084"
"V007569";"20-06-2026";"WEB";"EnCours";"P0041";"1";"0,00";"2225,00";"2225,00";"1348,70";"M25";"V60";"C0043"
"V007570";"20-06-2026";"WEB";"livree";"P0060";"2";"5,00";"80,00";"76,00";"40,92";"M16";"V39";"C0026"
"V007571";"21-06-2026";"MAGASIN";"Livree";"P0030";"3";"0,00";"795,00";"795,00";"377,97";"M20";"V50";"C0087"
"V007572";"21-06-2026";"Web";"encours";"P0052";"1";"0,00";"135,00";"135,00";"72,51";"M14";"V32";"C0209"
"V007573";"21-06-2026";"Magasin";"EnCours";"P0051";"1";"0,00";"155,00";"155,00";"77,85";"M14";"V33";"C0041"
"V007574";"21-06-2026";"MAGASIN";"Livree";"P0052";"2";"0,00";"270,00";"270,00";"145,02";"M04";"V09";"C0170"
"V007575";"21-06-2026";"magasin";"LIVREE";"P0053";"1";"5,00";"155,00";"147,25";"83,01";"M07";"V15";"C0073"
"V007576";"21-06-2026";"MAGASIN";"LIVREE";"P0035";"1";"0,00";"170,00";"170,00";"91,98";"M09";"V19";"C0100"
"V007577";"21-06-2026";"Web";"Livree";"P0039";"1";"0,00";"1485,00";"1485,00";"673,51";"M24";"V58";"C0086"
"V007578";"21-06-2026";"WEB";"Livree";"P0026";"2";"0,00";"550,00";"550,00";"274,90";"M12";"V27";"C0078"
"V007579";"21-06-2026";"Magasin";"Annulee";"P0043";"1";"0,00";"2230,00";"2230,00";"1198,97";"M08";"V17";"C0202"
"V007580";"21-06-2026";"Magasin";"Livree";"P0064";"3";"0,00";"210,00";"210,00";"107,58";"M21";"V51";"C0129"
"V007581";"21-06-2026";"MAGASIN";"Livree";"P0015";"1";"0,00";"550,00";"550,00";"305,75";"M15";"V35";"C0042"
"V007582";"21-06-2026";"web";"Livree";"P0043";"1";"0,00";"2230,00";"2230,00";"1198,97";"M15";"V34";"C0174"
"V007583";"21-06-2026";"Magasin";"LIVREE";"P0040";"2";"5,00";"3820,00";"3629,00";"2077,84";"M16";"V37";"C0058"
"V007584";"21-06-2026";"magasin";"LIVREE";"P0044";"3";"5,00";"5400,00";"5130,00";"3159,63";"M20";"V50";"C0154"
"V007585";"22-06-2026";"web";"Livree";"P0063";"2";"0,00";"210,00";"210,00";"116,42";"M09";"V19";"C0038"
"V007586";"22-06-2026";"Web";"LIVREE";"P0054";"2";"5,00";"320,00";"304,00";"154,88";"M02";"V04";"C0187"
"V007587";"22-06-2026";"MAGASIN";"Livree";"P0060";"3";"0,00";"120,00";"120,00";"61,38";"M21";"V52";"C0094"
"V007588";"22-06-2026";"Magasin";"LIVREE";"P0052";"2";"0,00";"270,00";"270,00";"145,02";"M09";"V19";"C0173"
"V007589";"22-06-2026";"WEB";"livree";"P0051";"1";"0,00";"155,00";"155,00";"77,85";"M11";"V25";"C0156"
"V007590";"22-06-2026";"WEB";"LIVREE";"P0052";"1";"0,00";"135,00";"135,00";"72,51";"M21";"V51";"C0191"
"V007591";"22-06-2026";"web";"Livree";"P0052";"1";"0,00";"135,00";"135,00";"72,51";"M09";"V19";"C0037"
"V007592";"22-06-2026";"web";"Livree";"P0049";"3";"0,00";"5310,00";"5310,00";"2394,21";"M13";"V31";"C0123"
"V007593";"22-06-2026";"Magasin";"Livree";"P0053";"1";"0,00";"155,00";"155,00";"83,01";"M12";"V28";"C0041"
"V007594";"22-06-2026";"Magasin";"Livree";"P0054";"2";"10,00";"320,00";"288,00";"154,88";"M18";"V44";"C0170"
"V007595";"22-06-2026";"MAGASIN";"livree";"P0029";"1";"5,00";"285,00";"270,75";"169,00";"M17";"V41";"C0174"
"V007596";"22-06-2026";"web";"LIVREE";"P0031";"1";"0,00";"150,00";"150,00";"92,24";"M19";"V46";"C0112"
"V007597";"23-06-2026";"MAGASIN";"LIVREE";"P0060";"2";"5,00";"80,00";"76,00";"40,92";"M17";"V42";"C0092"
"V007598";"23-06-2026";"WEB";"Livree";"P0056";"2";"0,00";"50,00";"50,00";"24,30";"M22";"V53";"C0115"
"V007599";"23-06-2026";"Magasin";"livree";"P0064";"3";"5,00";"210,00";"199,50";"107,58";"M01";"V02";"C0178"
"V007600";"23-06-2026";"magasin";"Livree";"P0055";"3";"5,00";"120,00";"114,00";"57,63";"M13";"V31";"C0027"
"V007601";"23-06-2026";"Magasin";"Livree";"P0050";"2";"0,00";"460,00";"460,00";"231,66";"M18";"V44";"C0116"
"V007602";"24-06-2026";"Web";"Annulee";"P0031";"1";"0,00";"150,00";"150,00";"92,24";"M19";"V47";"C0141"
"V007603";"24-06-2026";"Magasin";"livree";"P0029";"1";"0,00";"285,00";"285,00";"169,00";"M23";"V56";"C0049"
"V007604";"24-06-2026";"magasin";"Livree";"P0055";"2";"0,00";"80,00";"80,00";"38,42";"M23";"V56";"C0004"
"V007605";"24-06-2026";"Magasin";"LIVREE";"P0034";"2";"0,00";"400,00";"400,00";"236,88";"M08";"V16";"C0174"
"V007606";"24-06-2026";"magasin";"Annulee";"P0041";"1";"10,00";"2225,00";"2002,50";"1348,70";"M14";"V33";"C0119"
"V007607";"24-06-2026";"MAGASIN";"livree";"P0033";"2";"0,00";"100,00";"100,00";"45,46";"M20";"V49";"C0075"
"V007608";"24-06-2026";"WEB";"livree";"P0046";"1";"0,00";"1035,00";"1035,00";"615,36";"M22";"V54";"C0079"
"V007609";"24-06-2026";"Magasin";"Livree";"P0058";"1";"0,00";"65,00";"65,00";"31,31";"M08";"V17";"C0053"
"V007610";"24-06-2026";"Magasin";"Livree";"P0050";"3";"10,00";"690,00";"621,00";"347,49";"M09";"V19";"C0052"
"V007611";"24-06-2026";"Web";"LIVREE";"P0047";"2";"0,00";"3330,00";"3330,00";"2008,14";"M05";"V10";"C0062"
"V007612";"25-06-2026";"magasin";"Livree";"P0050";"1";"5,00";"230,00";"218,50";"115,83";"M11";"V24";"C0007"
"V007613";"25-06-2026";"magasin";"livree";"P0039";"1";"5,00";"1485,00";"1410,75";"673,51";"M04";"V08";"C0052"
"V007614";"25-06-2026";"Web";"Livree";"P0051";"1";"10,00";"155,00";"139,50";"77,85";"M11";"V25";"C0188"
"V007615";"25-06-2026";"Magasin";"Livree";"P0034";"4";"0,00";"800,00";"800,00";"473,76";"M11";"V24";"C0076"
"V007616";"25-06-2026";"MAGASIN";"LIVREE";"P0017";"1";"10,00";"450,00";"405,00";"256,83";"M05";"V10";"C0004"
"V007617";"25-06-2026";"MAGASIN";"EnCours";"P0032";"1";"0,00";"190,00";"190,00";"108,18";"M04";"V09";"C0214"
"V007618";"25-06-2026";"Web";"Livree";"P0062";"2";"5,00";"260,00";"247,00";"132,26";"M19";"V45";"C0133"
"V007619";"25-06-2026";"MAGASIN";"LIVREE";"P0064";"2";"5,00";"140,00";"133,00";"71,72";"M04";"V08";"C0103"
"V007620";"25-06-2026";"MAGASIN";"Livree";"P0046";"2";"0,00";"2070,00";"2070,00";"1230,72";"M14";"V32";"C0213"
"V007621";"25-06-2026";"Magasin";"Livree";"P0047";"4";"0,00";"6660,00";"6660,00";"4016,28";"M17";"V41";"C0087"
"V007622";"25-06-2026";"web";"LIVREE";"P0062";"1";"0,00";"130,00";"130,00";"66,13";"M18";"V44";"C0039"
"V007623";"25-06-2026";"Web";"Livree";"P0038";"1";"0,00";"230,00";"230,00";"119,32";"M25";"V60";"C0019"
"V007624";"25-06-2026";"Magasin";"Livree";"P0059";"1";"10,00";"40,00";"36,00";"19,23";"M18";"V43";"C0142"
"V007625";"25-06-2026";"web";"Livree";"P0029";"1";"0,00";"285,00";"285,00";"169,00";"M10";"V21";"C0165"
"V007626";"26-06-2026";"magasin";"LIVREE";"P0052";"3";"10,00";"405,00";"364,50";"217,53";"M15";"V34";"C0155"
"V007627";"26-06-2026";"magasin";"Livree";"P0060";"1";"0,00";"40,00";"40,00";"20,46";"M04";"V09";"C0079"
"V007628";"26-06-2026";"Magasin";"livree";"P0064";"1";"0,00";"70,00";"70,00";"35,86";"M22";"V54";"C0074"
"V007629";"26-06-2026";"magasin";"LIVREE";"P0022";"1";"0,00";"430,00";"430,00";"205,70";"M16";"V38";"C0176"
"V007630";"26-06-2026";"Web";"Livree";"P0033";"4";"10,00";"200,00";"180,00";"90,92";"M23";"V56";"C0056"
"V007631";"26-06-2026";"web";"livree";"P0043";"3";"0,00";"6690,00";"6690,00";"3596,91";"M09";"V18";"C0129"
"V007632";"26-06-2026";"Magasin";"Livree";"P0047";"3";"0,00";"4995,00";"4995,00";"3012,21";"M07";"V14";"C0165"
"V007633";"27-06-2026";"Magasin";"encours";"P0044";"1";"0,00";"1800,00";"1800,00";"1053,21";"M04";"V08";"C0084"
"V007634";"27-06-2026";"Magasin";"Livree";"P0051";"1";"0,00";"155,00";"155,00";"77,85";"M15";"V35";"C0052"
"V007635";"27-06-2026";"magasin";"Livree";"P0040";"1";"0,00";"1910,00";"1910,00";"1038,92";"M13";"V29";"C0056"
"V007636";"27-06-2026";"MAGASIN";"LIVREE";"P0064";"3";"0,00";"210,00";"210,00";"107,58";"M07";"V14";"C0024"
"V007637";"27-06-2026";"WEB";"Livree";"P0011";"2";"0,00";"2300,00";"2300,00";"1343,94";"M07";"V14";"C0005"
"V007638";"27-06-2026";"Magasin";"Livree";"P0033";"3";"5,00";"150,00";"142,50";"68,19";"M02";"V05";"C0165"
"V007639";"27-06-2026";"magasin";"livree";"P0044";"2";"0,00";"3600,00";"3600,00";"2106,42";"M19";"V46";"C0185"
"V007640";"27-06-2026";"Magasin";"LIVREE";"P0033";"3";"0,00";"150,00";"150,00";"68,19";"M11";"V25";"C0183"
"V007641";"27-06-2026";"MAGASIN";"LIVREE";"P0037";"2";"0,00";"460,00";"460,00";"231,90";"M09";"V18";"C0011"
"V007642";"28-06-2026";"Magasin";"Livree";"P0064";"1";"0,00";"70,00";"70,00";"35,86";"M08";"V16";"C0013"
"V007643";"28-06-2026";"magasin";"livree";"P0063";"1";"10,00";"105,00";"94,50";"58,21";"M07";"V15";"C0069"
"V007644";"28-06-2026";"Web";"LIVREE";"P0037";"3";"5,00";"690,00";"655,50";"347,85";"M23";"V56";"C0205"
"V007645";"28-06-2026";"magasin";"livree";"P0043";"1";"0,00";"2230,00";"2230,00";"1198,97";"M04";"V08";"C0080"
"V007646";"28-06-2026";"Magasin";"Livree";"P0061";"1";"0,00";"140,00";"140,00";"75,47";"M04";"V08";"C0072"
"V007647";"28-06-2026";"MAGASIN";"Livree";"P0049";"1";"0,00";"1770,00";"1770,00";"798,07";"M17";"V42";"C0177"
"V007648";"28-06-2026";"Magasin";"LIVREE";"P0063";"1";"0,00";"105,00";"105,00";"58,21";"M17";"V40";"C0044"
"V007649";"29-06-2026";"Magasin";"Annulee";"P0037";"4";"0,00";"920,00";"920,00";"463,80";"M11";"V24";"C0202"
"V007650";"29-06-2026";"Magasin";"Livree";"P0015";"2";"0,00";"1100,00";"1100,00";"611,50";"M16";"V37";"C0112"
"V007651";"29-06-2026";"magasin";"Livree";"P0017";"1";"0,00";"450,00";"450,00";"256,83";"M16";"V39";"C0122"
"V007652";"29-06-2026";"Magasin";"LIVREE";"P0051";"2";"0,00";"310,00";"310,00";"155,70";"M17";"V41";"C0159"
"V007653";"29-06-2026";"magasin";"Livree";"P0045";"1";"0,00";"325,00";"325,00";"149,19";"M11";"V25";"C0069"
"V007654";"29-06-2026";"MAGASIN";"Livree";"P0054";"2";"0,00";"320,00";"320,00";"154,88";"M13";"V29";"C0015"
"V007655";"29-06-2026";"magasin";"Livree";"P0044";"1";"0,00";"1800,00";"1800,00";"1053,21";"M21";"V51";"C0085"
"V007656";"30-06-2026";"MAGASIN";"Livree";"P0052";"3";"0,00";"405,00";"405,00";"217,53";"M06";"V12";"C0076"
"V007657";"30-06-2026";"Magasin";"livree";"P0052";"2";"5,00";"270,00";"256,50";"145,02";"M01";"V01";"C0031"
"V007658";"30-06-2026";"web";"LIVREE";"P0052";"2";"0,00";"270,00";"270,00";"145,02";"M06";"V12";"C0184"
"V007659";"30-06-2026";"Web";"LIVREE";"P0037";"1";"0,00";"230,00";"230,00";"115,95";"M14";"V32";"C0061"
"V007660";"30-06-2026";"magasin";"LIVREE";"P0026";"1";"0,00";"275,00";"275,00";"137,45";"M19";"V45";"C0219"
"V007661";"30-06-2026";"Magasin";"livree";"P0054";"1";"5,00";"160,00";"152,00";"77,44";"M15";"V35";"C0079"
"V007662";"30-06-2026";"Magasin";"Livree";"P0057";"3";"0,00";"60,00";"60,00";"32,67";"M24";"V58";"C0170"
"V007663";"30-06-2026";"MAGASIN";"livree";"P0045";"3";"5,00";"975,00";"926,25";"447,57";"M24";"V58";"C0175"
"V007664";"30-06-2026";"Magasin";"LIVREE";"P0061";"1";"10,00";"140,00";"126,00";"75,47";"M11";"V25";"C0033"
"V007665";"30-06-2026";"MAGASIN";"LIVREE";"P0051";"4";"0,00";"620,00";"620,00";"311,40";"M05";"V10";"C0120"
"V007666";"30-06-2026";"Magasin";"Livree";"P0053";"3";"5,00";"465,00";"441,75";"249,03";"M18";"V44";"C0080"
"V007667";"01-07-2026";"Magasin";"Livree";"P0048";"1";"0,00";"1760,00";"1760,00";"945,76";"M02";"V05";"C0022"
"V007668";"01-07-2026";"Magasin";"EnCours";"P0043";"1";"0,00";"2230,00";"2230,00";"1198,97";"M04";"V09";"C0167"
"V007669";"01-07-2026";"Magasin";"EnCours";"P0050";"3";"0,00";"690,00";"690,00";"347,49";"M10";"V22";"C0119"
"V007670";"01-07-2026";"Magasin";"livree";"P0043";"2";"0,00";"4460,00";"4460,00";"2397,94";"M17";"V42";"C0015"
"V007671";"01-07-2026";"MAGASIN";"livree";"P0015";"3";"0,00";"1650,00";"1650,00";"917,25";"M06";"V13";"C0105"
"V007672";"01-07-2026";"MAGASIN";"LIVREE";"P0037";"2";"0,00";"460,00";"460,00";"231,90";"M12";"V26";"C0116"
"V007673";"01-07-2026";"Magasin";"LIVREE";"P0052";"2";"0,00";"270,00";"270,00";"145,02";"M03";"V06";"C0011"
"V007674";"01-07-2026";"Web";"Livree";"P0044";"1";"0,00";"1800,00";"1800,00";"1053,21";"M11";"V25";"C0088"
"V007675";"01-07-2026";"Magasin";"Livree";"P0044";"1";"0,00";"1800,00";"1800,00";"1053,21";"M20";"V49";"C0144"
"V007676";"02-07-2026";"Web";"Livree";"P0055";"2";"10,00";"80,00";"72,00";"38,42";"M01";"V01";"C0188"
"V007677";"02-07-2026";"magasin";"Annulee";"P0057";"1";"0,00";"20,00";"20,00";"10,89";"M21";"V51";"C0031"
"V007678";"02-07-2026";"web";"encours";"P0022";"1";"0,00";"430,00";"430,00";"205,70";"M14";"V32";"C0089"
"V007679";"02-07-2026";"Magasin";"Livree";"P0032";"2";"0,00";"380,00";"380,00";"216,36";"M23";"V55";"C0193"
"V007680";"02-07-2026";"Magasin";"EnCours";"P0044";"3";"0,00";"5400,00";"5400,00";"3159,63";"M14";"V33";"C0008"
"V007681";"02-07-2026";"MAGASIN";"Livree";"P0063";"1";"0,00";"105,00";"105,00";"58,21";"M20";"V49";"C0039"
"V007682";"02-07-2026";"Magasin";"Livree";"P0059";"1";"10,00";"40,00";"36,00";"19,23";"M25";"V59";"C0175"
"V007683";"03-07-2026";"Magasin";"LIVREE";"P0042";"2";"0,00";"4090,00";"4090,00";"2473,28";"M16";"V38";"C0050"
"V007684";"03-07-2026";"Magasin";"LIVREE";"P0040";"2";"5,00";"3820,00";"3629,00";"2077,84";"M22";"V53";"C0154"
"V007685";"03-07-2026";"Magasin";"LIVREE";"P0033";"2";"0,00";"100,00";"100,00";"45,46";"M19";"V46";"C0160"
"V007686";"03-07-2026";"MAGASIN";"Livree";"P0061";"1";"0,00";"140,00";"140,00";"75,47";"M03";"V07";"C0037"
"V007687";"03-07-2026";"MAGASIN";"LIVREE";"P0050";"1";"0,00";"230,00";"230,00";"115,83";"M06";"V12";"C0146"
"V007688";"03-07-2026";"WEB";"Livree";"P0056";"4";"0,00";"100,00";"100,00";"48,60";"M16";"V37";"C0124"
"V007689";"03-07-2026";"Magasin";"LIVREE";"P0055";"2";"5,00";"80,00";"76,00";"38,42";"M06";"V13";"C0071"
"V007690";"03-07-2026";"magasin";"Livree";"P0034";"2";"5,00";"400,00";"380,00";"236,88";"M21";"V52";"C0101"
"V007691";"03-07-2026";"Magasin";"encours";"P0036";"1";"5,00";"105,00";"99,75";"57,91";"M17";"V41";"C0176"
"V007692";"03-07-2026";"Magasin";"LIVREE";"P0026";"3";"0,00";"825,00";"825,00";"412,35";"M17";"V40";"C0087"
"V007693";"03-07-2026";"Web";"livree";"P0042";"1";"5,00";"2045,00";"1942,75";"1236,64";"M20";"V50";"C0219"
"V007694";"03-07-2026";"Magasin";"livree";"P0061";"3";"10,00";"420,00";"378,00";"226,41";"M18";"V44";"C0138"
"V007695";"03-07-2026";"Magasin";"LIVREE";"P0058";"2";"0,00";"130,00";"130,00";"62,62";"M17";"V40";"C0112"
"V007696";"03-07-2026";"magasin";"LIVREE";"P0032";"1";"0,00";"190,00";"190,00";"108,18";"M20";"V50";"C0185"
"V007697";"03-07-2026";"MAGASIN";"Livree";"P0041";"1";"5,00";"2225,00";"2113,75";"1348,70";"M21";"V51";"C0108"
"V007698";"03-07-2026";"Web";"Livree";"P0028";"1";"5,00";"130,00";"123,50";"67,26";"M18";"V44";"C0087"
"V007699";"03-07-2026";"web";"Livree";"P0062";"1";"0,00";"130,00";"130,00";"66,13";"M09";"V19";"C0075"
"V007700";"03-07-2026";"web";"Livree";"P0055";"1";"0,00";"40,00";"40,00";"19,21";"M22";"V53";"C0101"
"V007701";"04-07-2026";"web";"livree";"P0053";"1";"0,00";"155,00";"155,00";"83,01";"M16";"V39";"C0153"
"V007702";"04-07-2026";"magasin";"Livree";"P0064";"2";"0,00";"140,00";"140,00";"71,72";"M12";"V26";"C0104"
"V007703";"04-07-2026";"MAGASIN";"Livree";"P0043";"1";"0,00";"2230,00";"2230,00";"1198,97";"M05";"V10";"C0035"
"V007704";"04-07-2026";"Magasin";"Livree";"P0026";"1";"5,00";"275,00";"261,25";"137,45";"M25";"V59";"C0183"
"V007705";"04-07-2026";"MAGASIN";"LIVREE";"P0035";"1";"0,00";"170,00";"170,00";"91,98";"M25";"V60";"C0044"
"V007706";"04-07-2026";"web";"livree";"P0026";"2";"0,00";"550,00";"550,00";"274,90";"M19";"V45";"C0060"
"V007707";"04-07-2026";"magasin";"Livree";"P0032";"1";"5,00";"190,00";"180,50";"108,18";"M05";"V11";"C0061"
"V007708";"04-07-2026";"Magasin";"Livree";"P0029";"1";"0,00";"285,00";"285,00";"169,00";"M17";"V40";"C0161"
"V007709";"04-07-2026";"Magasin";"livree";"P0055";"1";"0,00";"40,00";"40,00";"19,21";"M18";"V43";"C0180"
"V007710";"04-07-2026";"web";"Livree";"P0027";"1";"0,00";"220,00";"220,00";"106,66";"M13";"V30";"C0177"
"V007711";"04-07-2026";"Magasin";"encours";"P0018";"2";"0,00";"1730,00";"1730,00";"882,22";"M09";"V19";"C0017"
"V007712";"04-07-2026";"WEB";"livree";"P0034";"2";"5,00";"400,00";"380,00";"236,88";"M17";"V42";"C0004"
"V007713";"04-07-2026";"MAGASIN";"Livree";"P0057";"1";"5,00";"20,00";"19,00";"10,89";"M18";"V43";"C0131"
"V007714";"05-07-2026";"Magasin";"Livree";"P0064";"3";"0,00";"210,00";"210,00";"107,58";"M24";"V58";"C0014"
"V007715";"05-07-2026";"magasin";"Livree";"P0053";"1";"0,00";"155,00";"155,00";"83,01";"M22";"V53";"C0214"
"V007716";"05-07-2026";"Web";"livree";"P0032";"1";"0,00";"190,00";"190,00";"108,18";"M14";"V33";"C0183"
"V007717";"05-07-2026";"Web";"LIVREE";"P0026";"3";"0,00";"825,00";"825,00";"412,35";"M16";"V39";"C0218"
"V007718";"05-07-2026";"Web";"LIVREE";"P0051";"1";"0,00";"155,00";"155,00";"77,85";"M22";"V54";"C0077"
"V007719";"05-07-2026";"MAGASIN";"LIVREE";"P0046";"2";"5,00";"2070,00";"1966,50";"1230,72";"M01";"V03";"C0064"
"V007720";"05-07-2026";"Magasin";"encours";"P0023";"2";"0,00";"1400,00";"1400,00";"809,14";"M20";"V50";"C0042"
"V007721";"05-07-2026";"MAGASIN";"LIVREE";"P0026";"2";"0,00";"550,00";"550,00";"274,90";"M02";"V04";"C0087"
"V007722";"05-07-2026";"Magasin";"Livree";"P0063";"4";"0,00";"420,00";"420,00";"232,84";"M07";"V15";"C0186"
"V007723";"05-07-2026";"Web";"LIVREE";"P0053";"2";"0,00";"310,00";"310,00";"166,02";"M23";"V55";"C0171"
"V007724";"05-07-2026";"Magasin";"LIVREE";"P0026";"1";"0,00";"275,00";"275,00";"137,45";"M07";"V14";"C0190"
"V007725";"05-07-2026";"Magasin";"Livree";"P0040";"2";"0,00";"3820,00";"3820,00";"2077,84";"M10";"V22";"C0001"
"V007726";"05-07-2026";"MAGASIN";"EnCours";"P0029";"1";"5,00";"285,00";"270,75";"169,00";"M10";"V21";"C0189"
"V007727";"06-07-2026";"MAGASIN";"LIVREE";"P0028";"1";"0,00";"130,00";"130,00";"67,26";"M23";"V55";"C0151"
"V007728";"06-07-2026";"WEB";"LIVREE";"P0047";"1";"0,00";"1665,00";"1665,00";"1004,07";"M12";"V28";"C0147"
"V007729";"06-07-2026";"Magasin";"Annulee";"P0026";"2";"0,00";"550,00";"550,00";"274,90";"M16";"V37";"C0195"
"V007730";"06-07-2026";"Magasin";"Livree";"P0041";"3";"0,00";"6675,00";"6675,00";"4046,10";"M24";"V58";"C0184"
"V007731";"06-07-2026";"Magasin";"Livree";"P0042";"2";"0,00";"4090,00";"4090,00";"2473,28";"M04";"V08";"C0114"
"V007732";"06-07-2026";"magasin";"Livree";"P0051";"2";"5,00";"310,00";"294,50";"155,70";"M23";"V55";"C0015"
"V007733";"07-07-2026";"Magasin";"Livree";"P0055";"2";"5,00";"80,00";"76,00";"38,42";"M09";"V18";"C0151"
"V007734";"07-07-2026";"Magasin";"Annulee";"P0055";"3";"0,00";"120,00";"120,00";"57,63";"M05";"V11";"C0031"
"V007735";"07-07-2026";"WEB";"Livree";"P0060";"3";"0,00";"120,00";"120,00";"61,38";"M01";"V03";"C0094"
"V007736";"07-07-2026";"magasin";"Livree";"P0029";"1";"5,00";"285,00";"270,75";"169,00";"M19";"V47";"C0169"
"V007737";"07-07-2026";"Magasin";"Livree";"P0052";"3";"5,00";"405,00";"384,75";"217,53";"M10";"V20";"C0211"
"V007738";"07-07-2026";"MAGASIN";"Annulee";"P0028";"3";"0,00";"390,00";"390,00";"201,78";"M10";"V21";"C0048"
"V007739";"07-07-2026";"MAGASIN";"Livree";"P0033";"3";"0,00";"150,00";"150,00";"68,19";"M22";"V53";"C0017"
"V007740";"07-07-2026";"Magasin";"Annulee";"P0030";"3";"0,00";"795,00";"795,00";"377,97";"M12";"V26";"C0031"
"V007741";"07-07-2026";"Magasin";"LIVREE";"P0046";"1";"0,00";"1035,00";"1035,00";"615,36";"M09";"V19";"C0093"
"V007742";"07-07-2026";"Magasin";"Livree";"P0062";"2";"10,00";"260,00";"234,00";"132,26";"M05";"V10";"C0131"
"V007743";"07-07-2026";"web";"LIVREE";"P0046";"1";"5,00";"1035,00";"983,25";"615,36";"M01";"V03";"C0203"
"V007744";"07-07-2026";"MAGASIN";"LIVREE";"P0061";"1";"0,00";"140,00";"140,00";"75,47";"M22";"V53";"C0111"
"V007745";"07-07-2026";"web";"LIVREE";"P0033";"1";"0,00";"50,00";"50,00";"22,73";"M24";"V57";"C0059"
"V007746";"07-07-2026";"WEB";"Livree";"P0052";"3";"10,00";"405,00";"364,50";"217,53";"M22";"V54";"C0082"
"V007747";"07-07-2026";"MAGASIN";"encours";"P0054";"2";"10,00";"320,00";"288,00";"154,88";"M19";"V46";"C0086"
"V007748";"07-07-2026";"MAGASIN";"Livree";"P0046";"1";"5,00";"1035,00";"983,25";"615,36";"M14";"V33";"C0167"
"V007749";"07-07-2026";"MAGASIN";"Annulee";"P0025";"2";"5,00";"110,00";"104,50";"64,74";"M02";"V05";"C0205"
"V007750";"07-07-2026";"Magasin";"Livree";"P0064";"3";"0,00";"210,00";"210,00";"107,58";"M11";"V23";"C0124"
"V007751";"08-07-2026";"Magasin";"encours";"P0039";"3";"0,00";"4455,00";"4455,00";"2020,53";"M05";"V11";"C0154"
"V007752";"08-07-2026";"MAGASIN";"Livree";"P0049";"1";"0,00";"1770,00";"1770,00";"798,07";"M03";"V06";"C0141"
"V007753";"08-07-2026";"WEB";"Livree";"P0060";"1";"5,00";"40,00";"38,00";"20,46";"M14";"V33";"C0153"
"V007754";"08-07-2026";"Web";"Livree";"P0058";"1";"0,00";"65,00";"65,00";"31,31";"M04";"V09";"C0158"
"V007755";"08-07-2026";"web";"Livree";"P0056";"1";"5,00";"25,00";"23,75";"12,15";"M11";"V23";"C0058"
"V007756";"08-07-2026";"MAGASIN";"Livree";"P0040";"2";"0,00";"3820,00";"3820,00";"2077,84";"M23";"V55";"C0058"
"V007757";"08-07-2026";"Magasin";"LIVREE";"P0045";"2";"0,00";"650,00";"650,00";"298,38";"M05";"V10";"C0033"
"V007758";"08-07-2026";"MAGASIN";"encours";"P0054";"4";"0,00";"640,00";"640,00";"309,76";"M11";"V24";"C0003"
"V007759";"08-07-2026";"Magasin";"LIVREE";"P0064";"1";"0,00";"70,00";"70,00";"35,86";"M09";"V18";"C0140"
"V007760";"08-07-2026";"MAGASIN";"LIVREE";"P0060";"1";"0,00";"40,00";"40,00";"20,46";"M08";"V17";"C0212"
"V007761";"08-07-2026";"Magasin";"Livree";"P0049";"1";"0,00";"1770,00";"1770,00";"798,07";"M19";"V45";"C0022"
"V007762";"08-07-2026";"MAGASIN";"LIVREE";"P0036";"2";"0,00";"210,00";"210,00";"115,82";"M20";"V50";"C0214"
"V007763";"08-07-2026";"Magasin";"Livree";"P0014";"4";"0,00";"2540,00";"2540,00";"1333,88";"M04";"V08";"C0190"
"V007764";"09-07-2026";"Magasin";"LIVREE";"P0027";"1";"0,00";"220,00";"220,00";"106,66";"M23";"V55";"C0139"
"V007765";"09-07-2026";"WEB";"LIVREE";"P0025";"1";"0,00";"55,00";"55,00";"32,37";"M06";"V12";"C0196"
"V007766";"09-07-2026";"Web";"LIVREE";"P0041";"3";"0,00";"6675,00";"6675,00";"4046,10";"M06";"V12";"C0080"
"V007767";"09-07-2026";"Web";"livree";"P0054";"1";"0,00";"160,00";"160,00";"77,44";"M04";"V08";"C0012"
"V007768";"09-07-2026";"Magasin";"livree";"P0062";"1";"5,00";"130,00";"123,50";"66,13";"M04";"V08";"C0039"
"V007769";"09-07-2026";"magasin";"Livree";"P0058";"1";"5,00";"65,00";"61,75";"31,31";"M25";"V59";"C0120"
"V007770";"09-07-2026";"Magasin";"livree";"P0052";"3";"0,00";"405,00";"405,00";"217,53";"M16";"V38";"C0089"
"V007771";"09-07-2026";"Magasin";"EnCours";"P0056";"3";"5,00";"75,00";"71,25";"36,45";"M04";"V08";"C0022"
"V007772";"10-07-2026";"magasin";"Livree";"P0056";"2";"0,00";"50,00";"50,00";"24,30";"M09";"V19";"C0032"
"V007773";"10-07-2026";"Magasin";"LIVREE";"P0048";"2";"0,00";"3520,00";"3520,00";"1891,52";"M21";"V51";"C0124"
"V007774";"10-07-2026";"MAGASIN";"livree";"P0031";"3";"0,00";"450,00";"450,00";"276,72";"M01";"V01";"C0110"
"V007775";"10-07-2026";"magasin";"Livree";"P0055";"1";"0,00";"40,00";"40,00";"19,21";"M16";"V37";"C0110"
"V007776";"10-07-2026";"MAGASIN";"Livree";"P0051";"4";"0,00";"620,00";"620,00";"311,40";"M08";"V16";"C0075"
"V007777";"10-07-2026";"Magasin";"Livree";"P0025";"2";"5,00";"110,00";"104,50";"64,74";"M06";"V12";"C0032"
"V007778";"10-07-2026";"Magasin";"Livree";"P0056";"1";"0,00";"25,00";"25,00";"12,15";"M09";"V18";"C0158"
"V007779";"10-07-2026";"Magasin";"livree";"P0051";"2";"0,00";"310,00";"310,00";"155,70";"M13";"V31";"C0096"
"V007780";"10-07-2026";"MAGASIN";"Annulee";"P0034";"1";"10,00";"200,00";"180,00";"118,44";"M09";"V18";"C0210"
"V007781";"10-07-2026";"Web";"Livree";"P0040";"1";"0,00";"1910,00";"1910,00";"1038,92";"M22";"V54";"C0206"
"V007782";"11-07-2026";"Web";"Livree";"P0051";"1";"0,00";"155,00";"155,00";"77,85";"M06";"V12";"C0018"
"V007783";"11-07-2026";"magasin";"livree";"P0025";"1";"0,00";"55,00";"55,00";"32,37";"M18";"V43";"C0145"
"V007784";"11-07-2026";"WEB";"Livree";"P0063";"2";"0,00";"210,00";"210,00";"116,42";"M14";"V33";"C0050"
"V007785";"11-07-2026";"Magasin";"EnCours";"P0053";"2";"0,00";"310,00";"310,00";"166,02";"M04";"V09";"C0132"
"V007786";"11-07-2026";"WEB";"Livree";"P0062";"1";"5,00";"130,00";"123,50";"66,13";"M02";"V04";"C0188"
"V007787";"11-07-2026";"Web";"LIVREE";"P0036";"4";"5,00";"420,00";"399,00";"231,64";"M19";"V47";"C0194"
"V007788";"11-07-2026";"MAGASIN";"LIVREE";"P0015";"1";"0,00";"550,00";"550,00";"305,75";"M10";"V22";"C0068"
"V007789";"11-07-2026";"Web";"Livree";"P0047";"2";"0,00";"3330,00";"3330,00";"2008,14";"M12";"V28";"C0110"
"V007790";"11-07-2026";"Magasin";"LIVREE";"P0048";"1";"10,00";"1760,00";"1584,00";"945,76";"M19";"V47";"C0165"
"V007791";"12-07-2026";"magasin";"Livree";"P0035";"3";"10,00";"510,00";"459,00";"275,94";"M20";"V48";"C0138"
"V007792";"12-07-2026";"Magasin";"livree";"P0037";"1";"5,00";"230,00";"218,50";"115,95";"M22";"V54";"C0016"
"V007793";"12-07-2026";"MAGASIN";"Livree";"P0062";"2";"0,00";"260,00";"260,00";"132,26";"M10";"V20";"C0161"
"V007794";"12-07-2026";"Magasin";"Livree";"P0029";"2";"0,00";"570,00";"570,00";"338,00";"M14";"V32";"C0084"
"V007795";"12-07-2026";"Magasin";"Livree";"P0036";"1";"0,00";"105,00";"105,00";"57,91";"M23";"V56";"C0184"
"V007796";"12-07-2026";"Magasin";"Livree";"P0052";"2";"0,00";"270,00";"270,00";"145,02";"M25";"V59";"C0035"
"V007797";"12-07-2026";"WEB";"Livree";"P0051";"1";"5,00";"155,00";"147,25";"77,85";"M08";"V17";"C0107"
"V007798";"12-07-2026";"magasin";"livree";"P0063";"2";"0,00";"210,00";"210,00";"116,42";"M04";"V09";"C0178"
"V007799";"12-07-2026";"Magasin";"LIVREE";"P0053";"2";"0,00";"310,00";"310,00";"166,02";"M07";"V15";"C0144"
"V007800";"12-07-2026";"MAGASIN";"LIVREE";"P0035";"1";"0,00";"170,00";"170,00";"91,98";"M14";"V32";"C0019"
"V007801";"12-07-2026";"Magasin";"LIVREE";"P0062";"1";"0,00";"130,00";"130,00";"66,13";"M21";"V51";"C0211"
"V007802";"12-07-2026";"magasin";"LIVREE";"P0034";"1";"0,00";"200,00";"200,00";"118,44";"M20";"V50";"C0024"
"V007803";"12-07-2026";"Web";"livree";"P0037";"1";"0,00";"230,00";"230,00";"115,95";"M02";"V05";"C0085"
"V007804";"12-07-2026";"MAGASIN";"Livree";"P0056";"1";"0,00";"25,00";"25,00";"12,15";"M14";"V32";"C0024"
"V007805";"13-07-2026";"magasin";"Livree";"P0033";"1";"0,00";"50,00";"50,00";"22,73";"M02";"V05";"C0019"
"V007806";"13-07-2026";"web";"livree";"P0061";"2";"0,00";"280,00";"280,00";"150,94";"M10";"V20";"C0106"
"V007807";"13-07-2026";"magasin";"Livree";"P0055";"2";"0,00";"80,00";"80,00";"38,42";"M06";"V12";"C0143"
"V007808";"13-07-2026";"MAGASIN";"livree";"P0049";"2";"0,00";"3540,00";"3540,00";"1596,14";"M09";"V18";"C0020"
"V007809";"13-07-2026";"Web";"Livree";"P0054";"4";"5,00";"640,00";"608,00";"309,76";"M20";"V49";"C0174"
"V007810";"13-07-2026";"Magasin";"livree";"P0048";"1";"10,00";"1760,00";"1584,00";"945,76";"M20";"V50";"C0156"
"V007811";"13-07-2026";"MAGASIN";"Livree";"P0035";"1";"0,00";"170,00";"170,00";"91,98";"M15";"V34";"C0159"
"V007812";"13-07-2026";"Magasin";"Livree";"P0026";"3";"0,00";"825,00";"825,00";"412,35";"M23";"V55";"C0103"
"V007813";"13-07-2026";"Magasin";"Livree";"P0053";"1";"5,00";"155,00";"147,25";"83,01";"M04";"V08";"C0078"
"V007814";"13-07-2026";"magasin";"Livree";"P0047";"3";"0,00";"4995,00";"4995,00";"3012,21";"M25";"V60";"C0198"
"V007815";"14-07-2026";"Magasin";"Livree";"P0051";"1";"0,00";"155,00";"155,00";"77,85";"M16";"V37";"C0148"
"V007816";"14-07-2026";"Magasin";"Livree";"P0044";"1";"0,00";"1800,00";"1800,00";"1053,21";"M11";"V24";"C0119"
"V007817";"14-07-2026";"Magasin";"Livree";"P0032";"1";"0,00";"190,00";"190,00";"108,18";"M17";"V40";"C0125"
"V007818";"14-07-2026";"Magasin";"Livree";"P0062";"2";"0,00";"260,00";"260,00";"132,26";"M23";"V55";"C0125"
"V007819";"14-07-2026";"WEB";"livree";"P0056";"2";"0,00";"50,00";"50,00";"24,30";"M20";"V50";"C0206"
"V007820";"14-07-2026";"magasin";"LIVREE";"P0054";"4";"0,00";"640,00";"640,00";"309,76";"M19";"V45";"C0026"
"V007821";"14-07-2026";"Magasin";"Livree";"P0051";"1";"5,00";"155,00";"147,25";"77,85";"M12";"V28";"C0210"
"V007822";"14-07-2026";"Magasin";"Livree";"P0050";"4";"0,00";"920,00";"920,00";"463,32";"M08";"V16";"C0021"
"V007823";"14-07-2026";"magasin";"Livree";"P0031";"3";"0,00";"450,00";"450,00";"276,72";"M14";"V33";"C0031"
"V007824";"14-07-2026";"MAGASIN";"LIVREE";"P0033";"4";"5,00";"200,00";"190,00";"90,92";"M10";"V20";"C0169"
"V007825";"14-07-2026";"MAGASIN";"LIVREE";"P0039";"1";"0,00";"1485,00";"1485,00";"673,51";"M03";"V07";"C0135"
"V007826";"14-07-2026";"magasin";"EnCours";"P0025";"1";"0,00";"55,00";"55,00";"32,37";"M20";"V49";"C0090"
"V007827";"14-07-2026";"WEB";"Livree";"P0044";"3";"0,00";"5400,00";"5400,00";"3159,63";"M01";"V02";"C0207"
"V007828";"14-07-2026";"Magasin";"Livree";"P0053";"4";"0,00";"620,00";"620,00";"332,04";"M21";"V52";"C0132"
"V007829";"15-07-2026";"magasin";"Annulee";"P0063";"4";"0,00";"420,00";"420,00";"232,84";"M25";"V60";"C0055"
"V007830";"15-07-2026";"magasin";"LIVREE";"P0057";"1";"0,00";"20,00";"20,00";"10,89";"M04";"V09";"C0211"
"V007831";"15-07-2026";"Web";"livree";"P0052";"1";"0,00";"135,00";"135,00";"72,51";"M11";"V24";"C0016"
"V007832";"15-07-2026";"MAGASIN";"Livree";"P0027";"2";"5,00";"440,00";"418,00";"213,32";"M13";"V30";"C0054"
"V007833";"15-07-2026";"Magasin";"Livree";"P0040";"1";"5,00";"1910,00";"1814,50";"1038,92";"M02";"V04";"C0104"
"V007834";"15-07-2026";"MAGASIN";"Livree";"P0057";"1";"0,00";"20,00";"20,00";"10,89";"M03";"V07";"C0104"
"V007835";"15-07-2026";"Magasin";"Livree";"P0064";"2";"0,00";"140,00";"140,00";"71,72";"M04";"V08";"C0096"
"V007836";"15-07-2026";"Web";"Livree";"P0035";"1";"5,00";"170,00";"161,50";"91,98";"M13";"V29";"C0091"
"V007837";"15-07-2026";"Magasin";"livree";"P0045";"1";"5,00";"325,00";"308,75";"149,19";"M16";"V38";"C0002"
"V007838";"15-07-2026";"Magasin";"LIVREE";"P0034";"2";"0,00";"400,00";"400,00";"236,88";"M01";"V02";"C0107"
"V007839";"15-07-2026";"MAGASIN";"Livree";"P0058";"1";"0,00";"65,00";"65,00";"31,31";"M11";"V23";"C0142"
"V007840";"15-07-2026";"Magasin";"Livree";"P0046";"3";"0,00";"3105,00";"3105,00";"1846,08";"M08";"V16";"C0095"
"V007841";"15-07-2026";"magasin";"Livree";"P0036";"1";"5,00";"105,00";"99,75";"57,91";"M17";"V41";"C0076"
"V007842";"15-07-2026";"magasin";"LIVREE";"P0053";"4";"5,00";"620,00";"589,00";"332,04";"M10";"V20";"C0084"
"V007843";"15-07-2026";"Magasin";"LIVREE";"P0014";"3";"0,00";"1905,00";"1905,00";"1000,41";"M05";"V10";"C0037"
"V007844";"16-07-2026";"magasin";"Livree";"P0042";"1";"0,00";"2045,00";"2045,00";"1236,64";"M24";"V57";"C0197"
"V007845";"16-07-2026";"Web";"LIVREE";"P0058";"1";"0,00";"65,00";"65,00";"31,31";"M11";"V23";"C0157"
"V007846";"16-07-2026";"magasin";"livree";"P0057";"3";"0,00";"60,00";"60,00";"32,67";"M05";"V10";"C0162"
"V007847";"16-07-2026";"web";"Annulee";"P0029";"1";"5,00";"285,00";"270,75";"169,00";"M09";"V18";"C0012"
"V007848";"16-07-2026";"Web";"LIVREE";"P0028";"2";"0,00";"260,00";"260,00";"134,52";"M06";"V12";"C0176"
"V007849";"16-07-2026";"Web";"LIVREE";"P0043";"1";"0,00";"2230,00";"2230,00";"1198,97";"M23";"V56";"C0118"
"V007850";"16-07-2026";"MAGASIN";"LIVREE";"P0041";"3";"0,00";"6675,00";"6675,00";"4046,10";"M05";"V11";"C0213"
"V007851";"16-07-2026";"MAGASIN";"LIVREE";"P0043";"1";"0,00";"2230,00";"2230,00";"1198,97";"M22";"V53";"C0210"
"V007852";"16-07-2026";"web";"encours";"P0011";"1";"5,00";"1150,00";"1092,50";"671,97";"M02";"V04";"C0143"
"V007853";"17-07-2026";"Web";"Livree";"P0041";"1";"5,00";"2225,00";"2113,75";"1348,70";"M15";"V34";"C0100"
"V007854";"17-07-2026";"Web";"LIVREE";"P0027";"3";"5,00";"660,00";"627,00";"319,98";"M17";"V41";"C0219"
"V007855";"17-07-2026";"Web";"Livree";"P0040";"1";"0,00";"1910,00";"1910,00";"1038,92";"M04";"V08";"C0190"
"V007856";"17-07-2026";"Web";"LIVREE";"P0025";"1";"0,00";"55,00";"55,00";"32,37";"M22";"V54";"C0212"
"V007857";"17-07-2026";"WEB";"Livree";"P0001";"4";"0,00";"4220,00";"4220,00";"2510,56";"M22";"V53";"C0202"
"V007858";"17-07-2026";"MAGASIN";"encours";"P0035";"1";"0,00";"170,00";"170,00";"91,98";"M13";"V29";"C0212"
"V007859";"17-07-2026";"Web";"Livree";"P0057";"1";"0,00";"20,00";"20,00";"10,89";"M09";"V19";"C0132"
"V007860";"17-07-2026";"Magasin";"Livree";"P0041";"2";"0,00";"4450,00";"4450,00";"2697,40";"M24";"V58";"C0006"
"V007861";"18-07-2026";"Magasin";"Livree";"P0047";"1";"0,00";"1665,00";"1665,00";"1004,07";"M12";"V28";"C0090"
"V007862";"18-07-2026";"magasin";"Livree";"P0030";"2";"0,00";"530,00";"530,00";"251,98";"M23";"V55";"C0032"
"V007863";"18-07-2026";"Magasin";"LIVREE";"P0034";"3";"0,00";"600,00";"600,00";"355,32";"M07";"V15";"C0024"
"V007864";"18-07-2026";"Magasin";"LIVREE";"P0027";"2";"5,00";"440,00";"418,00";"213,32";"M14";"V32";"C0076"
"V007865";"18-07-2026";"Magasin";"LIVREE";"P0056";"2";"0,00";"50,00";"50,00";"24,30";"M07";"V14";"C0027"
"V007866";"18-07-2026";"Magasin";"Livree";"P0026";"1";"5,00";"275,00";"261,25";"137,45";"M11";"V23";"C0081"
"V007867";"18-07-2026";"WEB";"Annulee";"P0056";"1";"0,00";"25,00";"25,00";"12,15";"M02";"V05";"C0106"
"V007868";"18-07-2026";"Magasin";"Livree";"P0058";"3";"5,00";"195,00";"185,25";"93,93";"M06";"V12";"C0062"
"V007869";"18-07-2026";"magasin";"Livree";"P0062";"1";"0,00";"130,00";"130,00";"66,13";"M03";"V07";"C0190"
"V007870";"18-07-2026";"Magasin";"LIVREE";"P0025";"1";"0,00";"55,00";"55,00";"32,37";"M20";"V49";"C0025"
"V007871";"18-07-2026";"Magasin";"livree";"P0040";"2";"5,00";"3820,00";"3629,00";"2077,84";"M02";"V04";"C0116"
"V007872";"18-07-2026";"WEB";"EnCours";"P0033";"3";"0,00";"150,00";"150,00";"68,19";"M20";"V49";"C0170"
"V007873";"18-07-2026";"WEB";"livree";"P0051";"2";"0,00";"310,00";"310,00";"155,70";"M16";"V39";"C0030"
"V007874";"18-07-2026";"Magasin";"livree";"P0029";"1";"0,00";"285,00";"285,00";"169,00";"M07";"V15";"C0202"
"V007875";"18-07-2026";"Magasin";"Livree";"P0035";"1";"0,00";"170,00";"170,00";"91,98";"M06";"V13";"C0008"
"V007876";"19-07-2026";"Magasin";"Livree";"P0045";"3";"5,00";"975,00";"926,25";"447,57";"M09";"V18";"C0072"
"V007877";"19-07-2026";"Magasin";"Livree";"P0039";"1";"0,00";"1485,00";"1485,00";"673,51";"M23";"V56";"C0049"
"V007878";"19-07-2026";"Magasin";"Livree";"P0041";"1";"0,00";"2225,00";"2225,00";"1348,70";"M17";"V40";"C0145"
"V007879";"19-07-2026";"magasin";"Livree";"P0042";"2";"0,00";"4090,00";"4090,00";"2473,28";"M03";"V06";"C0058"
"V007880";"19-07-2026";"Magasin";"Livree";"P0060";"1";"0,00";"40,00";"40,00";"20,46";"M10";"V21";"C0078"
"V007881";"19-07-2026";"Magasin";"livree";"P0055";"1";"0,00";"40,00";"40,00";"19,21";"M17";"V40";"C0096"
"V007882";"19-07-2026";"Magasin";"Livree";"P0064";"1";"0,00";"70,00";"70,00";"35,86";"M03";"V07";"C0022"
"V007883";"19-07-2026";"MAGASIN";"Livree";"P0036";"1";"5,00";"105,00";"99,75";"57,91";"M10";"V20";"C0197"
"V007884";"20-07-2026";"Magasin";"EnCours";"P0040";"1";"0,00";"1910,00";"1910,00";"1038,92";"M15";"V34";"C0005"
"V007885";"20-07-2026";"Magasin";"LIVREE";"P0032";"2";"0,00";"380,00";"380,00";"216,36";"M07";"V15";"C0188"
"V007886";"20-07-2026";"Magasin";"Livree";"P0038";"3";"0,00";"690,00";"690,00";"357,96";"M01";"V02";"C0003"
"V007887";"20-07-2026";"MAGASIN";"LIVREE";"P0061";"2";"0,00";"280,00";"280,00";"150,94";"M22";"V54";"C0144"
"V007888";"20-07-2026";"MAGASIN";"Livree";"P0048";"1";"0,00";"1760,00";"1760,00";"945,76";"M15";"V35";"C0204"
"V007889";"20-07-2026";"MAGASIN";"Livree";"P0035";"1";"0,00";"170,00";"170,00";"91,98";"M13";"V30";"C0022"
"V007890";"20-07-2026";"MAGASIN";"Livree";"P0037";"1";"5,00";"230,00";"218,50";"115,95";"M13";"V29";"C0104"
"V007891";"20-07-2026";"Magasin";"LIVREE";"P0061";"2";"0,00";"280,00";"280,00";"150,94";"M20";"V49";"C0028"
"V007892";"20-07-2026";"web";"Livree";"P0057";"1";"0,00";"20,00";"20,00";"10,89";"M16";"V39";"C0128"
"V007893";"20-07-2026";"MAGASIN";"livree";"P0052";"1";"0,00";"135,00";"135,00";"72,51";"M19";"V46";"C0179"
"V007894";"20-07-2026";"Web";"Livree";"P0057";"1";"5,00";"20,00";"19,00";"10,89";"M01";"V01";"C0165"
"V007895";"20-07-2026";"Magasin";"Livree";"P0042";"3";"0,00";"6135,00";"6135,00";"3709,92";"M16";"V37";"C0152"
"V007896";"20-07-2026";"Magasin";"Livree";"P0006";"1";"0,00";"1075,00";"1075,00";"657,19";"M17";"V40";"C0146"
"V007897";"20-07-2026";"web";"LIVREE";"P0034";"2";"0,00";"400,00";"400,00";"236,88";"M23";"V55";"C0015"
"V007898";"20-07-2026";"MAGASIN";"livree";"P0043";"2";"0,00";"4460,00";"4460,00";"2397,94";"M13";"V30";"C0095"
"V007899";"21-07-2026";"MAGASIN";"Livree";"P0023";"1";"0,00";"700,00";"700,00";"404,57";"M12";"V27";"C0213"
"V007900";"21-07-2026";"web";"Livree";"P0063";"3";"0,00";"315,00";"315,00";"174,63";"M11";"V25";"C0112"
"V007901";"21-07-2026";"magasin";"livree";"P0009";"1";"5,00";"505,00";"479,75";"297,17";"M10";"V22";"C0045"
"V007902";"21-07-2026";"Web";"LIVREE";"P0064";"3";"0,00";"210,00";"210,00";"107,58";"M23";"V55";"C0144"
"V007903";"21-07-2026";"Web";"LIVREE";"P0028";"2";"10,00";"260,00";"234,00";"134,52";"M22";"V53";"C0147"
"V007904";"21-07-2026";"MAGASIN";"LIVREE";"P0028";"1";"0,00";"130,00";"130,00";"67,26";"M11";"V23";"C0124"
"V007905";"21-07-2026";"web";"LIVREE";"P0032";"1";"0,00";"190,00";"190,00";"108,18";"M09";"V18";"C0097"
"V007906";"22-07-2026";"web";"Annulee";"P0046";"1";"5,00";"1035,00";"983,25";"615,36";"M05";"V11";"C0129"
"V007907";"22-07-2026";"Web";"livree";"P0053";"2";"0,00";"310,00";"310,00";"166,02";"M09";"V18";"C0207"
"V007908";"22-07-2026";"MAGASIN";"Livree";"P0029";"3";"5,00";"855,00";"812,25";"507,00";"M06";"V12";"C0134"
"V007909";"22-07-2026";"WEB";"Livree";"P0034";"1";"0,00";"200,00";"200,00";"118,44";"M05";"V10";"C0135"
"V007910";"22-07-2026";"web";"Annulee";"P0046";"1";"5,00";"1035,00";"983,25";"615,36";"M12";"V26";"C0034"
"V007911";"22-07-2026";"magasin";"livree";"P0040";"1";"0,00";"1910,00";"1910,00";"1038,92";"M01";"V02";"C0035"
"V007912";"22-07-2026";"magasin";"Livree";"P0040";"3";"0,00";"5730,00";"5730,00";"3116,76";"M24";"V58";"C0194"
"V007913";"23-07-2026";"MAGASIN";"EnCours";"P0063";"1";"0,00";"105,00";"105,00";"58,21";"M10";"V20";"C0083"
"V007914";"23-07-2026";"MAGASIN";"Livree";"P0045";"2";"0,00";"650,00";"650,00";"298,38";"M18";"V44";"C0065"
"V007915";"23-07-2026";"Magasin";"LIVREE";"P0036";"1";"5,00";"105,00";"99,75";"57,91";"M14";"V33";"C0078"
"V007916";"23-07-2026";"Magasin";"EnCours";"P0063";"2";"0,00";"210,00";"210,00";"116,42";"M23";"V56";"C0054"
"V007917";"23-07-2026";"MAGASIN";"Livree";"P0049";"1";"0,00";"1770,00";"1770,00";"798,07";"M12";"V27";"C0035"
"V007918";"23-07-2026";"MAGASIN";"livree";"P0051";"1";"0,00";"155,00";"155,00";"77,85";"M05";"V11";"C0059"
"V007919";"23-07-2026";"Magasin";"LIVREE";"P0033";"2";"10,00";"100,00";"90,00";"45,46";"M11";"V25";"C0056"
"V007920";"23-07-2026";"Magasin";"Livree";"P0025";"1";"0,00";"55,00";"55,00";"32,37";"M13";"V29";"C0108"
"V007921";"23-07-2026";"Magasin";"livree";"P0063";"1";"0,00";"105,00";"105,00";"58,21";"M01";"V03";"C0052"
"V007922";"23-07-2026";"Web";"LIVREE";"P0062";"1";"5,00";"130,00";"123,50";"66,13";"M03";"V07";"C0083"
"V007923";"23-07-2026";"MAGASIN";"Livree";"P0032";"1";"0,00";"190,00";"190,00";"108,18";"M13";"V29";"C0092"
"V007924";"23-07-2026";"Web";"LIVREE";"P0054";"2";"0,00";"320,00";"320,00";"154,88";"M16";"V38";"C0158"
"V007925";"23-07-2026";"Magasin";"Livree";"P0061";"1";"0,00";"140,00";"140,00";"75,47";"M04";"V09";"C0154"
"V007926";"23-07-2026";"Magasin";"Livree";"P0056";"3";"5,00";"75,00";"71,25";"36,45";"M23";"V56";"C0129"
"V007927";"23-07-2026";"WEB";"LIVREE";"P0053";"2";"0,00";"310,00";"310,00";"166,02";"M13";"V30";"C0015"
"V007928";"23-07-2026";"Web";"LIVREE";"P0044";"1";"0,00";"1800,00";"1800,00";"1053,21";"M08";"V17";"C0124"
"V007929";"23-07-2026";"Magasin";"livree";"P0047";"1";"0,00";"1665,00";"1665,00";"1004,07";"M13";"V30";"C0172"
"V007930";"23-07-2026";"Web";"Livree";"P0042";"1";"0,00";"2045,00";"2045,00";"1236,64";"M03";"V07";"C0020"
"V007931";"23-07-2026";"Magasin";"Livree";"P0036";"1";"0,00";"105,00";"105,00";"57,91";"M07";"V15";"C0191"
"V007932";"23-07-2026";"web";"Livree";"P0031";"1";"0,00";"150,00";"150,00";"92,24";"M22";"V54";"C0103"
"V007933";"24-07-2026";"Magasin";"LIVREE";"P0055";"1";"5,00";"40,00";"38,00";"19,21";"M22";"V54";"C0134"
"V007934";"24-07-2026";"Magasin";"LIVREE";"P0063";"1";"0,00";"105,00";"105,00";"58,21";"M08";"V16";"C0035"
"V007935";"24-07-2026";"Web";"LIVREE";"P0057";"1";"10,00";"20,00";"18,00";"10,89";"M15";"V34";"C0181"
"V007936";"24-07-2026";"Web";"Livree";"P0051";"3";"0,00";"465,00";"465,00";"233,55";"M08";"V16";"C0055"
"V007937";"24-07-2026";"Magasin";"Livree";"P0019";"2";"0,00";"1070,00";"1070,00";"614,96";"M04";"V08";"C0032"
"V007938";"25-07-2026";"MAGASIN";"LIVREE";"P0022";"1";"0,00";"430,00";"430,00";"205,70";"M04";"V08";"C0118"
"V007939";"25-07-2026";"MAGASIN";"Livree";"P0061";"1";"0,00";"140,00";"140,00";"75,47";"M14";"V32";"C0070"
"V007940";"25-07-2026";"Magasin";"LIVREE";"P0044";"1";"0,00";"1800,00";"1800,00";"1053,21";"M04";"V09";"C0158"
"V007941";"25-07-2026";"Magasin";"Livree";"P0042";"1";"0,00";"2045,00";"2045,00";"1236,64";"M15";"V34";"C0056"
"V007942";"25-07-2026";"WEB";"Livree";"P0041";"1";"0,00";"2225,00";"2225,00";"1348,70";"M15";"V35";"C0158"
"V007943";"25-07-2026";"Magasin";"LIVREE";"P0026";"2";"0,00";"550,00";"550,00";"274,90";"M13";"V30";"C0122"
"V007944";"25-07-2026";"WEB";"livree";"P0064";"2";"0,00";"140,00";"140,00";"71,72";"M17";"V41";"C0195"
"V007945";"25-07-2026";"Magasin";"Livree";"P0046";"3";"0,00";"3105,00";"3105,00";"1846,08";"M08";"V16";"C0205"
"V007946";"25-07-2026";"Web";"Livree";"P0039";"1";"0,00";"1485,00";"1485,00";"673,51";"M08";"V16";"C0126"
"V007947";"25-07-2026";"Magasin";"LIVREE";"P0056";"1";"0,00";"25,00";"25,00";"12,15";"M01";"V02";"C0192"
"V007948";"26-07-2026";"MAGASIN";"Livree";"P0056";"2";"0,00";"50,00";"50,00";"24,30";"M07";"V15";"C0187"
"V007949";"26-07-2026";"MAGASIN";"Livree";"P0061";"1";"10,00";"140,00";"126,00";"75,47";"M24";"V57";"C0218"
"V007950";"26-07-2026";"Magasin";"Livree";"P0039";"1";"5,00";"1485,00";"1410,75";"673,51";"M02";"V04";"C0133"
"V007951";"26-07-2026";"Magasin";"Livree";"P0028";"4";"0,00";"520,00";"520,00";"269,04";"M24";"V58";"C0117"
"V007952";"26-07-2026";"web";"Livree";"P0015";"2";"10,00";"1100,00";"990,00";"611,50";"M23";"V55";"C0040"
"V007953";"26-07-2026";"magasin";"EnCours";"P0029";"1";"0,00";"285,00";"285,00";"169,00";"M24";"V57";"C0104"
"V007954";"26-07-2026";"magasin";"LIVREE";"P0061";"2";"0,00";"280,00";"280,00";"150,94";"M02";"V05";"C0147"
"V007955";"26-07-2026";"Web";"Livree";"P0054";"2";"0,00";"320,00";"320,00";"154,88";"M21";"V51";"C0046"
"V007956";"26-07-2026";"Magasin";"Livree";"P0057";"2";"5,00";"40,00";"38,00";"21,78";"M24";"V58";"C0071"
"V007957";"27-07-2026";"WEB";"LIVREE";"P0033";"1";"0,00";"50,00";"50,00";"22,73";"M05";"V11";"C0053"
"V007958";"27-07-2026";"Magasin";"Livree";"P0022";"3";"0,00";"1290,00";"1290,00";"617,10";"M21";"V52";"C0131"
"V007959";"27-07-2026";"MAGASIN";"Livree";"P0045";"1";"0,00";"325,00";"325,00";"149,19";"M24";"V58";"C0165"
"V007960";"27-07-2026";"magasin";"Livree";"P0064";"4";"5,00";"280,00";"266,00";"143,44";"M08";"V16";"C0080"
"V007961";"27-07-2026";"MAGASIN";"Livree";"P0051";"2";"0,00";"310,00";"310,00";"155,70";"M04";"V08";"C0144"
"V007962";"27-07-2026";"Magasin";"encours";"P0048";"2";"0,00";"3520,00";"3520,00";"1891,52";"M25";"V60";"C0092"
"V007963";"27-07-2026";"magasin";"EnCours";"P0058";"4";"5,00";"260,00";"247,00";"125,24";"M01";"V01";"C0156"
"V007964";"27-07-2026";"web";"Livree";"P0035";"1";"10,00";"170,00";"153,00";"91,98";"M11";"V24";"C0071"
"V007965";"27-07-2026";"Magasin";"Livree";"P0027";"3";"0,00";"660,00";"660,00";"319,98";"M01";"V01";"C0022"
"V007966";"27-07-2026";"Magasin";"encours";"P0040";"4";"5,00";"7640,00";"7258,00";"4155,68";"M06";"V12";"C0144"
"V007967";"27-07-2026";"magasin";"livree";"P0061";"1";"0,00";"140,00";"140,00";"75,47";"M15";"V36";"C0065"
"V007968";"28-07-2026";"Web";"Livree";"P0050";"2";"10,00";"460,00";"414,00";"231,66";"M21";"V51";"C0084"
"V007969";"28-07-2026";"MAGASIN";"Livree";"P0055";"3";"0,00";"120,00";"120,00";"57,63";"M06";"V12";"C0124"
"V007970";"28-07-2026";"WEB";"Livree";"P0022";"1";"10,00";"430,00";"387,00";"205,70";"M25";"V59";"C0195"
"V007971";"28-07-2026";"magasin";"Livree";"P0064";"1";"0,00";"70,00";"70,00";"35,86";"M07";"V15";"C0064"
"V007972";"28-07-2026";"magasin";"livree";"P0051";"2";"0,00";"310,00";"310,00";"155,70";"M21";"V52";"C0075"
"V007973";"28-07-2026";"Magasin";"Livree";"P0061";"1";"0,00";"140,00";"140,00";"75,47";"M12";"V28";"C0186"
"V007974";"28-07-2026";"magasin";"Livree";"P0048";"1";"5,00";"1760,00";"1672,00";"945,76";"M07";"V14";"C0205"
"V007975";"28-07-2026";"magasin";"livree";"P0031";"1";"0,00";"150,00";"150,00";"92,24";"M17";"V41";"C0116"
"V007976";"28-07-2026";"Magasin";"LIVREE";"P0023";"2";"0,00";"1400,00";"1400,00";"809,14";"M19";"V45";"C0078"
"V007977";"28-07-2026";"Magasin";"LIVREE";"P0037";"2";"5,00";"460,00";"437,00";"231,90";"M17";"V40";"C0047"
"V007978";"28-07-2026";"Web";"livree";"P0046";"2";"0,00";"2070,00";"2070,00";"1230,72";"M24";"V58";"C0219"
"V007979";"29-07-2026";"Magasin";"LIVREE";"P0058";"1";"0,00";"65,00";"65,00";"31,31";"M16";"V37";"C0215"
"V007980";"29-07-2026";"Web";"Livree";"P0040";"1";"5,00";"1910,00";"1814,50";"1038,92";"M02";"V05";"C0017"
"V007981";"29-07-2026";"Magasin";"Livree";"P0052";"1";"0,00";"135,00";"135,00";"72,51";"M02";"V04";"C0209"
"V007982";"29-07-2026";"web";"LIVREE";"P0063";"2";"0,00";"210,00";"210,00";"116,42";"M23";"V55";"C0017"
"V007983";"29-07-2026";"Magasin";"LIVREE";"P0044";"1";"0,00";"1800,00";"1800,00";"1053,21";"M02";"V05";"C0202"
"V007984";"29-07-2026";"Magasin";"Livree";"P0060";"1";"0,00";"40,00";"40,00";"20,46";"M13";"V31";"C0129"
"V007985";"29-07-2026";"Web";"Annulee";"P0058";"2";"5,00";"130,00";"123,50";"62,62";"M23";"V55";"C0025"
"V007986";"29-07-2026";"Magasin";"encours";"P0052";"3";"0,00";"405,00";"405,00";"217,53";"M03";"V07";"C0069"
"V007987";"29-07-2026";"magasin";"encours";"P0037";"1";"0,00";"230,00";"230,00";"115,95";"M10";"V22";"C0212"
"V007988";"29-07-2026";"MAGASIN";"LIVREE";"P0036";"1";"0,00";"105,00";"105,00";"57,91";"M25";"V60";"C0107"
"V007989";"30-07-2026";"MAGASIN";"livree";"P0051";"1";"5,00";"155,00";"147,25";"77,85";"M03";"V07";"C0220"
"V007990";"30-07-2026";"Web";"Livree";"P0060";"2";"0,00";"80,00";"80,00";"40,92";"M12";"V27";"C0123"
"V007991";"30-07-2026";"WEB";"encours";"P0027";"1";"0,00";"220,00";"220,00";"106,66";"M11";"V25";"C0129"
"V007992";"30-07-2026";"WEB";"Livree";"P0060";"2";"0,00";"80,00";"80,00";"40,92";"M03";"V07";"C0170"
"V007993";"30-07-2026";"Magasin";"EnCours";"P0052";"2";"10,00";"270,00";"243,00";"145,02";"M17";"V40";"C0079"
"V007994";"30-07-2026";"Magasin";"livree";"P0041";"1";"0,00";"2225,00";"2225,00";"1348,70";"M13";"V29";"C0084"
"V007995";"31-07-2026";"WEB";"livree";"P0058";"1";"5,00";"65,00";"61,75";"31,31";"M06";"V13";"C0044"
"V007996";"31-07-2026";"magasin";"Livree";"P0038";"3";"0,00";"690,00";"690,00";"357,96";"M25";"V59";"C0091"
"V007997";"31-07-2026";"MAGASIN";"Livree";"P0057";"2";"5,00";"40,00";"38,00";"21,78";"M14";"V33";"C0128"
"V007998";"31-07-2026";"MAGASIN";"LIVREE";"P0047";"1";"0,00";"1665,00";"1665,00";"1004,07";"M12";"V27";"C0014"
"V007999";"31-07-2026";"magasin";"Livree";"P0045";"3";"5,00";"975,00";"926,25";"447,57";"M05";"V11";"C0203"
"V008000";"31-07-2026";"Web";"LIVREE";"P0038";"4";"0,00";"920,00";"920,00";"477,28";"M18";"V43";"C0118"
